prefcode,building_type,building_count,avg_area_sqm,min_area_sqm,max_area_sqm,small_buildings,medium_buildings,large_buildings,extra_large_buildings,small_percent,medium_percent,large_percent,extra_large_percent
1,yes,2606079,123.39,0.04,232189.49,1648398,893495,40808,23378,63.25,34.29,1.57,0.9
1,greenhouse,33730,281.56,5.12,70909.37,3502,28014,1970,244,10.38,83.05,5.84,0.72
1,house,16825,102.69,2.63,8838.58,10076,6711,30,8,59.89,39.89,0.18,0.05
1,apartments,11478,404.39,3.45,4443.49,402,7998,2505,573,3.5,69.68,21.82,4.99
1,residential,3359,114.97,2.42,2686.04,1884,1443,23,9,56.09,42.96,0.68,0.27
1,retail,2489,1290.77,6.68,69962.47,204,1309,285,691,8.2,52.59,11.45,27.76
1,school,1471,1918.54,7.84,10506.2,224,145,167,935,15.23,9.86,11.35,63.56
1,storage_tank,1405,565.71,2.09,5915.32,653,520,88,144,46.48,37.01,6.26,10.25
1,detached,1399,107.65,15.33,486.29,718,681,0,0,51.32,48.68,0.0,0.0
1,roof,1061,252.48,1.24,4519.32,570,374,57,60,53.72,35.25,5.37,5.66
1,industrial,942,2022.13,5.18,105879.0,177,345,127,293,18.79,36.62,13.48,31.1
1,garage,926,80.1,0.74,13877.18,816,85,16,9,88.12,9.18,1.73,0.97
1,commercial,765,1004.94,6.48,54601.97,62,404,113,186,8.1,52.81,14.77,24.31
1,shed,764,23.5,0.61,305.34,714,50,0,0,93.46,6.54,0.0,0.0
1,warehouse,602,987.15,3.2,33123.45,155,281,53,113,25.75,46.68,8.8,18.77
1,public,449,1092.86,11.47,13976.51,58,113,110,168,12.92,25.17,24.5,37.42
1,office,434,684.31,7.05,4969.33,23,228,95,88,5.3,52.53,21.89,20.28
1,hotel,429,1329.3,15.45,18932.8,8,157,106,158,1.86,36.6,24.71,36.83
1,university,421,916.01,3.77,6615.24,68,108,119,126,16.15,25.65,28.27,29.93
1,hospital,419,2026.68,17.44,14587.25,7,99,59,254,1.67,23.63,14.08,60.62
1,silo,376,27.34,1.65,326.39,367,9,0,0,97.61,2.39,0.0,0.0
1,train_station,341,544.48,7.07,19815.13,157,119,29,36,46.04,34.9,8.5,10.56
1,temple,249,656.16,19.7,3262.58,23,94,80,52,9.24,37.75,32.13,20.88
1,kindergarten,222,760.21,5.64,2381.04,5,49,114,54,2.25,22.07,51.35,24.32
1,stable,204,377.56,32.64,1287.4,4,156,37,7,1.96,76.47,18.14,3.43
1,barn,180,240.09,5.99,8075.5,45,127,7,1,25.0,70.56,3.89,0.56
1,hut,155,34.46,4.5,944.22,150,4,1,0,96.77,2.58,0.65,0.0
1,bungalow,113,46.77,13.92,237.71,94,19,0,0,83.19,16.81,0.0,0.0
1,terrace,91,206.02,56.55,483.9,6,85,0,0,6.59,93.41,0.0,0.0
1,construction,91,503.76,20.86,3907.71,22,44,13,12,24.18,48.35,14.29,13.19
1,garages,86,367.4,12.08,3184.84,22,45,13,6,25.58,52.33,15.12,6.98
1,farm_auxiliary,86,516.91,5.44,3359.66,19,34,24,9,22.09,39.53,27.91,10.47
1,farm,79,216.91,24.06,3502.64,23,55,0,1,29.11,69.62,0.0,1.27
1,parking,67,1552.95,55.89,6994.74,8,9,10,40,11.94,13.43,14.93,59.7
1,hangar,64,1005.37,3.81,17073.52,4,16,36,8,6.25,25.0,56.25,12.5
1,church,53,328.07,73.55,989.46,3,42,8,0,5.66,79.25,15.09,0.0
1,shrine,52,273.85,5.97,2076.49,25,20,3,4,48.08,38.46,5.77,7.69
1,civic,50,983.46,60.02,4719.38,2,25,7,16,4.0,50.0,14.0,32.0
1,college,46,1096.37,17.44,5748.89,3,8,21,14,6.52,17.39,45.65,30.43
1,carport,45,33.3,9.47,170.52,41,4,0,0,91.11,8.89,0.0,0.0
1,supermarket,42,3713.77,377.93,23935.22,0,2,2,38,0.0,4.76,4.76,90.48
1,dormitory,41,1001.51,35.15,3790.93,2,12,14,13,4.88,29.27,34.15,31.71
1,toilets,40,61.75,5.27,603.65,38,1,1,0,95.0,2.5,2.5,0.0
1,shop,40,183.03,40.05,1253.15,12,26,1,1,30.0,65.0,2.5,2.5
1,cowshed,38,1872.57,171.38,5958.99,0,4,4,30,0.0,10.53,10.53,78.95
1,bridge,38,191.26,8.63,1529.67,18,17,1,2,47.37,44.74,2.63,5.26
1,service,38,84.82,4.81,1535.41,34,3,0,1,89.47,7.89,0.0,2.63
1,ruins,35,999.86,33.29,14679.02,6,11,8,10,17.14,31.43,22.86,28.57
1,government,29,1387.1,206.92,4056.93,0,8,8,13,0.0,27.59,27.59,44.83
1,gasometer,28,1122.84,25.21,5527.17,2,9,13,4,7.14,32.14,46.43,14.29
1,fire_station,22,590.76,67.9,2159.27,4,7,7,4,18.18,31.82,31.82,18.18
1,bunker,21,257.87,80.06,864.11,2,17,2,0,9.52,80.95,9.52,0.0
1,sports_hall,19,2329.45,631.14,16188.54,0,0,3,16,0.0,0.0,15.79,84.21
1,transportation,17,7639.53,90.49,55101.28,1,2,3,11,5.88,11.76,17.65,64.71
1,restaurant,16,243.5,80.93,517.9,2,13,1,0,12.5,81.25,6.25,0.0
1,post_office,16,719.69,131.97,3986.92,0,10,3,3,0.0,62.5,18.75,18.75
1,stadium,13,6863.12,126.72,44416.82,0,2,1,10,0.0,15.38,7.69,76.92
1,bank,11,392.55,255.89,811.43,0,10,1,0,0.0,90.91,9.09,0.0
1,monastery,10,328.31,15.64,1431.98,3,5,1,1,30.0,50.0,10.0,10.0
1,pharmacy,10,136.86,81.63,406.8,3,7,0,0,30.0,70.0,0.0,0.0
1,cabin,10,109.78,16.56,219.11,3,7,0,0,30.0,70.0,0.0,0.0
1,manufacture,9,3218.08,366.4,15525.21,0,1,5,3,0.0,11.11,55.56,33.33
1,chapel,9,379.51,153.62,938.38,0,6,3,0,0.0,66.67,33.33,0.0
1,grandstand,8,3838.18,1632.05,9469.93,0,0,0,8,0.0,0.0,0.0,100.0
1,museum,7,1246.01,131.72,4823.27,0,4,1,2,0.0,57.14,14.29,28.57
1,dining,6,221.76,72.68,391.36,2,4,0,0,33.33,66.67,0.0,0.0
1,no,6,4164.84,362.25,15680.09,0,1,1,4,0.0,16.67,16.67,66.67
1,cafe,5,230.66,97.46,487.23,1,4,0,0,20.0,80.0,0.0,0.0
1,static_caravan,4,48.7,31.19,61.44,4,0,0,0,100.0,0.0,0.0,0.0
1,kiosk,4,7.54,4.59,11.55,4,0,0,0,100.0,0.0,0.0,0.0
1,electricity,4,161.0,53.13,377.05,2,2,0,0,50.0,50.0,0.0,0.0
1,police,4,237.35,53.19,757.41,3,0,1,0,75.0,0.0,25.0,0.0
1,convenience,3,220.35,207.41,237.36,0,3,0,0,0.0,100.0,0.0,0.0
1,community_centre,3,438.54,325.51,519.88,0,2,1,0,0.0,66.67,33.33,0.0
1,funeral_hall,3,1161.08,814.36,1614.86,0,0,1,2,0.0,0.0,33.33,66.67
1,Sento,2,331.68,329.54,333.81,0,2,0,0,0.0,100.0,0.0,0.0
1,military,2,654.85,131.57,1178.12,0,1,0,1,0.0,50.0,0.0,50.0
1,entrance,2,95.45,49.96,140.94,1,1,0,0,50.0,50.0,0.0,0.0
1,jinja,2,569.16,72.74,1065.57,1,0,0,1,50.0,0.0,0.0,50.0
1,bar,2,33.36,31.34,35.38,2,0,0,0,100.0,0.0,0.0,0.0
1,public_building,2,1974.16,1045.99,2902.33,0,0,0,2,0.0,0.0,0.0,100.0
1,sty,2,738.03,340.59,1135.46,0,1,0,1,0.0,50.0,0.0,50.0
1,pub,1,97.35,97.35,97.35,1,0,0,0,100.0,0.0,0.0,0.0
1,mosque,1,82.4,82.4,82.4,1,0,0,0,100.0,0.0,0.0,0.0
1,sentoh,1,111.29,111.29,111.29,0,1,0,0,0.0,100.0,0.0,0.0
1,sentou,1,440.61,440.61,440.61,0,1,0,0,0.0,100.0,0.0,0.0
1,disused,1,154.5,154.5,154.5,0,1,0,0,0.0,100.0,0.0,0.0
1,government_office,1,57.48,57.48,57.48,1,0,0,0,100.0,0.0,0.0,0.0
1,clinic,1,197.65,197.65,197.65,0,1,0,0,0.0,100.0,0.0,0.0
1,ge,1,157.32,157.32,157.32,0,1,0,0,0.0,100.0,0.0,0.0
1,coffee_shop,1,275.13,275.13,275.13,0,1,0,0,0.0,100.0,0.0,0.0
1,sports_centre,1,1767.87,1767.87,1767.87,0,0,0,1,0.0,0.0,0.0,100.0
1,control_tower,1,149.19,149.19,149.19,0,1,0,0,0.0,100.0,0.0,0.0
1,furniture,1,4393.68,4393.68,4393.68,0,0,0,1,0.0,0.0,0.0,100.0
1,fast_food,1,269.28,269.28,269.28,0,1,0,0,0.0,100.0,0.0,0.0
1,mall,1,11004.89,11004.89,11004.89,0,0,0,1,0.0,0.0,0.0,100.0
1,lighthouse,1,31.5,31.5,31.5,1,0,0,0,100.0,0.0,0.0,0.0
1,駐輪場,1,4.23,4.23,4.23,1,0,0,0,100.0,0.0,0.0,0.0
1,supermaket,1,778.44,778.44,778.44,0,0,1,0,0.0,0.0,100.0,0.0
1,electronics,1,13209.41,13209.41,13209.41,0,0,0,1,0.0,0.0,0.0,100.0
1,Onsen,1,1664.07,1664.07,1664.07,0,0,0,1,0.0,0.0,0.0,100.0
1,tent,1,187.15,187.15,187.15,0,1,0,0,0.0,100.0,0.0,0.0
1,allotment_house,1,247.0,247.0,247.0,0,1,0,0,0.0,100.0,0.0,0.0
1,amenity,1,2128.84,2128.84,2128.84,0,0,0,1,0.0,0.0,0.0,100.0
1,tower,1,70.07,70.07,70.07,1,0,0,0,100.0,0.0,0.0,0.0
1,hotel;yes,1,2171.76,2171.76,2171.76,0,0,0,1,0.0,0.0,0.0,100.0
1,bus_station,1,888.63,888.63,888.63,0,0,1,0,0.0,0.0,100.0,0.0
1,home,1,127.73,127.73,127.73,0,1,0,0,0.0,100.0,0.0,0.0
1,healthcare,1,535.92,535.92,535.92,0,0,1,0,0.0,0.0,100.0,0.0
1,was,1,372.93,372.93,372.93,0,1,0,0,0.0,100.0,0.0,0.0
1,wayside_shrine,1,4.04,4.04,4.04,1,0,0,0,100.0,0.0,0.0,0.0
1,Accommodation/Maintenance,1,310.15,310.15,310.15,0,1,0,0,0.0,100.0,0.0,0.0
1,re,1,303.87,303.87,303.87,0,1,0,0,0.0,100.0,0.0,0.0
10,yes,71585,211.16,0.41,89443.06,41026,25717,2407,2435,57.31,35.93,3.36,3.4
10,house,16547,109.81,6.43,3186.18,8471,8059,13,4,51.19,48.7,0.08,0.02
10,carport,1735,27.29,3.88,596.83,1712,22,1,0,98.67,1.27,0.06,0.0
10,apartments,1648,271.45,7.92,2338.76,123,1341,163,21,7.46,81.37,9.89,1.27
10,detached,1344,119.9,23.1,588.5,510,833,1,0,37.95,61.98,0.07,0.0
10,industrial,1127,2562.88,9.98,61483.34,130,393,176,428,11.54,34.87,15.62,37.98
10,retail,970,1205.14,8.86,55586.74,146,457,131,236,15.05,47.11,13.51,24.33
10,roof,958,160.61,2.53,4192.97,627,262,44,25,65.45,27.35,4.59,2.61
10,shed,807,31.39,1.59,1520.15,778,27,1,1,96.41,3.35,0.12,0.12
10,residential,661,126.73,18.83,1580.83,320,332,5,4,48.41,50.23,0.76,0.61
10,greenhouse,658,313.03,10.93,3364.24,127,457,29,45,19.3,69.45,4.41,6.84
10,school,517,908.97,13.35,7518.48,45,155,147,170,8.7,29.98,28.43,32.88
10,garage,384,97.79,6.43,3801.91,307,68,5,4,79.95,17.71,1.3,1.04
10,commercial,279,736.54,15.35,10892.12,36,165,28,50,12.9,59.14,10.04,17.92
10,farm_auxiliary,271,420.21,7.83,3859.37,98,106,21,46,36.16,39.11,7.75,16.97
10,warehouse,226,3001.86,8.8,31276.06,41,62,30,93,18.14,27.43,13.27,41.15
10,no,191,15828.51,98.41,273481.33,1,9,14,167,0.52,4.71,7.33,87.43
10,terrace,147,72.82,38.68,370.46,130,17,0,0,88.44,11.56,0.0,0.0
10,hospital,109,1704.62,24.5,10398.91,4,24,24,57,3.67,22.02,22.02,52.29
10,university,71,1046.06,87.47,3502.54,1,19,24,27,1.41,26.76,33.8,38.03
10,train_station,67,875.98,12.14,14320.51,15,35,5,12,22.39,52.24,7.46,17.91
10,hut,62,24.28,2.27,86.43,62,0,0,0,100.0,0.0,0.0,0.0
10,hotel,57,873.09,103.66,3466.29,0,23,13,21,0.0,40.35,22.81,36.84
10,office,57,727.68,20.36,7618.27,9,26,8,14,15.79,45.61,14.04,24.56
10,civic,48,981.85,73.93,2805.92,2,13,10,23,4.17,27.08,20.83,47.92
10,cabin,43,125.51,26.93,276.56,12,31,0,0,27.91,72.09,0.0,0.0
10,public,35,1332.25,62.91,7117.67,2,13,4,16,5.71,37.14,11.43,45.71
10,kindergarten,34,640.56,39.18,1797.28,3,12,12,7,8.82,35.29,35.29,20.59
10,temple,33,312.83,6.14,1191.63,9,16,7,1,27.27,48.48,21.21,3.03
10,bungalow,29,34.77,16.16,69.52,29,0,0,0,100.0,0.0,0.0,0.0
10,garages,27,292.29,40.83,1035.36,5,16,5,1,18.52,59.26,18.52,3.7
10,parking,19,2734.44,110.16,4729.38,0,1,1,17,0.0,5.26,5.26,89.47
10,sty,19,289.41,83.16,616.39,2,11,6,0,10.53,57.89,31.58,0.0
10,shrine,17,128.36,16.46,489.32,11,6,0,0,64.71,35.29,0.0,0.0
10,farm,13,201.08,97.09,348.1,1,12,0,0,7.69,92.31,0.0,0.0
10,barn,13,1266.01,61.56,13296.54,2,7,3,1,15.38,53.85,23.08,7.69
10,allotment_house,12,178.3,122.13,277.26,0,12,0,0,0.0,100.0,0.0,0.0
10,container,10,39.48,39.45,39.58,10,0,0,0,100.0,0.0,0.0,0.0
10,gate,10,64.02,13.52,163.6,9,1,0,0,90.0,10.0,0.0,0.0
10,stadium,10,3513.84,895.0,8721.5,0,0,2,8,0.0,0.0,20.0,80.0
10,transportation,9,1270.04,361.14,4449.06,0,3,1,5,0.0,33.33,11.11,55.56
10,church,8,187.28,54.11,621.33,2,5,1,0,25.0,62.5,12.5,0.0
10,ruins,6,183.79,25.93,420.62,3,3,0,0,50.0,50.0,0.0,0.0
10,cowshed,6,758.12,315.09,1476.05,0,1,3,2,0.0,16.67,50.0,33.33
10,abandoned,6,461.28,66.54,2137.8,3,2,0,1,50.0,33.33,0.0,16.67
10,sports_hall,5,1561.77,960.9,2658.48,0,0,1,4,0.0,0.0,20.0,80.0
10,dormitory,5,415.18,281.14,496.8,0,5,0,0,0.0,100.0,0.0,0.0
10,stable,3,224.59,70.72,379.12,1,2,0,0,33.33,66.67,0.0,0.0
10,works,3,1681.96,74.31,4635.72,1,1,0,1,33.33,33.33,0.0,33.33
10,toilets,3,88.38,20.66,189.45,2,1,0,0,66.67,33.33,0.0,0.0
10,supermarket,2,3085.05,2797.87,3372.22,0,0,0,2,0.0,0.0,0.0,100.0
10,shop,2,553.51,18.43,1088.59,1,0,0,1,50.0,0.0,0.0,50.0
10,post_office,2,168.89,163.76,174.02,0,2,0,0,0.0,100.0,0.0,0.0
10,fire_station,2,599.4,422.06,776.73,0,1,1,0,0.0,50.0,50.0,0.0
10,grandstand,2,1592.36,780.82,2403.89,0,0,1,1,0.0,0.0,50.0,50.0
10,hangar,2,155.08,142.45,167.7,0,2,0,0,0.0,100.0,0.0,0.0
10,college,2,1651.47,595.38,2707.55,0,0,1,1,0.0,0.0,50.0,50.0
10,religious,1,175.32,175.32,175.32,0,1,0,0,0.0,100.0,0.0,0.0
10,gymnasium,1,5250.74,5250.74,5250.74,0,0,0,1,0.0,0.0,0.0,100.0
10,gatehouse,1,70.29,70.29,70.29,1,0,0,0,100.0,0.0,0.0,0.0
10,shelter,1,17.77,17.77,17.77,1,0,0,0,100.0,0.0,0.0,0.0
10,2,1,266.26,266.26,266.26,0,1,0,0,0.0,100.0,0.0,0.0
10,silo,1,34.06,34.06,34.06,1,0,0,0,100.0,0.0,0.0,0.0
10,convenience,1,190.35,190.35,190.35,0,1,0,0,0.0,100.0,0.0,0.0
10,static_caravan,1,18.72,18.72,18.72,1,0,0,0,100.0,0.0,0.0,0.0
10,kiosk,1,18.09,18.09,18.09,1,0,0,0,100.0,0.0,0.0,0.0
10,boathouse,1,171.28,171.28,171.28,0,1,0,0,0.0,100.0,0.0,0.0
10,construction,1,3199.58,3199.58,3199.58,0,0,0,1,0.0,0.0,0.0,100.0
10,leisure,1,97.65,97.65,97.65,1,0,0,0,100.0,0.0,0.0,0.0
10,place_of_worship,1,541.75,541.75,541.75,0,0,1,0,0.0,0.0,100.0,0.0
10,police,1,1134.83,1134.83,1134.83,0,0,0,1,0.0,0.0,0.0,100.0
11,yes,886761,117.61,0.02,96874.59,651456,214211,11862,9232,73.46,24.16,1.34,1.04
11,house,34784,84.89,1.0,2685.05,26485,8221,53,25,76.14,23.63,0.15,0.07
11,apartments,11643,345.73,3.01,36156.96,1192,8241,1720,490,10.24,70.78,14.77,4.21
11,detached,6796,79.85,2.26,467.62,5452,1344,0,0,80.22,19.78,0.0,0.0
11,retail,4751,816.26,4.74,45489.2,983,2453,552,763,20.69,51.63,11.62,16.06
11,greenhouse,3012,303.44,2.7,9329.71,769,1848,207,188,25.53,61.35,6.87,6.24
11,residential,2934,127.64,3.05,4562.05,1865,981,67,21,63.57,33.44,2.28,0.72
11,roof,2327,189.97,1.06,30262.87,1651,507,94,75,70.95,21.79,4.04,3.22
11,commercial,1486,406.84,7.26,23550.54,375,874,137,100,25.24,58.82,9.22,6.73
11,school,1475,894.39,2.57,8329.83,263,355,335,522,17.83,24.07,22.71,35.39
11,warehouse,1224,902.37,2.09,57528.31,907,143,49,125,74.1,11.68,4.0,10.21
11,industrial,1209,1877.52,1.76,92579.22,174,444,215,376,14.39,36.72,17.78,31.1
11,kindergarten,594,506.94,26.13,2580.25,26,316,205,47,4.38,53.2,34.51,7.91
11,office,546,409.48,12.38,14150.65,84,335,91,36,15.38,61.36,16.67,6.59
11,garage,518,91.3,3.9,3519.02,429,71,13,5,82.82,13.71,2.51,0.97
11,temple,414,304.57,1.77,2456.86,94,251,60,9,22.71,60.63,14.49,2.17
11,carport,349,26.93,3.93,752.68,345,2,2,0,98.85,0.57,0.57,0.0
11,shed,320,34.2,0.85,1890.12,303,16,0,1,94.69,5.0,0.0,0.31
11,hospital,294,1307.1,31.48,13706.27,12,116,51,115,4.08,39.46,17.35,39.12
11,shrine,293,83.28,2.34,937.41,211,79,3,0,72.01,26.96,1.02,0.0
11,public,251,963.31,20.76,9750.49,59,77,41,74,23.51,30.68,16.33,29.48
11,university,251,1223.34,8.83,16611.71,20,54,67,110,7.97,21.51,26.69,43.82
11,parking,234,1050.27,31.19,11858.01,40,77,34,83,17.09,32.91,14.53,35.47
11,barn,216,95.85,4.57,380.79,125,91,0,0,57.87,42.13,0.0,0.0
11,civic,173,623.1,29.63,3296.97,19,92,26,36,10.98,53.18,15.03,20.81
11,train_station,146,1291.97,7.13,14969.57,25,39,16,66,17.12,26.71,10.96,45.21
11,sports_hall,126,1341.89,481.55,10786.97,0,1,60,65,0.0,0.79,47.62,51.59
11,hotel,61,660.61,68.32,5079.51,1,38,14,8,1.64,62.3,22.95,13.11
11,service,49,222.58,6.89,2400.26,30,14,2,3,61.22,28.57,4.08,6.12
11,no,48,23275.57,67.96,285065.74,2,6,3,37,4.17,12.5,6.25,77.08
11,ruins,43,200.92,17.04,1341.84,16,24,2,1,37.21,55.81,4.65,2.33
11,hut,38,39.09,2.84,135.18,35,3,0,0,92.11,7.89,0.0,0.0
11,dormitory,38,833.74,203.09,3059.68,0,16,11,11,0.0,42.11,28.95,28.95
11,transportation,34,1181.87,15.14,8511.57,3,17,5,9,8.82,50.0,14.71,26.47
11,college,27,439.17,61.83,4000.77,2,19,5,1,7.41,70.37,18.52,3.7
11,garages,27,639.11,27.56,4807.27,6,14,2,5,22.22,51.85,7.41,18.52
11,hangar,26,1149.7,10.06,5855.06,9,9,0,8,34.62,34.62,0.0,30.77
11,farm_auxiliary,25,312.88,34.01,1384.88,8,13,1,3,32.0,52.0,4.0,12.0
11,supermarket,22,2244.85,27.18,5320.06,1,3,0,18,4.55,13.64,0.0,81.82
11,church,22,293.64,62.41,1217.25,4,15,2,1,18.18,68.18,9.09,4.55
11,construction,22,761.14,32.5,5309.23,6,11,1,4,27.27,50.0,4.55,18.18
11,grandstand,18,1315.47,24.39,4978.42,3,4,3,8,16.67,22.22,16.67,44.44
11,storage_tank,17,353.5,6.76,1517.93,10,2,4,1,58.82,11.76,23.53,5.88
11,terrace,15,144.84,69.25,291.61,7,8,0,0,46.67,53.33,0.0,0.0
11,fire_station,15,440.92,27.64,1157.24,4,5,5,1,26.67,33.33,33.33,6.67
11,cabin,12,99.38,15.32,668.45,10,1,1,0,83.33,8.33,8.33,0.0
11,government,10,1334.04,587.01,2207.31,0,0,3,7,0.0,0.0,30.0,70.0
11,sports_centre,10,1294.76,41.91,3465.8,2,1,2,5,20.0,10.0,20.0,50.0
11,toilets,8,27.37,9.94,42.1,8,0,0,0,100.0,0.0,0.0,0.0
11,container,8,236.47,77.5,370.14,2,6,0,0,25.0,75.0,0.0,0.0
11,sty,7,518.9,235.89,1214.22,0,4,2,1,0.0,57.14,28.57,14.29
11,manufacture,7,1281.43,86.35,4660.33,1,2,1,3,14.29,28.57,14.29,42.86
11,gatehouse,6,66.64,21.7,139.41,5,1,0,0,83.33,16.67,0.0,0.0
11,allotment_house,5,107.71,42.25,162.91,2,3,0,0,40.0,60.0,0.0,0.0
11,railway,5,1336.32,110.34,3760.54,0,3,0,2,0.0,60.0,0.0,40.0
11,stadium,4,7996.02,6936.83,10035.04,0,0,0,4,0.0,0.0,0.0,100.0
11,swimming_pool,3,112.92,72.15,148.42,1,2,0,0,33.33,66.67,0.0,0.0
11,ret,2,205.76,185.94,225.57,0,2,0,0,0.0,100.0,0.0,0.0
11,wayside_shrine,2,8.15,5.15,11.15,2,0,0,0,100.0,0.0,0.0,0.0
11,bank,2,353.6,326.93,380.27,0,2,0,0,0.0,100.0,0.0,0.0
11,religious,2,11.88,10.69,13.07,2,0,0,0,100.0,0.0,0.0,0.0
11,station,1,1320.86,1320.86,1320.86,0,0,0,1,0.0,0.0,0.0,100.0
11,guardhouse,1,71.13,71.13,71.13,1,0,0,0,100.0,0.0,0.0,0.0
11,razed,1,42.18,42.18,42.18,1,0,0,0,100.0,0.0,0.0,0.0
11,tower,1,137.66,137.66,137.66,0,1,0,0,0.0,100.0,0.0,0.0
11,was,1,164.47,164.47,164.47,0,1,0,0,0.0,100.0,0.0,0.0
11,yes;retail,1,198.87,198.87,198.87,0,1,0,0,0.0,100.0,0.0,0.0
11,bicycle_parking,1,318.14,318.14,318.14,0,1,0,0,0.0,100.0,0.0,0.0
11,retail;residential,1,24.37,24.37,24.37,1,0,0,0,100.0,0.0,0.0,0.0
11,clinic,1,141.5,141.5,141.5,0,1,0,0,0.0,100.0,0.0,0.0
11,post_office,1,94.18,94.18,94.18,1,0,0,0,100.0,0.0,0.0,0.0
11,2,1,105.63,105.63,105.63,0,1,0,0,0.0,100.0,0.0,0.0
11,entrance,1,15.87,15.87,15.87,1,0,0,0,100.0,0.0,0.0,0.0
11,canopy,1,146.43,146.43,146.43,0,1,0,0,0.0,100.0,0.0,0.0
11,cowshed,1,122.1,122.1,122.1,0,1,0,0,0.0,100.0,0.0,0.0
11,silo,1,371.0,371.0,371.0,0,1,0,0,0.0,100.0,0.0,0.0
11,museum,1,1110.1,1110.1,1110.1,0,0,0,1,0.0,0.0,0.0,100.0
11,chapel,1,168.07,168.07,168.07,0,1,0,0,0.0,100.0,0.0,0.0
11,chicken_coop,1,0.34,0.34,0.34,1,0,0,0,100.0,0.0,0.0,0.0
12,yes,540744,155.24,0.2,176701.36,342680,177224,11600,9240,63.37,32.77,2.15,1.71
12,house,55636,91.52,1.12,11802.05,40588,14777,190,81,72.95,26.56,0.34,0.15
12,apartments,10235,360.78,7.79,18766.03,1242,6922,1514,557,12.13,67.63,14.79,5.44
12,residential,10029,117.97,2.16,29280.26,6790,3052,142,45,67.7,30.43,1.42,0.45
12,detached,4615,88.49,2.76,574.75,3234,1380,1,0,70.08,29.9,0.02,0.0
12,greenhouse,4243,266.25,3.93,47422.09,1584,2118,368,173,37.33,49.92,8.67,4.08
12,industrial,4024,1352.09,1.75,133668.28,874,1468,610,1072,21.72,36.48,15.16,26.64
12,school,2665,667.88,2.68,7489.95,624,830,552,659,23.41,31.14,20.71,24.73
12,roof,2500,158.72,0.88,22630.85,1816,520,84,80,72.64,20.8,3.36,3.2
12,retail,2250,1318.29,8.51,48472.9,342,1123,237,548,15.2,49.91,10.53,24.36
12,garage,833,117.22,2.69,8429.01,728,75,10,20,87.39,9.0,1.2,2.4
12,commercial,497,726.38,8.02,13517.45,77,259,70,91,15.49,52.11,14.08,18.31
12,warehouse,420,3825.21,0.86,106033.77,159,80,57,124,37.86,19.05,13.57,29.52
12,university,336,904.33,7.46,5365.94,38,104,95,99,11.31,30.95,28.27,29.46
12,train_station,295,1470.6,3.52,11283.64,44,79,20,152,14.92,26.78,6.78,51.53
12,hospital,228,1581.13,1.48,12062.59,16,59,43,110,7.02,25.88,18.86,48.25
12,farm,222,290.15,11.45,1617.5,14,186,21,1,6.31,83.78,9.46,0.45
12,shed,202,36.72,1.3,379.96,195,7,0,0,96.53,3.47,0.0,0.0
12,public,174,1245.04,34.57,16490.23,4,52,46,72,2.3,29.89,26.44,41.38
12,hotel,156,1287.47,22.95,15584.49,10,59,34,53,6.41,37.82,21.79,33.97
12,kindergarten,153,569.05,26.61,2631.41,14,57,60,22,9.15,37.25,39.22,14.38
12,container,134,51.2,6.54,529.09,122,11,1,0,91.04,8.21,0.75,0.0
12,temple,118,255.26,9.37,3700.54,49,58,7,4,41.53,49.15,5.93,3.39
12,office,94,641.37,37.83,7504.98,19,43,20,12,20.21,45.74,21.28,12.77
12,barn,70,41.4,8.81,229.1,66,4,0,0,94.29,5.71,0.0,0.0
12,parking,69,2266.72,41.48,17715.93,7,11,12,39,10.14,15.94,17.39,56.52
12,hut,68,22.69,2.67,160.86,66,2,0,0,97.06,2.94,0.0,0.0
12,bungalow,43,50.67,14.3,63.9,43,0,0,0,100.0,0.0,0.0,0.0
12,construction,41,2748.96,13.75,39934.9,8,12,3,18,19.51,29.27,7.32,43.9
12,storage_tank,36,517.94,8.39,2651.2,7,19,6,4,19.44,52.78,16.67,11.11
12,shrine,34,247.91,8.36,2458.62,16,12,5,1,47.06,35.29,14.71,2.94
12,civic,34,1151.03,45.26,6106.1,3,8,10,13,8.82,23.53,29.41,38.24
12,service,33,513.56,7.52,8916.27,20,7,2,4,60.61,21.21,6.06,12.12
12,church,29,181.07,27.8,774.69,10,18,1,0,34.48,62.07,3.45,0.0
12,farm_auxiliary,29,444.1,51.63,2455.8,4,20,2,3,13.79,68.97,6.9,10.34
12,stable,25,435.27,138.45,1616.69,0,18,4,3,0.0,72.0,16.0,12.0
12,sports_hall,25,1727.9,361.72,10905.97,0,1,7,17,0.0,4.0,28.0,68.0
12,allotment_house,22,222.31,89.84,770.59,3,18,1,0,13.64,81.82,4.55,0.0
12,toilets,20,52.4,4.81,124.55,18,2,0,0,90.0,10.0,0.0,0.0
12,dormitory,19,468.12,152.45,1149.6,0,14,3,2,0.0,73.68,15.79,10.53
12,carport,19,37.72,7.11,105.74,18,1,0,0,94.74,5.26,0.0,0.0
12,transportation,19,2937.13,44.28,23773.04,3,7,0,9,15.79,36.84,0.0,47.37
12,hangar,18,1386.88,22.41,6527.5,11,2,1,4,61.11,11.11,5.56,22.22
12,no,18,48004.77,481.22,686080.24,0,1,0,17,0.0,5.56,0.0,94.44
12,ruins,17,268.97,12.92,1040.62,6,7,3,1,35.29,41.18,17.65,5.88
12,college,17,319.7,4.58,2141.36,10,4,1,2,58.82,23.53,5.88,11.76
12,garages,13,1336.91,78.55,5012.87,3,3,0,7,23.08,23.08,0.0,53.85
12,fire_station,12,509.12,168.01,993.13,0,7,5,0,0.0,58.33,41.67,0.0
12,stadium,10,2131.97,204.4,9473.59,0,4,2,4,0.0,40.0,20.0,40.0
12,pavilion,10,503.34,99.91,2134.2,1,7,1,1,10.0,70.0,10.0,10.0
12,supermarket,8,3564.33,158.87,15345.51,0,2,0,6,0.0,25.0,0.0,75.0
12,bridge,8,160.06,17.62,715.51,5,2,1,0,62.5,25.0,12.5,0.0
12,restaurant,7,172.89,65.65,352.03,2,5,0,0,28.57,71.43,0.0,0.0
12,terrace,6,562.62,196.67,2187.09,0,5,0,1,0.0,83.33,0.0,16.67
12,government,4,1026.7,75.08,1771.78,1,0,0,3,25.0,0.0,0.0,75.0
12,cowshed,3,651.99,165.74,977.43,0,1,2,0,0.0,33.33,66.67,0.0
12,silo,3,2586.22,996.93,3494.95,0,0,1,2,0.0,0.0,33.33,66.67
12,gatehouse,3,182.35,81.83,267.83,1,2,0,0,33.33,66.67,0.0,0.0
12,sports_centre,3,2358.91,1173.13,4426.06,0,0,0,3,0.0,0.0,0.0,100.0
12,station,2,1408.5,1297.72,1519.28,0,0,0,2,0.0,0.0,0.0,100.0
12,yes;apartments,2,167.94,111.37,224.5,0,2,0,0,0.0,100.0,0.0,0.0
12,library,2,1202.18,665.73,1738.62,0,0,1,1,0.0,0.0,50.0,50.0
12,cabin,2,72.78,57.02,88.54,2,0,0,0,100.0,0.0,0.0,0.0
12,police,2,153.21,8.65,297.77,1,1,0,0,50.0,50.0,0.0,0.0
12,pagoda,2,688.14,103.89,1272.39,0,1,0,1,0.0,50.0,0.0,50.0
12,chapel,2,302.73,266.32,339.14,0,2,0,0,0.0,100.0,0.0,0.0
12,grandstand,2,1052.63,633.18,1472.07,0,0,1,1,0.0,0.0,50.0,50.0
12,store,1,219.31,219.31,219.31,0,1,0,0,0.0,100.0,0.0,0.0
12,sty,1,5900.53,5900.53,5900.53,0,0,0,1,0.0,0.0,0.0,100.0
12,transformer_tower,1,490.87,490.87,490.87,0,1,0,0,0.0,100.0,0.0,0.0
12,yes;house,1,89.7,89.7,89.7,1,0,0,0,100.0,0.0,0.0,0.0
12,museum,1,290.82,290.82,290.82,0,1,0,0,0.0,100.0,0.0,0.0
12,yes;public,1,1791.37,1791.37,1791.37,0,0,0,1,0.0,0.0,0.0,100.0
12,outdoor,1,857.14,857.14,857.14,0,0,1,0,0.0,0.0,100.0,0.0
12,estimated,1,227.55,227.55,227.55,0,1,0,0,0.0,100.0,0.0,0.0
12,religious,1,949.78,949.78,949.78,0,0,1,0,0.0,0.0,100.0,0.0
12,rental,1,15529.91,15529.91,15529.91,0,0,0,1,0.0,0.0,0.0,100.0
12,community_centre,1,91.39,91.39,91.39,1,0,0,0,100.0,0.0,0.0,0.0
12,clinic,1,98.84,98.84,98.84,1,0,0,0,100.0,0.0,0.0,0.0
12,semidetached_house,1,89.85,89.85,89.85,1,0,0,0,100.0,0.0,0.0,0.0
12,Laboratory,1,4801.32,4801.32,4801.32,0,0,0,1,0.0,0.0,0.0,100.0
12,shop,1,3120.62,3120.62,3120.62,0,0,0,1,0.0,0.0,0.0,100.0
12,gymnasium,1,322.69,322.69,322.69,0,1,0,0,0.0,100.0,0.0,0.0
12,bank,1,142.92,142.92,142.92,0,1,0,0,0.0,100.0,0.0,0.0
13,yes,1206566,121.45,0.01,99452.33,878473,290860,23188,14045,72.81,24.11,1.92,1.16
13,house,124429,66.75,1.26,4721.02,107016,17311,75,27,86.01,13.91,0.06,0.02
13,apartments,37185,325.46,4.2,11449.35,9436,20796,4970,1983,25.38,55.93,13.37,5.33
13,residential,13170,154.32,4.1,7486.93,6870,5741,362,197,52.16,43.59,2.75,1.5
13,detached,5663,67.56,7.49,643.19,4898,760,5,0,86.49,13.42,0.09,0.0
13,commercial,4353,536.49,1.82,66866.48,1454,2047,361,491,33.4,47.03,8.29,11.28
13,retail,3723,659.79,1.22,43628.48,1316,1607,316,484,35.35,43.16,8.49,13.0
13,roof,3716,157.85,0.19,16843.37,2612,862,139,103,70.29,23.2,3.74,2.77
13,school,2009,1123.26,2.07,16182.86,316,358,472,863,15.73,17.82,23.49,42.96
13,warehouse,1388,577.62,0.67,38297.74,977,215,43,153,70.39,15.49,3.1,11.02
13,office,1276,610.44,14.42,14184.83,313,578,201,184,24.53,45.3,15.75,14.42
13,shed,1055,10.29,0.46,299.35,1049,6,0,0,99.43,0.57,0.0,0.0
13,industrial,885,1652.98,3.29,36935.1,127,336,152,270,14.35,37.97,17.18,30.51
13,carport,750,22.6,2.93,215.66,731,19,0,0,97.47,2.53,0.0,0.0
13,greenhouse,745,202.63,4.98,2747.63,221,471,28,25,29.66,63.22,3.76,3.36
13,garage,734,105.43,3.56,9774.24,653,53,9,19,88.96,7.22,1.23,2.59
13,university,730,1188.12,5.64,10893.38,52,154,208,316,7.12,21.1,28.49,43.29
13,hut,509,27.83,0.77,415.78,486,23,0,0,95.48,4.52,0.0,0.0
13,public,489,1181.45,6.78,15015.78,41,161,118,169,8.38,32.92,24.13,34.56
13,train_station,438,1833.19,10.93,25361.58,47,92,71,228,10.73,21.0,16.21,52.05
13,temple,380,329.19,0.75,5234.06,100,212,48,20,26.32,55.79,12.63,5.26
13,hotel,358,796.63,29.65,10396.92,39,185,68,66,10.89,51.68,18.99,18.44
13,service,335,68.94,0.58,2624.64,289,38,5,3,86.27,11.34,1.49,0.9
13,kindergarten,309,520.47,18.53,2662.99,14,151,126,18,4.53,48.87,40.78,5.83
13,parking,287,989.29,27.95,12252.93,84,74,37,92,29.27,25.78,12.89,32.06
13,hospital,282,1701.35,18.73,20410.13,19,81,40,142,6.74,28.72,14.18,50.35
13,shrine,235,210.19,0.21,3632.8,131,83,11,10,55.74,35.32,4.68,4.26
13,construction,191,1111.5,13.91,23613.65,47,76,26,42,24.61,39.79,13.61,21.99
13,college,99,1161.37,63.97,29262.59,2,46,27,24,2.02,46.46,27.27,24.24
13,dormitory,98,774.41,81.89,2656.23,1,39,34,24,1.02,39.8,34.69,24.49
13,church,88,394.59,25.62,4962.23,10,61,12,5,11.36,69.32,13.64,5.68
13,supermarket,82,1976.26,135.04,12111.03,0,5,19,58,0.0,6.1,23.17,70.73
13,allotment_house,68,523.44,36.13,1858.47,23,20,6,19,33.82,29.41,8.82,27.94
13,sports_hall,65,976.73,212.17,4831.72,0,4,42,19,0.0,6.15,64.62,29.23
13,civic,53,890.07,19.89,3773.43,4,19,12,18,7.55,35.85,22.64,33.96
13,toilets,51,34.94,1.1,139.66,48,3,0,0,94.12,5.88,0.0,0.0
13,storage_tank,49,49.69,2.75,659.67,44,2,3,0,89.8,4.08,6.12,0.0
13,garages,46,235.89,13.26,2515.08,24,17,3,2,52.17,36.96,6.52,4.35
13,transportation,43,1476.1,5.53,6066.63,9,11,7,16,20.93,25.58,16.28,37.21
13,terrace,41,178.67,71.25,539.03,11,29,1,0,26.83,70.73,2.44,0.0
13,government,27,1051.11,27.92,5438.28,4,7,6,10,14.81,25.93,22.22,37.04
13,semidetached_house,26,113.81,44.85,238.98,12,14,0,0,46.15,53.85,0.0,0.0
13,fire_station,21,291.93,29.05,1349.2,10,7,3,1,47.62,33.33,14.29,4.76
13,farm,19,195.22,32.95,381.7,3,16,0,0,15.79,84.21,0.0,0.0
13,hangar,19,3618.53,46.83,17998.4,6,1,3,9,31.58,5.26,15.79,47.37
13,no,17,13402.89,189.18,58243.98,0,2,1,14,0.0,11.76,5.88,82.35
13,sports_centre,17,1514.62,7.17,5332.43,2,1,4,10,11.76,5.88,23.53,58.82
13,container,17,14.5,6.09,49.88,17,0,0,0,100.0,0.0,0.0,0.0
13,gatehouse,15,121.65,14.67,573.87,9,5,1,0,60.0,33.33,6.67,0.0
13,ruins,15,318.14,26.26,2712.65,8,5,1,1,53.33,33.33,6.67,6.67
13,static_caravan,12,18.86,10.1,48.42,12,0,0,0,100.0,0.0,0.0,0.0
13,bridge,12,71.98,12.54,215.83,10,2,0,0,83.33,16.67,0.0,0.0
13,manufacture,12,1084.28,215.82,4078.78,0,4,5,3,0.0,33.33,41.67,25.0
13,apartment,11,306.32,93.39,564.7,1,7,3,0,9.09,63.64,27.27,0.0
13,elevator,11,116.31,32.43,328.43,7,4,0,0,63.64,36.36,0.0,0.0
13,pavilion,10,1137.82,103.94,3200.03,0,4,2,4,0.0,40.0,20.0,40.0
13,stable,7,132.17,57.11,324.05,4,3,0,0,57.14,42.86,0.0,0.0
13,religious,7,556.69,22.58,1427.15,2,2,1,2,28.57,28.57,14.29,28.57
13,barn,6,81.56,14.53,292.78,5,1,0,0,83.33,16.67,0.0,0.0
13,gate,6,42.5,3.34,152.42,5,1,0,0,83.33,16.67,0.0,0.0
13,guardhouse,6,31.8,3.84,78.91,6,0,0,0,100.0,0.0,0.0,0.0
13,station,5,843.9,64.51,2969.56,2,1,1,1,40.0,20.0,20.0,20.0
13,cowshed,5,946.21,223.73,2896.39,0,3,1,1,0.0,60.0,20.0,20.0
13,tank,5,23.81,16.4,41.27,5,0,0,0,100.0,0.0,0.0,0.0
13,farm_auxiliary,4,133.91,19.69,248.83,2,2,0,0,50.0,50.0,0.0,0.0
13,window,4,1.6,0.34,4.64,4,0,0,0,100.0,0.0,0.0,0.0
13,storage,4,10.72,2.15,26.69,4,0,0,0,100.0,0.0,0.0,0.0
13,grandstand,4,2583.63,338.4,4103.5,0,1,0,3,0.0,25.0,0.0,75.0
13,chapel,4,297.0,105.13,681.27,0,3,1,0,0.0,75.0,25.0,0.0
13,multiple,4,447.34,206.98,686.72,0,3,1,0,0.0,75.0,25.0,0.0
13,stadium,4,10053.9,447.81,22938.53,0,1,0,3,0.0,25.0,0.0,75.0
13,canopy,3,65.94,24.98,97.33,3,0,0,0,100.0,0.0,0.0,0.0
13,pagoda,3,167.79,48.43,330.47,1,2,0,0,33.33,66.67,0.0,0.0
13,police,3,35.82,22.45,48.68,3,0,0,0,100.0,0.0,0.0,0.0
13,shop,3,32.71,20.64,43.8,3,0,0,0,100.0,0.0,0.0,0.0
13,tent,2,32.06,24.65,39.46,2,0,0,0,100.0,0.0,0.0,0.0
13,entrance,2,1.38,1.11,1.65,2,0,0,0,100.0,0.0,0.0,0.0
13,museum,2,519.4,349.72,689.07,0,1,1,0,0.0,50.0,50.0,0.0
13,loof,2,18.03,7.75,28.3,2,0,0,0,100.0,0.0,0.0,0.0
13,kiosk,2,152.45,82.88,222.01,1,1,0,0,50.0,50.0,0.0,0.0
13,restaurant,2,123.62,60.48,186.76,1,1,0,0,50.0,50.0,0.0,0.0
13,subway_entrance,2,159.84,141.18,178.5,0,2,0,0,0.0,100.0,0.0,0.0
13,water_tower,2,21.78,21.78,21.78,2,0,0,0,100.0,0.0,0.0,0.0
13,water_works,2,5689.03,5608.74,5769.31,0,0,0,2,0.0,0.0,0.0,100.0
13,wayside_shrine,2,5.63,4.04,7.21,2,0,0,0,100.0,0.0,0.0,0.0
13,convent,1,376.63,376.63,376.63,0,1,0,0,0.0,100.0,0.0,0.0
13,steps,1,23.66,23.66,23.66,1,0,0,0,100.0,0.0,0.0,0.0
13,library,1,615.23,615.23,615.23,0,0,1,0,0.0,0.0,100.0,0.0
13,disused,1,75.22,75.22,75.22,1,0,0,0,100.0,0.0,0.0,0.0
13,松尾松濤ビル,1,89.56,89.56,89.56,1,0,0,0,100.0,0.0,0.0,0.0
13,funeral_hall,1,1096.44,1096.44,1096.44,0,0,0,1,0.0,0.0,0.0,100.0
13,synagogue,1,381.78,381.78,381.78,0,1,0,0,0.0,100.0,0.0,0.0
13,flat,1,4.15,4.15,4.15,1,0,0,0,100.0,0.0,0.0,0.0
13,gyu-kaku,1,95.82,95.82,95.82,1,0,0,0,100.0,0.0,0.0,0.0
13,boathouse,1,18.08,18.08,18.08,1,0,0,0,100.0,0.0,0.0,0.0
13,presbytery,1,1347.47,1347.47,1347.47,0,0,0,1,0.0,0.0,0.0,100.0
13,theatre,1,4579.5,4579.5,4579.5,0,0,0,1,0.0,0.0,0.0,100.0
13,bakehouse,1,47.12,47.12,47.12,1,0,0,0,100.0,0.0,0.0,0.0
13,bungalow,1,21.48,21.48,21.48,1,0,0,0,100.0,0.0,0.0,0.0
13,cathedral,1,2569.79,2569.79,2569.79,0,0,0,1,0.0,0.0,0.0,100.0
13,railway,1,2633.71,2633.71,2633.71,0,0,0,1,0.0,0.0,0.0,100.0
13,commercial;hotel,1,3691.96,3691.96,3691.96,0,0,0,1,0.0,0.0,0.0,100.0
13,concert_hall,1,2135.82,2135.82,2135.82,0,0,0,1,0.0,0.0,0.0,100.0
13,conservatory,1,2602.57,2602.57,2602.57,0,0,0,1,0.0,0.0,0.0,100.0
13,sport_hall,1,1115.23,1115.23,1115.23,0,0,0,1,0.0,0.0,0.0,100.0
13,silo,1,5.25,5.25,5.25,1,0,0,0,100.0,0.0,0.0,0.0
13,school;yes,1,30.86,30.86,30.86,1,0,0,0,100.0,0.0,0.0,0.0
13,residence,1,78.94,78.94,78.94,1,0,0,0,100.0,0.0,0.0,0.0
14,yes,1092079,121.77,0.01,154510.18,809071,253711,17326,11971,74.09,23.23,1.59,1.1
14,house,431510,75.08,0.06,9324.25,361137,69333,815,225,83.69,16.07,0.19,0.05
14,apartments,29228,369.24,1.54,18418.69,3183,20092,4158,1795,10.89,68.74,14.23,6.14
14,detached,9085,68.62,3.87,490.79,7954,1131,0,0,87.55,12.45,0.0,0.0
14,residential,7103,131.66,0.37,7587.81,4897,1949,147,110,68.94,27.44,2.07,1.55
14,industrial,5408,1251.3,2.77,69474.12,1036,2215,952,1205,19.16,40.96,17.6,22.28
14,roof,4165,120.7,0.71,8885.41,3122,843,134,66,74.96,20.24,3.22,1.58
14,greenhouse,3286,277.51,3.05,2623.44,1285,1465,345,191,39.11,44.58,10.5,5.81
14,retail,2714,878.28,2.55,36358.41,508,1454,287,465,18.72,53.57,10.57,17.13
14,school,2198,1031.87,0.7,30114.69,315,427,618,838,14.33,19.43,28.12,38.13
14,warehouse,763,1852.71,1.22,58448.73,443,81,95,144,58.06,10.62,12.45,18.87
14,commercial,623,1033.71,9.44,21188.88,84,308,81,150,13.48,49.44,13.0,24.08
14,office,395,848.16,6.88,11309.63,89,166,48,92,22.53,42.03,12.15,23.29
14,university,390,1148.55,38.86,7278.06,15,100,98,177,3.85,25.64,25.13,45.38
14,kindergarten,379,548.01,9.37,1914.7,11,172,167,29,2.9,45.38,44.06,7.65
14,train_station,284,1307.73,13.09,21360.56,37,88,58,101,13.03,30.99,20.42,35.56
14,garage,280,166.68,4.49,12082.98,241,26,5,8,86.07,9.29,1.79,2.86
14,shrine,277,112.09,2.71,828.98,180,86,11,0,64.98,31.05,3.97,0.0
14,hospital,270,1609.71,17.61,12705.65,21,81,41,127,7.78,30.0,15.19,47.04
14,public,249,751.24,6.84,10313.45,61,94,41,53,24.5,37.75,16.47,21.29
14,temple,219,411.06,3.49,1862.43,37,118,51,13,16.89,53.88,23.29,5.94
14,sports_hall,186,1155.04,191.96,7440.64,0,4,99,83,0.0,2.15,53.23,44.62
14,shed,174,66.38,1.55,6219.87,168,4,0,2,96.55,2.3,0.0,1.15
14,parking,167,1512.37,46.84,27860.15,16,35,38,78,9.58,20.96,22.75,46.71
14,terrace,166,141.06,12.27,579.54,117,35,14,0,70.48,21.08,8.43,0.0
14,hut,148,35.25,2.39,326.44,140,8,0,0,94.59,5.41,0.0,0.0
14,carport,113,20.55,4.83,80.14,113,0,0,0,100.0,0.0,0.0,0.0
14,hotel,85,952.54,39.15,7450.12,4,34,27,20,4.71,40.0,31.76,23.53
14,service,79,126.52,1.74,1267.96,60,12,6,1,75.95,15.19,7.59,1.27
14,construction,73,1185.07,13.68,22760.54,20,25,11,17,27.4,34.25,15.07,23.29
14,civic,67,627.28,5.1,4137.05,17,31,6,13,25.37,46.27,8.96,19.4
14,fire_station,54,425.61,16.82,2214.6,14,21,16,3,25.93,38.89,29.63,5.56
14,semidetached_house,53,89.6,40.76,187.78,35,18,0,0,66.04,33.96,0.0,0.0
14,toilets,44,57.58,8.26,165.14,36,8,0,0,81.82,18.18,0.0,0.0
14,dormitory,36,746.36,86.04,3588.99,2,17,9,8,5.56,47.22,25.0,22.22
14,supermarket,35,3390.46,127.14,18690.4,0,7,2,26,0.0,20.0,5.71,74.29
14,church,33,313.91,51.27,2428.2,4,26,1,2,12.12,78.79,3.03,6.06
14,no,28,1427.11,30.44,11281.92,18,1,2,7,64.29,3.57,7.14,25.0
14,ruins,25,284.08,25.37,1773.87,12,9,2,2,48.0,36.0,8.0,8.0
14,farm,23,350.21,20.75,1134.43,6,10,4,3,26.09,43.48,17.39,13.04
14,manufacture,21,614.71,6.16,3513.78,6,10,1,4,28.57,47.62,4.76,19.05
14,allotment_house,21,344.88,93.67,1227.61,1,18,0,2,4.76,85.71,0.0,9.52
14,barn,21,415.32,11.91,2474.66,9,7,2,3,42.86,33.33,9.52,14.29
14,college,18,726.53,93.7,1954.28,1,4,9,4,5.56,22.22,50.0,22.22
14,transportation,18,794.02,16.37,2894.41,3,7,3,5,16.67,38.89,16.67,27.78
14,container,17,22.66,3.25,86.56,17,0,0,0,100.0,0.0,0.0,0.0
14,government,14,1030.71,117.81,3552.47,0,2,7,5,0.0,14.29,50.0,35.71
14,bungalow,14,135.84,5.3,533.07,11,0,3,0,78.57,0.0,21.43,0.0
14,garages,10,815.58,45.1,3164.53,2,3,2,3,20.0,30.0,20.0,30.0
14,grandstand,9,1461.99,446.95,3386.49,0,1,3,5,0.0,11.11,33.33,55.56
14,bridge,8,157.52,55.04,378.44,3,5,0,0,37.5,62.5,0.0,0.0
14,hangar,8,436.2,139.85,1020.6,0,5,2,1,0.0,62.5,25.0,12.5
14,storage_tank,8,374.64,16.64,986.31,3,2,3,0,37.5,25.0,37.5,0.0
14,cabin,6,33.54,6.18,89.77,6,0,0,0,100.0,0.0,0.0,0.0
14,gatehouse,6,123.0,14.96,320.17,4,2,0,0,66.67,33.33,0.0,0.0
14,station,6,1504.95,56.86,3778.12,1,1,0,4,16.67,16.67,0.0,66.67
14,stadium,5,7197.66,2373.81,17008.01,0,0,0,5,0.0,0.0,0.0,100.0
14,stable,5,397.91,265.14,557.0,0,4,1,0,0.0,80.0,20.0,0.0
14,kiosk,5,126.48,13.81,543.08,4,0,1,0,80.0,0.0,20.0,0.0
14,chapel,4,507.3,207.95,1099.26,0,2,1,1,0.0,50.0,25.0,25.0
14,guardhouse,4,93.81,62.13,122.21,2,2,0,0,50.0,50.0,0.0,0.0
14,pavilion,4,1940.65,82.39,4354.08,1,0,0,3,25.0,0.0,0.0,75.0
14,cowshed,3,360.05,184.65,513.87,0,2,1,0,0.0,66.67,33.33,0.0
14,sty,3,378.22,363.77,396.33,0,3,0,0,0.0,100.0,0.0,0.0
14,water_tower,3,105.27,14.48,171.16,1,2,0,0,33.33,66.67,0.0,0.0
14,sports_centre,2,1356.63,936.11,1777.14,0,0,1,1,0.0,0.0,50.0,50.0
14,religious,2,441.75,0.18,883.32,1,0,1,0,50.0,0.0,50.0,0.0
14,gasometer,2,193.55,191.0,196.1,0,2,0,0,0.0,100.0,0.0,0.0
14,place_of_worship,2,214.06,188.33,239.79,0,2,0,0,0.0,100.0,0.0,0.0
14,pagoda,2,67.59,25.69,109.48,1,1,0,0,50.0,50.0,0.0,0.0
14,collapsed,2,104.68,87.72,121.64,1,1,0,0,50.0,50.0,0.0,0.0
14,historic,2,609.91,91.07,1128.75,1,0,0,1,50.0,0.0,0.0,50.0
14,yesw,2,39.22,31.6,46.84,2,0,0,0,100.0,0.0,0.0,0.0
14,shop,2,9326.81,3665.94,14987.68,0,0,0,2,0.0,0.0,0.0,100.0
14,social_facility,2,502.65,474.67,530.62,0,1,1,0,0.0,50.0,50.0,0.0
14,farm_auxiliary,1,444.39,444.39,444.39,0,1,0,0,0.0,100.0,0.0,0.0
14,condominium,1,1015.02,1015.02,1015.02,0,0,0,1,0.0,0.0,0.0,100.0
14,Office_Building_/_Laboratory,1,1880.94,1880.94,1880.94,0,0,0,1,0.0,0.0,0.0,100.0
14,tower,1,4586.58,4586.58,4586.58,0,0,0,1,0.0,0.0,0.0,100.0
14,deck,1,26.12,26.12,26.12,1,0,0,0,100.0,0.0,0.0,0.0
14,cathedral,1,410.7,410.7,410.7,0,1,0,0,0.0,100.0,0.0,0.0
14,castle,1,599.66,599.66,599.66,0,0,1,0,0.0,0.0,100.0,0.0
14,boathouse,1,171.47,171.47,171.47,0,1,0,0,0.0,100.0,0.0,0.0
14,ship,1,2138.29,2138.29,2138.29,0,0,0,1,0.0,0.0,0.0,100.0
14,retret,1,36.27,36.27,36.27,1,0,0,0,100.0,0.0,0.0,0.0
14,clinic,1,731.61,731.61,731.61,0,0,1,0,0.0,0.0,100.0,0.0
14,restaurant,1,2011.94,2011.94,2011.94,0,0,0,1,0.0,0.0,0.0,100.0
14,main,1,32.87,32.87,32.87,1,0,0,0,100.0,0.0,0.0,0.0
14,static_caravan,1,50.74,50.74,50.74,1,0,0,0,100.0,0.0,0.0,0.0
14,conservatory,1,1314.23,1314.23,1314.23,0,0,0,1,0.0,0.0,0.0,100.0
14,railway_station,1,569.36,569.36,569.36,0,0,1,0,0.0,0.0,100.0,0.0
15,yes,298480,149.34,0.91,76278.16,169832,119089,5220,4339,56.9,39.9,1.75,1.45
15,house,4565,124.33,4.41,1668.67,1742,2811,10,2,38.16,61.58,0.22,0.04
15,residential,2920,149.36,3.8,6356.71,1101,1796,19,4,37.71,61.51,0.65,0.14
15,school,2916,1138.83,3.23,35906.96,789,587,330,1210,27.06,20.13,11.32,41.5
15,greenhouse,2628,175.88,9.95,3155.33,1245,1235,115,33,47.37,46.99,4.38,1.26
15,apartments,707,389.52,35.61,4306.54,29,535,101,42,4.1,75.67,14.29,5.94
15,garage,637,159.34,5.75,33133.81,592,38,2,5,92.94,5.97,0.31,0.78
15,retail,631,1654.78,29.22,30153.61,46,286,92,207,7.29,45.32,14.58,32.81
15,industrial,417,1751.95,3.34,42562.97,68,152,70,127,16.31,36.45,16.79,30.46
15,roof,290,270.68,1.18,3040.69,134,122,17,17,46.21,42.07,5.86,5.86
15,commercial,230,612.86,19.87,26436.71,37,135,28,30,16.09,58.7,12.17,13.04
15,temple,193,429.17,8.02,2427.5,54,73,45,21,27.98,37.82,23.32,10.88
15,university,192,773.58,7.18,8753.52,61,50,33,48,31.77,26.04,17.19,25.0
15,warehouse,178,975.31,11.13,15600.38,81,23,15,59,45.51,12.92,8.43,33.15
15,detached,132,115.47,28.88,291.57,52,80,0,0,39.39,60.61,0.0,0.0
15,hut,131,53.39,5.38,587.59,120,7,4,0,91.6,5.34,3.05,0.0
15,hotel,95,699.56,74.77,4405.93,6,49,21,19,6.32,51.58,22.11,20.0
15,public,94,1719.99,64.82,14440.69,2,29,11,52,2.13,30.85,11.7,55.32
15,kindergarten,88,741.83,92.41,3550.86,1,30,43,14,1.14,34.09,48.86,15.91
15,hospital,77,3593.71,27.65,16850.76,3,11,9,54,3.9,14.29,11.69,70.13
15,train_station,71,1919.93,19.63,23833.74,17,32,10,12,23.94,45.07,14.08,16.9
15,shrine,64,210.73,8.82,1054.22,33,23,6,2,51.56,35.94,9.38,3.13
15,office,55,544.24,26.2,6946.77,5,35,8,7,9.09,63.64,14.55,12.73
15,storage_tank,39,1010.23,18.0,4061.48,15,12,1,11,38.46,30.77,2.56,28.21
15,terrace,30,170.33,144.12,390.61,0,30,0,0,0.0,100.0,0.0,0.0
15,carport,24,28.81,9.65,52.12,24,0,0,0,100.0,0.0,0.0,0.0
15,parking,14,1532.99,45.66,5209.69,4,2,3,5,28.57,14.29,21.43,35.71
15,hangar,13,626.61,89.54,1629.99,1,3,7,2,7.69,23.08,53.85,15.38
15,garages,13,111.53,27.71,464.83,8,5,0,0,61.54,38.46,0.0,0.0
15,college,13,826.52,174.22,2486.54,0,7,3,3,0.0,53.85,23.08,23.08
15,civic,12,1718.56,105.21,5877.79,0,5,1,6,0.0,41.67,8.33,50.0
15,shed,12,53.18,4.56,384.06,11,1,0,0,91.67,8.33,0.0,0.0
15,church,11,198.81,7.87,495.6,5,6,0,0,45.45,54.55,0.0,0.0
15,dormitory,11,2835.79,154.97,23602.56,0,6,1,4,0.0,54.55,9.09,36.36
15,gatehouse,6,86.57,26.97,145.21,4,2,0,0,66.67,33.33,0.0,0.0
15,government,5,707.34,194.75,1434.41,0,2,1,2,0.0,40.0,20.0,40.0
15,transportation,5,1081.01,223.17,3688.67,0,3,1,1,0.0,60.0,20.0,20.0
15,farm_auxiliary,5,15954.28,60.6,78486.34,1,2,1,1,20.0,40.0,20.0,20.0
15,ruins,4,5004.35,72.23,17598.68,1,1,0,2,25.0,25.0,0.0,50.0
15,service,4,184.4,44.54,508.4,2,1,1,0,50.0,25.0,25.0,0.0
15,townhall,3,1227.2,461.41,2195.6,0,1,0,2,0.0,33.33,0.0,66.67
15,silo,3,115.15,81.93,134.76,1,2,0,0,33.33,66.67,0.0,0.0
15,stadium,3,1694.59,723.47,3466.74,0,0,2,1,0.0,0.0,66.67,33.33
15,fire_station,3,34.28,20.96,58.74,3,0,0,0,100.0,0.0,0.0,0.0
15,bridge,3,168.03,30.55,295.22,1,2,0,0,33.33,66.67,0.0,0.0
15,toilets,3,47.2,27.48,85.78,3,0,0,0,100.0,0.0,0.0,0.0
15,theatre,2,220.41,154.13,286.68,0,2,0,0,0.0,100.0,0.0,0.0
15,grandstand,2,412.36,77.64,747.07,1,0,1,0,50.0,0.0,50.0,0.0
15,castle,2,457.92,239.79,676.04,0,1,1,0,0.0,50.0,50.0,0.0
15,outbuilding,2,60.34,22.56,98.12,2,0,0,0,100.0,0.0,0.0,0.0
15,water_tower,1,168.94,168.94,168.94,0,1,0,0,0.0,100.0,0.0,0.0
15,wayside_shrine,1,62.78,62.78,62.78,1,0,0,0,100.0,0.0,0.0,0.0
15,件に,1,170.69,170.69,170.69,0,1,0,0,0.0,100.0,0.0,0.0
15,pagoda,1,67.75,67.75,67.75,1,0,0,0,100.0,0.0,0.0,0.0
15,pub,1,5452.57,5452.57,5452.57,0,0,0,1,0.0,0.0,0.0,100.0
15,国土交通省　除雪車回転場,1,294.53,294.53,294.53,0,1,0,0,0.0,100.0,0.0,0.0
15,no,1,446.96,446.96,446.96,0,1,0,0,0.0,100.0,0.0,0.0
15,museum,1,1362.21,1362.21,1362.21,0,0,0,1,0.0,0.0,0.0,100.0
15,sports_hall,1,1337.21,1337.21,1337.21,0,0,0,1,0.0,0.0,0.0,100.0
15,stable,1,239.92,239.92,239.92,0,1,0,0,0.0,100.0,0.0,0.0
15,gate,1,60.5,60.5,60.5,1,0,0,0,100.0,0.0,0.0,0.0
15,farm,1,841.84,841.84,841.84,0,0,1,0,0.0,0.0,100.0,0.0
15,construction,1,1248.06,1248.06,1248.06,0,0,0,1,0.0,0.0,0.0,100.0
15,cathedral,1,351.29,351.29,351.29,0,1,0,0,0.0,100.0,0.0,0.0
16,yes,166464,194.09,0.41,65503.78,76936,82498,3649,3381,46.22,49.56,2.19,2.03
16,house,3911,163.69,4.85,10196.02,1553,2295,38,25,39.71,58.68,0.97,0.64
16,garage,543,65.63,4.45,772.83,464,76,3,0,85.45,14.0,0.55,0.0
16,apartments,517,338.17,58.13,2207.57,15,429,51,22,2.9,82.98,9.86,4.26
16,roof,351,144.73,1.53,6785.15,249,89,5,8,70.94,25.36,1.42,2.28
16,greenhouse,320,522.33,7.91,3880.1,102,125,34,59,31.88,39.06,10.63,18.44
16,industrial,263,3115.14,8.85,174602.62,32,117,41,73,12.17,44.49,15.59,27.76
16,school,245,1446.98,12.69,9602.33,40,52,45,108,16.33,21.22,18.37,44.08
16,retail,220,1755.58,20.37,32066.38,19,97,27,77,8.64,44.09,12.27,35.0
16,carport,165,30.18,6.17,248.11,162,3,0,0,98.18,1.82,0.0,0.0
16,hut,154,21.12,1.96,136.5,150,4,0,0,97.4,2.6,0.0,0.0
16,commercial,65,887.48,45.29,11880.33,5,36,9,15,7.69,55.38,13.85,23.08
16,warehouse,53,2044.13,25.48,25592.35,7,3,5,38,13.21,5.66,9.43,71.7
16,train_station,51,1427.88,13.2,21067.72,8,21,6,16,15.69,41.18,11.76,31.37
16,university,39,1151.63,26.76,8665.02,7,6,11,15,17.95,15.38,28.21,38.46
16,hotel,28,1151.45,18.13,5816.28,1,11,4,12,3.57,39.29,14.29,42.86
16,hospital,28,3718.99,108.41,16227.62,0,9,1,18,0.0,32.14,3.57,64.29
16,office,20,1166.44,75.3,6362.2,2,8,3,7,10.0,40.0,15.0,35.0
16,residential,15,134.78,24.45,294.18,6,9,0,0,40.0,60.0,0.0,0.0
16,kindergarten,13,1240.56,206.16,4063.34,0,2,3,8,0.0,15.38,23.08,61.54
16,shrine,11,380.36,7.95,1407.62,2,7,1,1,18.18,63.64,9.09,9.09
16,shed,8,28.55,5.15,63.03,8,0,0,0,100.0,0.0,0.0,0.0
16,public,8,2238.42,101.3,7760.32,0,3,1,4,0.0,37.5,12.5,50.0
16,allotment_house,4,291.25,142.29,423.18,0,4,0,0,0.0,100.0,0.0,0.0
16,civic,4,2516.04,918.57,3922.27,0,0,1,3,0.0,0.0,25.0,75.0
16,detached,4,281.42,67.03,835.8,2,1,1,0,50.0,25.0,25.0,0.0
16,temple,3,752.79,395.27,1327.43,0,1,1,1,0.0,33.33,33.33,33.33
16,garages,3,235.04,215.73,269.17,0,3,0,0,0.0,100.0,0.0,0.0
16,grandstand,3,583.83,486.73,751.19,0,1,2,0,0.0,33.33,66.67,0.0
16,sports_hall,3,2846.76,1560.55,3671.57,0,0,0,3,0.0,0.0,0.0,100.0
16,ruins,2,789.96,85.32,1494.59,1,0,0,1,50.0,0.0,0.0,50.0
16,dormitory,2,1869.5,1491.97,2247.03,0,0,0,2,0.0,0.0,0.0,100.0
16,service,2,52.74,35.78,69.7,2,0,0,0,100.0,0.0,0.0,0.0
16,storage_tank,2,108.27,37.62,178.91,1,1,0,0,50.0,50.0,0.0,0.0
16,construction,2,3840.19,2740.13,4940.24,0,0,0,2,0.0,0.0,0.0,100.0
16,transportation,2,2091.52,280.06,3902.97,0,1,0,1,0.0,50.0,0.0,50.0
16,college,2,1164.94,980.87,1349.01,0,0,1,1,0.0,0.0,50.0,50.0
16,barn,1,108.01,108.01,108.01,0,1,0,0,0.0,100.0,0.0,0.0
16,manufacture,1,716.03,716.03,716.03,0,0,1,0,0.0,0.0,100.0,0.0
16,garo,1,29.92,29.92,29.92,1,0,0,0,100.0,0.0,0.0,0.0
16,farm_auxiliary,1,1089.94,1089.94,1089.94,0,0,0,1,0.0,0.0,0.0,100.0
16,church,1,318.65,318.65,318.65,0,1,0,0,0.0,100.0,0.0,0.0
16,parking,1,1619.91,1619.91,1619.91,0,0,0,1,0.0,0.0,0.0,100.0
17,yes,288567,149.75,1.16,142956.83,156973,123062,5017,3515,54.4,42.65,1.74,1.22
17,house,5903,123.44,4.33,1593.06,2781,3085,32,5,47.11,52.26,0.54,0.08
17,greenhouse,2057,236.59,8.32,8865.94,625,1368,25,39,30.38,66.5,1.22,1.9
17,garage,1310,37.1,2.95,995.69,1268,40,2,0,96.79,3.05,0.15,0.0
17,detached,796,96.81,10.03,496.72,495,301,0,0,62.19,37.81,0.0,0.0
17,industrial,603,2581.78,7.77,63360.85,36,144,120,303,5.97,23.88,19.9,50.25
17,apartments,512,355.82,30.75,2118.5,20,405,65,22,3.91,79.1,12.7,4.3
17,school,460,1452.94,13.51,8284.52,27,48,125,260,5.87,10.43,27.17,56.52
17,retail,424,1238.82,10.2,39438.61,71,222,37,94,16.75,52.36,8.73,22.17
17,roof,385,125.17,5.51,2866.19,280,87,10,8,72.73,22.6,2.6,2.08
17,commercial,348,1122.04,13.74,38274.56,41,153,70,84,11.78,43.97,20.11,24.14
17,university,161,921.91,9.83,11240.9,21,46,47,47,13.04,28.57,29.19,29.19
17,residential,152,144.24,9.98,913.98,59,90,3,0,38.82,59.21,1.97,0.0
17,warehouse,135,318.56,11.08,6488.47,80,38,6,11,59.26,28.15,4.44,8.15
17,hut,121,24.27,2.42,145.83,116,5,0,0,95.87,4.13,0.0,0.0
17,farm_auxiliary,81,557.91,22.99,15751.93,28,21,28,4,34.57,25.93,34.57,4.94
17,hotel,71,1140.01,61.95,7680.25,5,24,17,25,7.04,33.8,23.94,35.21
17,hospital,67,2112.55,88.7,13810.59,1,17,10,39,1.49,25.37,14.93,58.21
17,public,67,945.97,33.44,4627.69,16,12,17,22,23.88,17.91,25.37,32.84
17,barn,63,95.08,14.63,219.08,38,25,0,0,60.32,39.68,0.0,0.0
17,kindergarten,49,735.65,34.26,2486.35,5,14,17,13,10.2,28.57,34.69,26.53
17,shed,40,136.12,5.57,1671.39,30,8,0,2,75.0,20.0,0.0,5.0
17,train_station,37,1443.09,16.81,14219.08,7,19,5,6,18.92,51.35,13.51,16.22
17,temple,31,575.66,13.67,2078.32,4,14,9,4,12.9,45.16,29.03,12.9
17,office,30,1437.48,35.54,16523.9,4,11,5,10,13.33,36.67,16.67,33.33
17,shrine,26,305.12,6.73,1244.08,9,12,3,2,34.62,46.15,11.54,7.69
17,carport,19,34.83,7.21,129.91,18,1,0,0,94.74,5.26,0.0,0.0
17,dormitory,18,622.46,21.96,4377.76,1,12,3,2,5.56,66.67,16.67,11.11
17,civic,17,1031.26,54.59,4400.93,2,5,1,9,11.76,29.41,5.88,52.94
17,ruins,17,3310.2,97.64,45763.53,1,3,11,2,5.88,17.65,64.71,11.76
17,farm,13,294.75,8.15,2147.71,6,5,1,1,46.15,38.46,7.69,7.69
17,hangar,12,2230.51,554.84,5613.58,0,0,5,7,0.0,0.0,41.67,58.33
17,bungalow,11,134.34,45.8,539.91,7,3,1,0,63.64,27.27,9.09,0.0
17,service,10,147.99,6.48,548.32,6,3,1,0,60.0,30.0,10.0,0.0
17,college,9,1339.14,5.43,4556.02,2,2,0,5,22.22,22.22,0.0,55.56
17,sports_hall,6,1265.84,570.36,2248.54,0,0,1,5,0.0,0.0,16.67,83.33
17,no,6,333.39,36.64,1646.43,5,0,0,1,83.33,0.0,0.0,16.67
17,pavilion,6,191.54,149.49,225.98,0,6,0,0,0.0,100.0,0.0,0.0
17,church,5,246.86,84.07,568.12,1,3,1,0,20.0,60.0,20.0,0.0
17,parking,5,1807.1,170.95,3179.71,0,1,0,4,0.0,20.0,0.0,80.0
17,grandstand,5,1680.41,184.83,4091.18,0,1,1,3,0.0,20.0,20.0,60.0
17,bath,4,401.05,214.37,539.97,0,3,1,0,0.0,75.0,25.0,0.0
17,stadium,4,1838.26,372.74,5015.7,0,1,1,2,0.0,25.0,25.0,50.0
17,toilets,4,83.7,17.87,203.01,3,1,0,0,75.0,25.0,0.0,0.0
17,works,4,448.95,439.38,461.1,0,4,0,0,0.0,100.0,0.0,0.0
17,government,4,1283.51,242.75,2713.29,0,2,0,2,0.0,50.0,0.0,50.0
17,shinto,3,205.02,111.73,347.69,0,3,0,0,0.0,100.0,0.0,0.0
17,cabin,3,113.84,58.81,193.53,2,1,0,0,66.67,33.33,0.0,0.0
17,supermarket,3,2067.2,1032.45,2953.96,0,0,0,3,0.0,0.0,0.0,100.0
17,fire_station,3,357.85,103.26,636.36,0,2,1,0,0.0,66.67,33.33,0.0
17,gatehouse,3,316.67,32.68,570.37,1,1,1,0,33.33,33.33,33.33,0.0
17,stable,2,172.72,94.34,251.1,1,1,0,0,50.0,50.0,0.0,0.0
17,construction,2,12796.57,6714.18,18878.96,0,0,0,2,0.0,0.0,0.0,100.0
17,qqqqqqqqqs,2,143.91,126.63,161.18,0,2,0,0,0.0,100.0,0.0,0.0
17,gate,2,44.69,25.84,63.53,2,0,0,0,100.0,0.0,0.0,0.0
17,garages,2,92.9,78.47,107.32,1,1,0,0,50.0,50.0,0.0,0.0
17,commercial;retail,1,545.75,545.75,545.75,0,0,1,0,0.0,0.0,100.0,0.0
17,sports_centre,1,1794.7,1794.7,1794.7,0,0,0,1,0.0,0.0,0.0,100.0
17,city_hall,1,3827.62,3827.62,3827.62,0,0,0,1,0.0,0.0,0.0,100.0
17,religious,1,891.64,891.64,891.64,0,0,1,0,0.0,0.0,100.0,0.0
17,manufacture,1,368.12,368.12,368.12,0,1,0,0,0.0,100.0,0.0,0.0
18,yes,159162,135.07,0.01,32300.51,98954,55427,2730,2051,62.17,34.82,1.72,1.29
18,detached,11486,149.01,1.79,1570.44,4159,7230,90,7,36.21,62.95,0.78,0.06
18,house,7333,134.86,2.38,2652.53,2726,4583,19,5,37.17,62.5,0.26,0.07
18,garage,4493,51.95,4.15,1089.06,4132,357,3,1,91.97,7.95,0.07,0.02
18,residential,2120,149.22,17.66,1065.0,521,1590,8,1,24.58,75.0,0.38,0.05
18,industrial,940,1300.6,16.82,47335.0,82,317,205,336,8.72,33.72,21.81,35.74
18,retail,725,692.71,2.45,33928.18,148,360,82,135,20.41,49.66,11.31,18.62
18,apartments,532,282.63,7.75,3792.76,51,422,53,6,9.59,79.32,9.96,1.13
18,warehouse,501,644.99,2.45,11901.67,158,186,68,89,31.54,37.13,13.57,17.76
18,cabin,491,48.58,1.2,529.21,447,43,1,0,91.04,8.76,0.2,0.0
18,shed,402,59.72,7.25,457.69,372,30,0,0,92.54,7.46,0.0,0.0
18,office,339,327.96,1.17,3286.06,88,187,45,19,25.96,55.16,13.27,5.6
18,roof,308,121.57,0.6,1598.22,199,96,9,4,64.61,31.17,2.92,1.3
18,bunker,270,84.26,13.07,2294.64,236,28,3,3,87.41,10.37,1.11,1.11
18,barn,265,48.42,0.92,364.74,237,28,0,0,89.43,10.57,0.0,0.0
18,greenhouse,213,354.86,22.09,1395.34,21,162,13,17,9.86,76.06,6.1,7.98
18,school,199,773.67,7.01,4299.05,37,60,44,58,18.59,30.15,22.11,29.15
18,carport,179,27.63,8.14,89.46,179,0,0,0,100.0,0.0,0.0,0.0
18,commercial,157,661.49,19.1,19427.01,39,74,18,26,24.84,47.13,11.46,16.56
18,hospital,93,1179.22,40.7,7249.0,9,29,20,35,9.68,31.18,21.51,37.63
18,public,90,583.32,4.09,7284.73,14,46,15,15,15.56,51.11,16.67,16.67
18,temple,86,445.02,8.4,2866.82,8,55,16,7,9.3,63.95,18.6,8.14
18,hotel,79,862.43,31.86,5384.5,9,31,18,21,11.39,39.24,22.78,26.58
18,storage_tank,63,205.01,5.95,913.7,42,12,9,0,66.67,19.05,14.29,0.0
18,sports_hall,46,1336.43,441.0,5057.66,0,2,19,25,0.0,4.35,41.3,54.35
18,garages,42,89.29,9.74,810.55,34,7,1,0,80.95,16.67,2.38,0.0
18,shrine,36,156.45,8.3,1131.12,22,12,1,1,61.11,33.33,2.78,2.78
18,train_station,33,1804.08,18.21,14613.09,5,19,2,7,15.15,57.58,6.06,21.21
18,university,32,1247.79,288.79,8143.22,0,8,10,14,0.0,25.0,31.25,43.75
18,hut,31,22.69,2.13,94.1,31,0,0,0,100.0,0.0,0.0,0.0
18,parking,28,1003.36,5.09,7410.92,12,7,0,9,42.86,25.0,0.0,32.14
18,kindergarten,25,637.12,61.95,1545.49,2,10,8,5,8.0,40.0,32.0,20.0
18,hangar,22,311.26,36.52,1946.07,5,16,0,1,22.73,72.73,0.0,4.55
18,civic,16,636.88,119.17,2456.24,0,8,6,2,0.0,50.0,37.5,12.5
18,cowshed,13,971.1,139.22,5999.57,0,4,8,1,0.0,30.77,61.54,7.69
18,manufacture,13,2395.03,80.91,19927.06,1,4,4,4,7.69,30.77,30.77,30.77
18,service,9,437.44,5.32,1364.07,4,2,1,2,44.44,22.22,11.11,22.22
18,dormitory,8,401.41,259.33,661.9,0,6,2,0,0.0,75.0,25.0,0.0
18,supermarket,7,1366.75,239.92,2794.61,0,3,0,4,0.0,42.86,0.0,57.14
18,sports_centre,7,1422.72,369.42,2945.27,0,1,1,5,0.0,14.29,14.29,71.43
18,ruins,6,974.28,36.31,2113.0,2,0,1,3,33.33,0.0,16.67,50.0
18,construction,3,5485.24,895.05,9059.21,0,0,1,2,0.0,0.0,33.33,66.67
18,stadium,2,6675.45,847.45,12503.45,0,0,1,1,0.0,0.0,50.0,50.0
18,chapel,2,171.72,9.45,333.99,1,1,0,0,50.0,50.0,0.0,0.0
18,toilets,2,26.84,4.7,48.98,2,0,0,0,100.0,0.0,0.0,0.0
18,fire_station,2,273.5,232.14,314.86,0,2,0,0,0.0,100.0,0.0,0.0
18,boathouse,2,57.12,57.01,57.23,2,0,0,0,100.0,0.0,0.0,0.0
18,church,2,401.01,213.92,588.09,0,1,1,0,0.0,50.0,50.0,0.0
18,農業生産用資材倉庫,1,2104.32,2104.32,2104.32,0,0,0,1,0.0,0.0,0.0,100.0
18,government,1,672.12,672.12,672.12,0,0,1,0,0.0,0.0,100.0,0.0
18,gatehouse,1,415.67,415.67,415.67,0,1,0,0,0.0,100.0,0.0,0.0
18,farm,1,152.41,152.41,152.41,0,1,0,0,0.0,100.0,0.0,0.0
18,semidetached_house,1,152.28,152.28,152.28,0,1,0,0,0.0,100.0,0.0,0.0
18,community_centre,1,142.76,142.76,142.76,0,1,0,0,0.0,100.0,0.0,0.0
18,college,1,1733.55,1733.55,1733.55,0,0,0,1,0.0,0.0,0.0,100.0
18,townhall,1,245.31,245.31,245.31,0,1,0,0,0.0,100.0,0.0,0.0
18,JA福井県 あわら総合物流センター,1,3299.61,3299.61,3299.61,0,0,0,1,0.0,0.0,0.0,100.0
18,bungalow,1,38.7,38.7,38.7,1,0,0,0,100.0,0.0,0.0,0.0
18,かめ・かえる館,1,210.57,210.57,210.57,0,1,0,0,0.0,100.0,0.0,0.0
18,大雲寺　北陸別院,1,590.26,590.26,590.26,0,0,1,0,0.0,0.0,100.0,0.0
18,福井県新規就農支援施設 ふくい園芸カレッジ,1,989.85,989.85,989.85,0,0,1,0,0.0,0.0,100.0,0.0
19,yes,179320,131.43,0.97,39991.9,101988,73154,2638,1540,56.87,40.8,1.47,0.86
19,house,1834,114.63,7.23,816.2,923,906,5,0,50.33,49.4,0.27,0.0
19,retail,465,1308.37,34.74,36275.04,24,189,83,169,5.16,40.65,17.85,36.34
19,apartments,234,347.86,87.85,3893.55,5,188,34,7,2.14,80.34,14.53,2.99
19,roof,151,137.66,0.43,1012.21,86,61,3,1,56.95,40.4,1.99,0.66
19,greenhouse,138,453.57,55.09,25075.16,29,88,15,6,21.01,63.77,10.87,4.35
19,school,122,1186.11,21.17,5990.98,3,22,35,62,2.46,18.03,28.69,50.82
19,hotel,71,1640.88,112.67,9667.11,0,11,20,40,0.0,15.49,28.17,56.34
19,residential,67,168.74,50.82,1916.46,43,20,2,2,64.18,29.85,2.99,2.99
19,office,65,632.71,123.82,5143.06,0,43,13,9,0.0,66.15,20.0,13.85
19,supermarket,52,2352.61,151.64,9756.33,0,8,5,39,0.0,15.38,9.62,75.0
19,industrial,52,2137.02,46.85,44134.28,5,16,9,22,9.62,30.77,17.31,42.31
19,university,47,987.89,57.64,6923.87,2,20,10,15,4.26,42.55,21.28,31.91
19,detached,43,116.71,37.71,473.29,27,16,0,0,62.79,37.21,0.0,0.0
19,public,37,1411.22,121.58,8332.4,0,9,7,21,0.0,24.32,18.92,56.76
19,garage,36,72.68,8.88,670.55,30,5,1,0,83.33,13.89,2.78,0.0
19,temple,36,353.6,13.03,2141.96,5,23,7,1,13.89,63.89,19.44,2.78
19,commercial,32,1356.3,17.55,22127.54,2,17,5,8,6.25,53.13,15.63,25.0
19,train_station,31,475.53,30.07,2594.23,5,15,8,3,16.13,48.39,25.81,9.68
19,hut,27,35.98,3.63,244.04,26,1,0,0,96.3,3.7,0.0,0.0
19,college,24,741.05,74.07,2449.41,1,10,6,7,4.17,41.67,25.0,29.17
19,warehouse,17,1559.27,20.81,6491.39,4,4,3,6,23.53,23.53,17.65,35.29
19,shed,15,99.52,17.36,230.85,6,9,0,0,40.0,60.0,0.0,0.0
19,hospital,14,1510.87,235.95,5969.7,0,5,2,7,0.0,35.71,14.29,50.0
19,shrine,11,630.9,111.42,2189.31,0,6,2,3,0.0,54.55,18.18,27.27
19,kindergarten,7,850.13,178.93,1793.71,0,1,3,3,0.0,14.29,42.86,42.86
19,transportation,6,283.14,22.31,453.0,1,5,0,0,16.67,83.33,0.0,0.0
19,toilets,4,118.59,28.54,212.41,2,2,0,0,50.0,50.0,0.0,0.0
19,grandstand,4,2568.91,962.8,3669.43,0,0,1,3,0.0,0.0,25.0,75.0
19,farm_auxiliary,3,192.99,67.21,431.59,2,1,0,0,66.67,33.33,0.0,0.0
19,parking,3,3044.62,62.75,5525.0,1,0,0,2,33.33,0.0,0.0,66.67
19,church,3,140.14,51.63,290.23,2,1,0,0,66.67,33.33,0.0,0.0
19,cabin,2,11.03,7.07,14.99,2,0,0,0,100.0,0.0,0.0,0.0
19,pagoda,2,108.31,62.76,153.86,1,1,0,0,50.0,50.0,0.0,0.0
19,fire_station,2,74.97,35.36,114.57,1,1,0,0,50.0,50.0,0.0,0.0
19,storage_tank,2,201.89,179.23,224.54,0,2,0,0,0.0,100.0,0.0,0.0
19,cowshed,2,593.45,575.89,611.0,0,0,2,0,0.0,0.0,100.0,0.0
19,manufacture,2,23094.61,9668.06,36521.15,0,0,0,2,0.0,0.0,0.0,100.0
19,barn,1,159.68,159.68,159.68,0,1,0,0,0.0,100.0,0.0,0.0
19,government,1,44.42,44.42,44.42,1,0,0,0,100.0,0.0,0.0,0.0
19,factory,1,2731.73,2731.73,2731.73,0,0,0,1,0.0,0.0,0.0,100.0
19,sports_centre,1,2863.75,2863.75,2863.75,0,0,0,1,0.0,0.0,0.0,100.0
19,sports_hall,1,7633.28,7633.28,7633.28,0,0,0,1,0.0,0.0,0.0,100.0
19,civic,1,1149.63,1149.63,1149.63,0,0,0,1,0.0,0.0,0.0,100.0
19,carport,1,46.21,46.21,46.21,1,0,0,0,100.0,0.0,0.0,0.0
19,bungalow,1,113.59,113.59,113.59,0,1,0,0,0.0,100.0,0.0,0.0
19,no,1,16722.28,16722.28,16722.28,0,0,0,1,0.0,0.0,0.0,100.0
2,yes,353326,135.02,0.08,65753.34,220790,121928,5800,4808,62.49,34.51,1.64,1.36
2,house,3769,148.37,1.46,7324.0,1623,2100,35,11,43.06,55.72,0.93,0.29
2,greenhouse,2974,164.24,18.75,3621.97,843,2096,28,7,28.35,70.48,0.94,0.24
2,apartments,464,329.09,11.1,3548.81,55,334,56,19,11.85,71.98,12.07,4.09
2,hut,375,63.29,2.69,547.64,305,68,2,0,81.33,18.13,0.53,0.0
2,school,305,1609.32,7.35,22316.4,48,40,56,161,15.74,13.11,18.36,52.79
2,residential,293,187.2,36.04,547.18,64,218,11,0,21.84,74.4,3.75,0.0
2,roof,242,150.34,2.92,6533.19,170,61,6,5,70.25,25.21,2.48,2.07
2,storage_tank,222,1516.56,7.73,5526.17,40,104,14,64,18.02,46.85,6.31,28.83
2,retail,217,1858.03,33.01,21756.48,20,95,22,80,9.22,43.78,10.14,36.87
2,detached,195,159.09,40.59,601.32,52,141,2,0,26.67,72.31,1.03,0.0
2,garage,111,113.69,1.91,6810.31,100,8,2,1,90.09,7.21,1.8,0.9
2,industrial,98,913.95,13.67,10599.62,21,34,20,23,21.43,34.69,20.41,23.47
2,tank,95,202.23,33.59,561.63,22,70,3,0,23.16,73.68,3.16,0.0
2,bungalow,87,54.58,22.36,150.35,76,11,0,0,87.36,12.64,0.0,0.0
2,hangar,80,1239.83,244.19,5442.47,0,3,62,15,0.0,3.75,77.5,18.75
2,shed,75,13.71,2.19,114.8,72,3,0,0,96.0,4.0,0.0,0.0
2,warehouse,70,579.61,5.32,16538.68,37,24,3,6,52.86,34.29,4.29,8.57
2,train_station,55,831.53,7.5,11715.96,11,27,9,8,20.0,49.09,16.36,14.55
2,commercial,48,819.34,65.08,2685.22,7,17,6,18,14.58,35.42,12.5,37.5
2,office,42,454.5,46.74,2102.68,6,23,9,4,14.29,54.76,21.43,9.52
2,public,41,2075.31,86.92,7394.18,1,7,5,28,2.44,17.07,12.2,68.29
2,hospital,40,2314.55,7.64,16493.8,5,7,4,24,12.5,17.5,10.0,60.0
2,kindergarten,38,720.01,76.9,2587.26,1,12,17,8,2.63,31.58,44.74,21.05
2,hotel,28,1649.73,139.37,8370.68,0,12,5,11,0.0,42.86,17.86,39.29
2,ruins,28,205.34,11.92,1261.63,17,7,2,2,60.71,25.0,7.14,7.14
2,college,23,560.01,71.28,1756.83,2,13,4,4,8.7,56.52,17.39,17.39
2,temple,22,502.67,14.19,1259.92,2,9,10,1,9.09,40.91,45.45,4.55
2,carport,13,69.47,15.95,235.47,10,3,0,0,76.92,23.08,0.0,0.0
2,dormitory,13,737.86,297.45,2574.03,0,5,7,1,0.0,38.46,53.85,7.69
2,fire_station,11,323.72,33.98,1420.47,5,5,0,1,45.45,45.45,0.0,9.09
2,supermarket,10,6439.5,220.21,43838.23,0,1,0,9,0.0,10.0,0.0,90.0
2,construction,10,2369.75,104.65,5365.15,0,2,2,6,0.0,20.0,20.0,60.0
2,parking,10,2570.52,1205.39,5768.25,0,0,0,10,0.0,0.0,0.0,100.0
2,silo,8,1538.39,85.42,11413.96,4,3,0,1,50.0,37.5,0.0,12.5
2,shrine,7,242.22,61.34,712.04,4,2,1,0,57.14,28.57,14.29,0.0
2,watchtower,7,14.84,2.27,22.96,7,0,0,0,100.0,0.0,0.0,0.0
2,farm_auxiliary,7,2303.41,221.07,5298.73,0,1,0,6,0.0,14.29,0.0,85.71
2,university,7,3157.59,234.01,9100.57,0,2,1,4,0.0,28.57,14.29,57.14
2,garages,6,4334.25,119.14,14155.47,0,4,0,2,0.0,66.67,0.0,33.33
2,service,6,83.27,39.55,178.27,5,1,0,0,83.33,16.67,0.0,0.0
2,gasometer,4,3088.17,300.21,5993.31,0,2,0,2,0.0,50.0,0.0,50.0
2,gatehouse,4,148.23,136.38,162.42,0,4,0,0,0.0,100.0,0.0,0.0
2,pavilion,3,1779.18,87.76,5028.08,1,1,0,1,33.33,33.33,0.0,33.33
2,civic,3,2079.39,639.29,3463.5,0,0,1,2,0.0,0.0,33.33,66.67
2,toilets,3,45.42,27.37,54.47,3,0,0,0,100.0,0.0,0.0,0.0
2,transportation,3,281.82,13.23,564.53,1,1,1,0,33.33,33.33,33.33,0.0
2,sports_hall,2,648.4,398.61,898.18,0,1,1,0,0.0,50.0,50.0,0.0
2,E,2,42.65,37.37,47.92,2,0,0,0,100.0,0.0,0.0,0.0
2,church,2,171.47,164.16,178.78,0,2,0,0,0.0,100.0,0.0,0.0
2,station,2,72.16,57.31,87.01,2,0,0,0,100.0,0.0,0.0,0.0
2,bridge,1,24.88,24.88,24.88,1,0,0,0,100.0,0.0,0.0,0.0
2,pagoda,1,523.93,523.93,523.93,0,0,1,0,0.0,0.0,100.0,0.0
2,terrace,1,112.06,112.06,112.06,0,1,0,0,0.0,100.0,0.0,0.0
2,transformer_tower,1,198.79,198.79,198.79,0,1,0,0,0.0,100.0,0.0,0.0
2,n,1,464.96,464.96,464.96,0,1,0,0,0.0,100.0,0.0,0.0
20,yes,310175,141.72,0.18,115486.72,176851,123510,5743,4071,57.02,39.82,1.85,1.31
20,house,146467,101.41,0.87,3946.54,78551,67792,119,5,53.63,46.28,0.08,0.0
20,agricultural,8113,46.54,1.41,2243.38,7469,589,43,12,92.06,7.26,0.53,0.15
20,detached,7779,134.6,1.95,553.31,2324,5451,4,0,29.88,70.07,0.05,0.0
20,industrial,6944,535.1,1.42,38431.02,2929,2569,678,768,42.18,37.0,9.76,11.06
20,apartments,6759,190.07,1.03,3274.65,1812,4624,245,78,26.81,68.41,3.62,1.15
20,residential,4862,126.92,1.06,3881.96,2173,2654,31,4,44.69,54.59,0.64,0.08
20,public,4842,229.06,0.65,5938.92,2812,1488,271,271,58.08,30.73,5.6,5.6
20,retail,4368,459.24,1.05,21569.32,1729,1908,294,437,39.58,43.68,6.73,10.0
20,commercial,2762,212.34,1.37,13092.23,1217,1316,154,75,44.06,47.65,5.58,2.72
20,warehouse,2331,234.34,1.34,18872.33,1384,729,116,102,59.37,31.27,4.98,4.38
20,hotel,1379,354.79,1.06,6866.58,706,376,153,144,51.2,27.27,11.09,10.44
20,greenhouse,1284,479.38,5.68,12223.35,168,738,237,141,13.08,57.48,18.46,10.98
20,school,828,980.4,4.73,8692.38,113,240,182,293,13.65,28.99,21.98,35.39
20,roof,540,169.61,0.86,4990.7,291,219,21,9,53.89,40.56,3.89,1.67
20,government,432,193.75,2.24,2994.36,310,76,23,23,71.76,17.59,5.32,5.32
20,garage,419,127.59,7.65,7380.35,319,87,8,5,76.13,20.76,1.91,1.19
20,temple,308,326.26,2.73,2029.8,115,122,50,21,37.34,39.61,16.23,6.82
20,shed,167,45.14,2.77,714.07,153,13,1,0,91.62,7.78,0.6,0.0
20,hospital,133,1764.12,22.59,18218.57,8,44,28,53,6.02,33.08,21.05,39.85
20,office,110,405.41,33.31,2415.1,19,63,17,11,17.27,57.27,15.45,10.0
20,train_station,92,566.5,3.88,6611.5,16,53,11,12,17.39,57.61,11.96,13.04
20,hut,80,42.76,7.32,168.32,74,6,0,0,92.5,7.5,0.0,0.0
20,allotment_house,79,211.02,56.59,925.34,9,69,1,0,11.39,87.34,1.27,0.0
20,kindergarten,65,1069.97,240.51,5591.14,0,11,22,32,0.0,16.92,33.85,49.23
20,farm_auxiliary,51,380.5,12.99,2371.67,13,28,5,5,25.49,54.9,9.8,9.8
20,university,47,1050.93,212.72,2499.67,0,7,21,19,0.0,14.89,44.68,40.43
20,civic,46,1361.33,38.57,6484.16,3,10,16,17,6.52,21.74,34.78,36.96
20,shrine,41,105.5,5.6,599.97,29,10,2,0,70.73,24.39,4.88,0.0
20,semidetached_house,39,79.9,1.8,634.43,28,10,1,0,71.79,25.64,2.56,0.0
20,carport,38,33.47,10.21,132.32,37,1,0,0,97.37,2.63,0.0,0.0
20,supermarket,33,2999.79,783.56,7867.64,0,0,1,32,0.0,0.0,3.03,96.97
20,parking,32,1345.09,42.63,2885.52,2,3,5,22,6.25,9.38,15.63,68.75
20,historic,29,346.6,2.82,1882.33,11,12,4,2,37.93,41.38,13.79,6.9
20,fire_station,28,471.15,22.77,1737.93,9,8,7,4,32.14,28.57,25.0,14.29
20,bungalow,21,44.94,14.88,215.12,19,2,0,0,90.48,9.52,0.0,0.0
20,transportation,18,756.64,33.3,2388.49,2,7,4,5,11.11,38.89,22.22,27.78
20,church,17,345.92,7.6,971.95,5,8,4,0,29.41,47.06,23.53,0.0
20,farm,16,243.66,36.79,799.84,1,14,1,0,6.25,87.5,6.25,0.0
20,ruins,16,214.72,10.87,1556.91,7,8,0,1,43.75,50.0,0.0,6.25
20,stadium,15,7355.07,175.98,34616.35,0,1,1,13,0.0,6.67,6.67,86.67
20,toilets,14,42.19,10.15,100.6,13,1,0,0,92.86,7.14,0.0,0.0
20,dormitory,14,430.78,206.56,792.05,0,10,4,0,0.0,71.43,28.57,0.0
20,sports_hall,14,2630.82,684.36,9876.34,0,0,3,11,0.0,0.0,21.43,78.57
20,college,14,1602.4,318.9,7064.4,0,5,4,5,0.0,35.71,28.57,35.71
20,garages,13,364.65,54.88,3062.24,5,7,0,1,38.46,53.85,0.0,7.69
20,cowshed,10,402.43,68.11,1001.25,2,5,2,1,20.0,50.0,20.0,10.0
20,terrace,7,203.0,132.63,324.75,0,7,0,0,0.0,100.0,0.0,0.0
20,gazebo,7,81.38,16.33,411.41,6,1,0,0,85.71,14.29,0.0,0.0
20,cabin,6,84.78,25.58,207.96,4,2,0,0,66.67,33.33,0.0,0.0
20,grandstand,6,444.29,107.54,720.68,0,3,3,0,0.0,50.0,50.0,0.0
20,gatehouse,6,99.9,18.84,193.37,3,3,0,0,50.0,50.0,0.0,0.0
20,gate,5,39.19,18.45,93.06,5,0,0,0,100.0,0.0,0.0,0.0
20,pavilion,5,1108.78,13.01,3894.98,2,1,0,2,40.0,20.0,0.0,40.0
20,stable,4,182.99,45.34,312.19,2,2,0,0,50.0,50.0,0.0,0.0
20,barn,4,757.76,28.78,2728.08,1,2,0,1,25.0,50.0,0.0,25.0
20,shop,3,847.15,219.94,1354.34,0,1,1,1,0.0,33.33,33.33,33.33
20,chapel,3,126.57,87.24,151.28,1,2,0,0,33.33,66.67,0.0,0.0
20,service,3,445.59,14.33,1212.5,1,1,0,1,33.33,33.33,0.0,33.33
20,hangar,3,96.36,38.71,133.7,1,2,0,0,33.33,66.67,0.0,0.0
20,museum,3,730.87,473.89,896.32,0,1,2,0,0.0,33.33,66.67,0.0
20,sty,2,679.73,657.93,701.52,0,0,2,0,0.0,0.0,100.0,0.0
20,tower,2,127.42,43.35,211.48,1,1,0,0,50.0,50.0,0.0,0.0
20,sports_centre,2,5141.29,1058.05,9224.53,0,0,0,2,0.0,0.0,0.0,100.0
20,bridge,2,40.31,37.35,43.27,2,0,0,0,100.0,0.0,0.0,0.0
20,restaurant,2,560.57,94.67,1026.47,1,0,0,1,50.0,0.0,0.0,50.0
20,no,2,17265.19,11043.55,23486.83,0,0,0,2,0.0,0.0,0.0,100.0
20,wayside_shrine,2,5.97,2.5,9.44,2,0,0,0,100.0,0.0,0.0,0.0
20,factory,2,16663.28,15148.83,18177.72,0,0,0,2,0.0,0.0,0.0,100.0
20,mosque,1,201.05,201.05,201.05,0,1,0,0,0.0,100.0,0.0,0.0
20,theatre,1,349.82,349.82,349.82,0,1,0,0,0.0,100.0,0.0,0.0
20,construction,1,284.89,284.89,284.89,0,1,0,0,0.0,100.0,0.0,0.0
20,gasometer,1,478.68,478.68,478.68,0,1,0,0,0.0,100.0,0.0,0.0
20,public_building,1,1734.49,1734.49,1734.49,0,0,0,1,0.0,0.0,0.0,100.0
20,amenity,1,806.95,806.95,806.95,0,0,1,0,0.0,0.0,100.0,0.0
20,childcare,1,754.86,754.86,754.86,0,0,1,0,0.0,0.0,100.0,0.0
20,nursing_home,1,1497.77,1497.77,1497.77,0,0,0,1,0.0,0.0,0.0,100.0
20,disused,1,138.66,138.66,138.66,0,1,0,0,0.0,100.0,0.0,0.0
20,boathouse,1,230.4,230.4,230.4,0,1,0,0,0.0,100.0,0.0,0.0
20,gallery,1,72.84,72.84,72.84,1,0,0,0,100.0,0.0,0.0,0.0
21,yes,83273,192.91,0.04,75189.31,48451,30377,2177,2268,58.18,36.48,2.61,2.72
21,house,4265,132.12,2.29,2349.21,1828,2411,22,4,42.86,56.53,0.52,0.09
21,garage,830,41.1,1.45,1667.2,778,47,3,2,93.73,5.66,0.36,0.24
21,detached,755,102.55,3.78,1435.18,473,277,4,1,62.65,36.69,0.53,0.13
21,residential,744,149.86,2.92,1592.67,275,457,11,1,36.96,61.42,1.48,0.13
21,apartments,639,280.93,21.45,1659.27,27,564,41,7,4.23,88.26,6.42,1.1
21,industrial,556,2581.99,3.35,79611.12,80,159,76,241,14.39,28.6,13.67,43.35
21,retail,550,1372.38,3.95,63223.06,86,298,48,118,15.64,54.18,8.73,21.45
21,roof,531,139.03,0.51,2769.93,328,176,21,6,61.77,33.15,3.95,1.13
21,greenhouse,493,832.75,29.04,16042.04,38,215,97,143,7.71,43.61,19.68,29.01
21,hut,357,28.27,1.42,492.48,352,5,0,0,98.6,1.4,0.0,0.0
21,school,232,1359.94,18.1,12443.57,12,54,51,115,5.17,23.28,21.98,49.57
21,shed,190,28.85,1.26,355.35,183,7,0,0,96.32,3.68,0.0,0.0
21,commercial,103,774.29,31.52,6213.33,11,49,18,25,10.68,47.57,17.48,24.27
21,warehouse,60,2453.59,7.18,34039.63,10,13,14,23,16.67,21.67,23.33,38.33
21,temple,58,423.4,3.03,2349.1,12,30,12,4,20.69,51.72,20.69,6.9
21,sidewalk,52,107.3,8.78,366.66,26,26,0,0,50.0,50.0,0.0,0.0
21,train_station,48,570.71,8.54,5337.78,18,18,3,9,37.5,37.5,6.25,18.75
21,university,47,1047.08,19.14,9815.7,5,14,16,12,10.64,29.79,34.04,25.53
21,public,39,1250.71,98.74,4959.93,1,12,5,21,2.56,30.77,12.82,53.85
21,hospital,39,4376.44,32.4,97548.62,5,14,4,16,12.82,35.9,10.26,41.03
21,college,28,653.12,0.46,4331.73,13,7,3,5,46.43,25.0,10.71,17.86
21,manufacture,27,2219.33,33.44,20186.19,3,8,7,9,11.11,29.63,25.93,33.33
21,kindergarten,27,904.67,269.36,1880.04,0,4,13,10,0.0,14.81,48.15,37.04
21,hotel,25,734.02,172.08,3402.33,0,13,7,5,0.0,52.0,28.0,20.0
21,shrine,23,85.74,0.44,391.84,15,8,0,0,65.22,34.78,0.0,0.0
21,office,16,627.53,71.78,3345.76,1,10,2,3,6.25,62.5,12.5,18.75
21,carport,15,44.73,9.23,81.1,15,0,0,0,100.0,0.0,0.0,0.0
21,service,8,32.3,6.32,94.0,8,0,0,0,100.0,0.0,0.0,0.0
21,hangar,8,1748.9,52.81,6609.24,2,2,1,3,25.0,25.0,12.5,37.5
21,cabin,7,108.59,52.38,169.88,4,3,0,0,57.14,42.86,0.0,0.0
21,civic,7,1911.67,400.51,3774.05,0,2,1,4,0.0,28.57,14.29,57.14
21,garages,6,349.82,30.59,820.8,3,1,2,0,50.0,16.67,33.33,0.0
21,dormitory,5,1193.28,266.29,3197.63,0,2,1,2,0.0,40.0,20.0,40.0
21,ruins,5,712.68,19.88,1435.07,1,1,1,2,20.0,20.0,20.0,40.0
21,church,5,314.28,29.78,1191.65,3,1,0,1,60.0,20.0,0.0,20.0
21,pavilion,4,157.82,46.64,330.93,2,2,0,0,50.0,50.0,0.0,0.0
21,supermarket,4,1394.34,103.73,2661.63,0,2,0,2,0.0,50.0,0.0,50.0
21,parking,3,3331.32,840.51,7204.21,0,0,1,2,0.0,0.0,33.33,66.67
21,sports_hall,3,2055.55,1334.83,2954.97,0,0,0,3,0.0,0.0,0.0,100.0
21,stadium,3,1726.85,726.05,2684.27,0,0,1,2,0.0,0.0,33.33,66.67
21,toilets,3,142.02,47.16,242.03,1,2,0,0,33.33,66.67,0.0,0.0
21,barn,3,49.88,21.42,85.48,3,0,0,0,100.0,0.0,0.0,0.0
21,transportation,3,479.55,257.43,908.96,0,2,1,0,0.0,66.67,33.33,0.0
21,no,2,3463.48,2672.71,4254.24,0,0,0,2,0.0,0.0,0.0,100.0
21,fire_station,2,572.53,68.49,1076.57,1,0,0,1,50.0,0.0,0.0,50.0
21,construction,2,1478.6,65.1,2892.09,1,0,0,1,50.0,0.0,0.0,50.0
21,gate,2,6.91,6.17,7.64,2,0,0,0,100.0,0.0,0.0,0.0
21,terrace,2,138.26,106.93,169.59,0,2,0,0,0.0,100.0,0.0,0.0
21,sports_centre,1,2157.21,2157.21,2157.21,0,0,0,1,0.0,0.0,0.0,100.0
21,cowshed,1,959.2,959.2,959.2,0,0,1,0,0.0,0.0,100.0,0.0
21,historic,1,282.33,282.33,282.33,0,1,0,0,0.0,100.0,0.0,0.0
21,farm,1,56.59,56.59,56.59,1,0,0,0,100.0,0.0,0.0,0.0
21,government,1,145.88,145.88,145.88,0,1,0,0,0.0,100.0,0.0,0.0
21,pagoda,1,97.52,97.52,97.52,1,0,0,0,100.0,0.0,0.0,0.0
21,Casa de Arai,1,192.72,192.72,192.72,0,1,0,0,0.0,100.0,0.0,0.0
21,bungalow,1,1878.51,1878.51,1878.51,0,0,0,1,0.0,0.0,0.0,100.0
21,ssh,1,976.37,976.37,976.37,0,0,1,0,0.0,0.0,100.0,0.0
22,yes,1550057,119.94,0.16,168975.66,1034203,483554,18625,13675,66.72,31.2,1.2,0.88
22,greenhouse,24369,433.5,4.67,13299.13,4153,13499,3909,2808,17.04,55.39,16.04,11.52
22,house,23485,102.41,2.61,11645.93,14888,8503,63,31,63.39,36.21,0.27,0.13
22,roof,12604,48.26,0.58,13362.27,11559,904,98,43,91.71,7.17,0.78,0.34
22,apartments,4929,265.53,5.12,4564.11,437,4036,374,82,8.87,81.88,7.59,1.66
22,school,1689,998.83,15.97,10734.82,292,455,327,615,17.29,26.94,19.36,36.41
22,industrial,1313,3306.07,7.5,75767.02,87,308,218,700,6.63,23.46,16.6,53.31
22,retail,1101,1064.2,9.92,57504.83,139,592,117,253,12.62,53.77,10.63,22.98
22,carport,1050,26.02,6.06,228.36,1048,2,0,0,99.81,0.19,0.0,0.0
22,warehouse,704,830.83,0.97,34603.0,380,139,50,135,53.98,19.74,7.1,19.18
22,commercial,374,742.23,37.07,24250.03,42,206,58,68,11.23,55.08,15.51,18.18
22,residential,340,137.04,2.64,1679.75,189,139,8,4,55.59,40.88,2.35,1.18
22,shed,253,12.61,1.07,148.79,250,3,0,0,98.81,1.19,0.0,0.0
22,kindergarten,181,748.59,79.76,3802.29,6,64,73,38,3.31,35.36,40.33,20.99
22,hotel,173,1062.72,7.23,10987.48,7,72,39,55,4.05,41.62,22.54,31.79
22,toilets,168,16.38,0.54,229.27,165,3,0,0,98.21,1.79,0.0,0.0
22,hospital,167,1637.19,11.96,18773.47,53,47,17,50,31.74,28.14,10.18,29.94
22,train_station,151,610.61,23.84,23975.76,36,87,10,18,23.84,57.62,6.62,11.92
22,temple,149,383.23,9.21,5123.93,10,116,18,5,6.71,77.85,12.08,3.36
22,shrine,145,95.89,2.39,1625.5,103,39,2,1,71.03,26.9,1.38,0.69
22,terrace,99,97.06,64.43,285.27,77,22,0,0,77.78,22.22,0.0,0.0
22,office,92,491.39,14.05,3435.37,12,57,9,14,13.04,61.96,9.78,15.22
22,detached,86,100.91,41.13,293.4,57,29,0,0,66.28,33.72,0.0,0.0
22,public,84,1123.98,51.96,14295.65,6,36,11,31,7.14,42.86,13.1,36.9
22,garage,84,159.13,4.57,2227.72,63,13,7,1,75.0,15.48,8.33,1.19
22,parking,75,1152.2,38.09,6971.57,15,12,13,35,20.0,16.0,17.33,46.67
22,hut,45,55.43,2.02,1378.67,43,1,0,1,95.56,2.22,0.0,2.22
22,storage_tank,38,113.76,1.82,720.05,26,10,2,0,68.42,26.32,5.26,0.0
22,sports_hall,31,1878.42,711.49,12706.37,0,0,7,24,0.0,0.0,22.58,77.42
22,dormitory,30,685.92,172.15,2732.97,0,15,8,7,0.0,50.0,26.67,23.33
22,hangar,19,2715.69,387.68,6017.74,0,1,5,13,0.0,5.26,26.32,68.42
22,supermarket,19,2675.84,387.22,6535.75,0,1,2,16,0.0,5.26,10.53,84.21
22,fire_station,19,222.93,56.51,741.48,5,12,2,0,26.32,63.16,10.53,0.0
22,service,19,270.99,1.32,3368.9,16,0,2,1,84.21,0.0,10.53,5.26
22,farm,16,272.77,15.55,1177.1,8,4,3,1,50.0,25.0,18.75,6.25
22,transportation,15,392.55,43.54,1289.25,1,10,3,1,6.67,66.67,20.0,6.67
22,university,13,891.27,25.01,2598.17,1,5,3,4,7.69,38.46,23.08,30.77
22,bungalow,12,44.94,33.48,66.47,12,0,0,0,100.0,0.0,0.0,0.0
22,barn,11,275.68,55.33,541.66,2,8,1,0,18.18,72.73,9.09,0.0
22,garages,10,193.17,39.31,699.83,6,3,1,0,60.0,30.0,10.0,0.0
22,no,9,77326.98,10.94,435616.17,1,0,0,8,11.11,0.0,0.0,88.89
22,stadium,8,2213.2,283.5,5569.0,0,2,1,5,0.0,25.0,12.5,62.5
22,church,8,256.17,58.15,561.27,1,6,1,0,12.5,75.0,12.5,0.0
22,bridge,7,117.64,4.36,291.26,3,4,0,0,42.86,57.14,0.0,0.0
22,civic,7,387.78,93.97,765.86,1,4,2,0,14.29,57.14,28.57,0.0
22,gatehouse,5,60.46,8.37,119.66,3,2,0,0,60.0,40.0,0.0,0.0
22,college,5,958.49,266.81,2215.16,0,3,0,2,0.0,60.0,0.0,40.0
22,kiosk,4,4.38,2.84,5.54,4,0,0,0,100.0,0.0,0.0,0.0
22,farm_auxiliary,4,599.66,425.22,1075.75,0,3,0,1,0.0,75.0,0.0,25.0
22,grandstand,4,4695.61,95.66,16106.81,1,0,0,3,25.0,0.0,0.0,75.0
22,sports_centre,4,1067.8,213.91,1985.8,0,2,0,2,0.0,50.0,0.0,50.0
22,chapel,4,227.02,109.46,309.74,0,4,0,0,0.0,100.0,0.0,0.0
22,ruins,3,533.52,120.44,1240.32,0,2,0,1,0.0,66.67,0.0,33.33
22,power station,3,19607.57,17257.86,22894.77,0,0,0,3,0.0,0.0,0.0,100.0
22,cowshed,2,1215.97,1037.42,1394.52,0,0,0,2,0.0,0.0,0.0,100.0
22,grass,2,66.17,40.97,91.37,2,0,0,0,100.0,0.0,0.0,0.0
22,greengreenｑ,2,327.19,31.16,623.22,1,0,1,0,50.0,0.0,50.0,0.0
22,construction,2,2282.67,371.82,4193.51,0,1,0,1,0.0,50.0,0.0,50.0
22,grq,1,85.93,85.93,85.93,1,0,0,0,100.0,0.0,0.0,0.0
22,stable,1,13.85,13.85,13.85,1,0,0,0,100.0,0.0,0.0,0.0
22,greens,1,715.41,715.41,715.41,0,0,1,0,0.0,0.0,100.0,0.0
22,government,1,836.9,836.9,836.9,0,0,1,0,0.0,0.0,100.0,0.0
22,parking_lot,1,1597.74,1597.74,1597.74,0,0,0,1,0.0,0.0,0.0,100.0
22,windmill,1,41.45,41.45,41.45,1,0,0,0,100.0,0.0,0.0,0.0
22,yes;public,1,321.3,321.3,321.3,0,1,0,0,0.0,100.0,0.0,0.0
22,museum,1,752.61,752.61,752.61,0,0,1,0,0.0,0.0,100.0,0.0
22,restaurant,1,278.18,278.18,278.18,0,1,0,0,0.0,100.0,0.0,0.0
22,motel,1,564.45,564.45,564.45,0,0,1,0,0.0,0.0,100.0,0.0
22,monastery,1,549.35,549.35,549.35,0,0,1,0,0.0,0.0,100.0,0.0
22,demolished,1,162.08,162.08,162.08,0,1,0,0,0.0,100.0,0.0,0.0
22,castle,1,1287.72,1287.72,1287.72,0,0,0,1,0.0,0.0,0.0,100.0
22,gate,1,24.1,24.1,24.1,1,0,0,0,100.0,0.0,0.0,0.0
22,cabin,1,35.18,35.18,35.18,1,0,0,0,100.0,0.0,0.0,0.0
22,bus,1,157.65,157.65,157.65,0,1,0,0,0.0,100.0,0.0,0.0
22,guardhouse,1,7.34,7.34,7.34,1,0,0,0,100.0,0.0,0.0,0.0
23,yes,1288692,116.88,0.01,310598.88,923181,335847,16697,12967,71.64,26.06,1.3,1.01
23,house,272733,84.13,1.97,18333.89,199139,73511,65,18,73.02,26.95,0.02,0.01
23,apartments,42947,229.85,2.27,4585.83,11082,27876,3248,741,25.8,64.91,7.56,1.73
23,residential,14724,94.89,4.0,12005.16,9815,4845,49,15,66.66,32.91,0.33,0.1
23,industrial,14420,824.07,2.39,207014.8,4497,7199,1167,1557,31.19,49.92,8.09,10.8
23,retail,10114,494.54,7.1,59249.18,3312,5252,702,848,32.75,51.93,6.94,8.38
23,public,9740,211.23,1.32,13248.85,4937,3903,606,294,50.69,40.07,6.22,3.02
23,commercial,9317,219.93,0.06,18104.25,3869,4768,440,240,41.53,51.18,4.72,2.58
23,greenhouse,9111,600.13,3.58,20706.11,900,3966,2562,1683,9.88,43.53,28.12,18.47
23,warehouse,8439,246.11,0.59,86557.21,5025,2879,267,268,59.54,34.12,3.16,3.18
23,roof,2812,169.61,1.13,6398.7,1712,890,131,79,60.88,31.65,4.66,2.81
23,school,2711,722.42,0.01,9120.4,715,550,720,726,26.37,20.29,26.56,26.78
23,detached,2127,99.97,7.39,689.64,1291,833,3,0,60.7,39.16,0.14,0.0
23,shed,902,60.9,1.54,12509.95,817,81,3,1,90.58,8.98,0.33,0.11
23,agricultural,831,105.83,6.89,2085.67,602,207,16,6,72.44,24.91,1.93,0.72
23,garage,805,78.5,3.27,9166.2,729,65,5,6,90.56,8.07,0.62,0.75
23,government,666,239.87,5.83,6596.01,410,166,57,33,61.56,24.92,8.56,4.95
23,carport,516,26.59,5.32,103.11,515,1,0,0,99.81,0.19,0.0,0.0
23,temple,418,396.41,7.17,11372.23,35,310,58,15,8.37,74.16,13.88,3.59
23,university,400,986.72,11.67,20077.75,55,94,103,148,13.75,23.5,25.75,37.0
23,parking,263,1356.42,33.86,24704.03,57,40,39,127,21.67,15.21,14.83,48.29
23,hospital,239,1475.14,3.86,20740.0,31,70,39,99,12.97,29.29,16.32,41.42
23,sports_hall,215,1233.15,103.04,9448.85,0,6,112,97,0.0,2.79,52.09,45.12
23,office,210,593.31,10.79,5472.67,38,105,33,34,18.1,50.0,15.71,16.19
23,train_station,198,748.13,4.92,16559.34,50,69,41,38,25.25,34.85,20.71,19.19
23,shrine,183,319.65,0.28,35219.09,103,75,3,2,56.28,40.98,1.64,1.09
23,hotel,179,798.53,23.27,9388.48,22,79,39,39,12.29,44.13,21.79,21.79
23,kindergarten,163,715.41,23.28,7527.32,10,61,62,30,6.13,37.42,38.04,18.4
23,garages,76,243.49,14.8,7290.64,46,24,4,2,60.53,31.58,5.26,2.63
23,manufacture,68,4594.22,121.45,32091.55,0,6,7,55,0.0,8.82,10.29,80.88
23,dormitory,53,410.36,51.73,2607.3,13,26,13,1,24.53,49.06,24.53,1.89
23,cowshed,52,1409.04,216.24,5252.1,0,10,18,24,0.0,19.23,34.62,46.15
23,hut,47,39.51,2.78,172.47,43,4,0,0,91.49,8.51,0.0,0.0
23,barn,45,87.74,15.01,225.26,27,18,0,0,60.0,40.0,0.0,0.0
23,ruins,35,158.46,20.04,715.17,17,17,1,0,48.57,48.57,2.86,0.0
23,bridge,29,232.24,7.39,2462.43,16,9,3,1,55.17,31.03,10.34,3.45
23,farm_auxiliary,29,704.45,47.52,4736.9,2,17,6,4,6.9,58.62,20.69,13.79
23,terrace,26,192.99,113.37,351.9,0,26,0,0,0.0,100.0,0.0,0.0
23,college,25,592.58,121.78,1575.38,0,14,6,5,0.0,56.0,24.0,20.0
23,museum,25,2001.97,133.93,19676.85,0,13,2,10,0.0,52.0,8.0,40.0
23,civic,23,578.1,100.68,3687.69,0,15,6,2,0.0,65.22,26.09,8.7
23,storage_tank,22,274.31,3.4,844.33,11,5,6,0,50.0,22.73,27.27,0.0
23,construction,21,1356.14,215.35,7107.51,0,9,5,7,0.0,42.86,23.81,33.33
23,church,20,428.09,17.9,2748.35,2,14,2,2,10.0,70.0,10.0,10.0
23,glasshouse,18,509.28,30.61,1735.92,2,10,3,3,11.11,55.56,16.67,16.67
23,toilets,15,23.38,4.28,96.06,15,0,0,0,100.0,0.0,0.0,0.0
23,service,13,204.88,12.69,520.74,5,7,1,0,38.46,53.85,7.69,0.0
23,chapel,11,305.04,98.7,582.59,1,8,2,0,9.09,72.73,18.18,0.0
23,fire_station,11,297.66,41.26,1667.67,6,4,0,1,54.55,36.36,0.0,9.09
23,no,9,2106.16,65.99,13503.08,2,3,2,2,22.22,33.33,22.22,22.22
23,wayside_shrine,7,12.21,3.35,35.88,7,0,0,0,100.0,0.0,0.0,0.0
23,restaurant,7,227.97,34.73,511.33,2,4,1,0,28.57,57.14,14.29,0.0
23,stadium,7,3474.12,114.14,12668.76,0,1,0,6,0.0,14.29,0.0,85.71
23,supermarket,7,7115.64,179.8,21605.23,0,3,0,4,0.0,42.86,0.0,57.14
23,clinic,6,557.97,173.17,924.75,0,3,3,0,0.0,50.0,50.0,0.0
23,gate,6,74.95,22.59,186.96,4,2,0,0,66.67,33.33,0.0,0.0
23,pavilion,6,2979.57,63.14,15420.82,1,2,1,2,16.67,33.33,16.67,33.33
23,sty,6,535.29,97.26,1232.68,1,3,1,1,16.67,50.0,16.67,16.67
23,stable,5,249.88,147.49,359.73,0,5,0,0,0.0,100.0,0.0,0.0
23,gatehouse,4,151.93,66.4,325.54,1,3,0,0,25.0,75.0,0.0,0.0
23,cabin,4,129.93,38.88,332.62,3,1,0,0,75.0,25.0,0.0,0.0
23,library,4,1726.62,1357.79,1949.81,0,0,0,4,0.0,0.0,0.0,100.0
23,transportation,3,478.9,154.71,845.0,0,2,1,0,0.0,66.67,33.33,0.0
23,hangar,3,1866.75,1309.93,2783.23,0,0,0,3,0.0,0.0,0.0,100.0
23,torii,3,4.51,2.65,7.61,3,0,0,0,100.0,0.0,0.0,0.0
23,transformer_tower,2,264.64,252.77,276.5,0,2,0,0,0.0,100.0,0.0,0.0
23,tower,2,100.77,45.05,156.48,1,1,0,0,50.0,50.0,0.0,0.0
23,doctors,2,246.58,241.17,251.98,0,2,0,0,0.0,100.0,0.0,0.0
23,playground,2,48.99,40.99,56.98,2,0,0,0,100.0,0.0,0.0,0.0
23,bakehouse,2,205.43,182.18,228.67,0,2,0,0,0.0,100.0,0.0,0.0
23,tye,2,156.63,109.81,203.45,0,2,0,0,0.0,100.0,0.0,0.0
23,religious,2,360.02,186.71,533.33,0,1,1,0,0.0,50.0,50.0,0.0
23,community_centre,2,191.45,167.19,215.7,0,2,0,0,0.0,100.0,0.0,0.0
23,escalator,1,76.14,76.14,76.14,1,0,0,0,100.0,0.0,0.0,0.0
23,jinja,1,78.59,78.59,78.59,1,0,0,0,100.0,0.0,0.0,0.0
23,farm,1,173.82,173.82,173.82,0,1,0,0,0.0,100.0,0.0,0.0
23,Jinja,1,130.45,130.45,130.45,0,1,0,0,0.0,100.0,0.0,0.0
23,train,1,47.89,47.89,47.89,1,0,0,0,100.0,0.0,0.0,0.0
23,barracks,1,258.81,258.81,258.81,0,1,0,0,0.0,100.0,0.0,0.0
23,体育館,1,861.28,861.28,861.28,0,0,1,0,0.0,0.0,100.0,0.0
23,allotment_house,1,136.29,136.29,136.29,0,1,0,0,0.0,100.0,0.0,0.0
23,high_school,1,37569.59,37569.59,37569.59,0,0,0,1,0.0,0.0,0.0,100.0
23,place_of_worship,1,122.5,122.5,122.5,0,1,0,0,0.0,100.0,0.0,0.0
23,shop,1,205.5,205.5,205.5,0,1,0,0,0.0,100.0,0.0,0.0
23,community_center,1,370.22,370.22,370.22,0,1,0,0,0.0,100.0,0.0,0.0
23,pagoda,1,17.13,17.13,17.13,1,0,0,0,100.0,0.0,0.0,0.0
23,nursery_school,1,3821.85,3821.85,3821.85,0,0,0,1,0.0,0.0,0.0,100.0
23,corridor,1,2988.26,2988.26,2988.26,0,0,0,1,0.0,0.0,0.0,100.0
23,mosque,1,530.09,530.09,530.09,0,0,1,0,0.0,0.0,100.0,0.0
23,stupa,1,1130.29,1130.29,1130.29,0,0,0,1,0.0,0.0,0.0,100.0
24,yes,133831,163.29,0.04,94944.7,84400,44202,2651,2578,63.06,33.03,1.98,1.93
24,house,10740,114.88,3.0,2301.04,5743,4913,78,6,53.47,45.74,0.73,0.06
24,residential,4046,104.78,1.57,3610.56,2289,1746,8,3,56.57,43.15,0.2,0.07
24,apartments,1237,290.56,25.75,3107.44,60,1036,126,15,4.85,83.75,10.19,1.21
24,industrial,832,3125.91,10.79,87502.42,147,227,103,355,17.67,27.28,12.38,42.67
24,greenhouse,493,1214.06,30.48,8614.77,27,123,127,216,5.48,24.95,25.76,43.81
24,school,491,1055.09,7.96,14788.31,22,121,146,202,4.48,24.64,29.74,41.14
24,roof,462,179.26,1.11,4804.49,298,127,22,15,64.5,27.49,4.76,3.25
24,retail,452,1635.6,6.22,49756.47,90,206,39,117,19.91,45.58,8.63,25.88
24,warehouse,364,1104.78,1.96,57439.76,224,86,7,47,61.54,23.63,1.92,12.91
24,detached,361,139.2,13.1,1112.37,110,246,4,1,30.47,68.14,1.11,0.28
24,hut,294,30.78,1.71,238.26,285,9,0,0,96.94,3.06,0.0,0.0
24,commercial,269,962.07,32.17,24298.9,38,147,37,47,14.13,54.65,13.75,17.47
24,garage,250,81.28,4.11,6589.69,224,22,2,2,89.6,8.8,0.8,0.8
24,church,128,120.02,16.17,1358.14,45,82,0,1,35.16,64.06,0.0,0.78
24,university,92,943.04,10.35,3232.25,8,22,27,35,8.7,23.91,29.35,38.04
24,temple,77,306.25,3.22,1279.54,15,51,9,2,19.48,66.23,11.69,2.6
24,hospital,76,1475.88,52.49,9210.16,3,26,16,31,3.95,34.21,21.05,40.79
24,train_station,74,457.69,9.92,3953.04,9,50,6,9,12.16,67.57,8.11,12.16
24,kindergarten,71,632.19,39.46,3013.36,5,26,30,10,7.04,36.62,42.25,14.08
24,hotel,60,1391.86,48.95,11698.65,7,24,9,20,11.67,40.0,15.0,33.33
24,public,55,1869.15,99.13,22099.72,1,17,14,23,1.82,30.91,25.45,41.82
24,office,40,541.32,23.46,4179.27,6,24,7,3,15.0,60.0,17.5,7.5
24,shrine,33,76.49,1.21,252.78,25,8,0,0,75.76,24.24,0.0,0.0
24,bungalow,17,56.85,16.47,307.08,13,4,0,0,76.47,23.53,0.0,0.0
24,manufacture,14,33990.82,812.46,135932.29,0,0,1,13,0.0,0.0,7.14,92.86
24,ruins,11,418.41,72.63,1336.25,3,4,3,1,27.27,36.36,27.27,9.09
24,garages,11,714.76,74.66,3117.57,2,5,1,3,18.18,45.45,9.09,27.27
24,college,10,1053.4,123.8,3388.29,0,2,4,4,0.0,20.0,40.0,40.0
24,carport,10,36.83,15.33,79.51,10,0,0,0,100.0,0.0,0.0,0.0
24,storage_tank,7,113.72,21.1,211.13,3,4,0,0,42.86,57.14,0.0,0.0
24,transportation,7,361.39,26.28,1221.25,4,1,1,1,57.14,14.29,14.29,14.29
24,farm_auxiliary,7,219.31,98.23,480.87,1,6,0,0,14.29,85.71,0.0,0.0
24,gatehouse,6,71.9,41.53,92.63,6,0,0,0,100.0,0.0,0.0,0.0
24,toilets,5,54.02,13.89,173.17,4,1,0,0,80.0,20.0,0.0,0.0
24,barn,5,60.99,26.18,107.14,4,1,0,0,80.0,20.0,0.0,0.0
24,parking,5,1202.48,457.63,2934.88,0,1,3,1,0.0,20.0,60.0,20.0
24,fire_station,4,942.24,75.26,2524.06,1,1,0,2,25.0,25.0,0.0,50.0
24,shed,4,8.3,5.53,11.43,4,0,0,0,100.0,0.0,0.0,0.0
24,service,3,2567.98,172.95,7275.4,0,2,0,1,0.0,66.67,0.0,33.33
24,schrine,2,107.02,54.88,159.15,1,1,0,0,50.0,50.0,0.0,0.0
24,construction,2,15467.29,497.79,30436.79,0,1,0,1,0.0,50.0,0.0,50.0
24,chapel,2,277.04,31.31,522.77,1,0,1,0,50.0,0.0,50.0,0.0
24,stadium,2,4337.32,2133.14,6541.49,0,0,0,2,0.0,0.0,0.0,100.0
24,wayside_shrine,2,21.61,15.92,27.3,2,0,0,0,100.0,0.0,0.0,0.0
24,supermarket,2,2628.83,2567.1,2690.56,0,0,0,2,0.0,0.0,0.0,100.0
24,dormitory,2,2136.81,1900.28,2373.33,0,0,0,2,0.0,0.0,0.0,100.0
24,hangar,2,776.16,701.99,850.33,0,0,2,0,0.0,0.0,100.0,0.0
24,cabin,1,202.89,202.89,202.89,0,1,0,0,0.0,100.0,0.0,0.0
24,water_purification_plant,1,251.77,251.77,251.77,0,1,0,0,0.0,100.0,0.0,0.0
24,p,1,86.93,86.93,86.93,1,0,0,0,100.0,0.0,0.0,0.0
24,bridge,1,127.9,127.9,127.9,0,1,0,0,0.0,100.0,0.0,0.0
24,lighthouse,1,35.85,35.85,35.85,1,0,0,0,100.0,0.0,0.0,0.0
24,hit,1,20.88,20.88,20.88,1,0,0,0,100.0,0.0,0.0,0.0
24,guardhouse,1,9.26,9.26,9.26,1,0,0,0,100.0,0.0,0.0,0.0
24,sports_hall,1,1630.33,1630.33,1630.33,0,0,0,1,0.0,0.0,0.0,100.0
24,stable,1,757.66,757.66,757.66,0,0,1,0,0.0,0.0,100.0,0.0
24,farm,1,237.17,237.17,237.17,0,1,0,0,0.0,100.0,0.0,0.0
24,tech_cab,1,16.58,16.58,16.58,1,0,0,0,100.0,0.0,0.0,0.0
24,terrace,1,367.83,367.83,367.83,0,1,0,0,0.0,100.0,0.0,0.0
24,disused,1,58.62,58.62,58.62,1,0,0,0,100.0,0.0,0.0,0.0
24,cowshed,1,283.67,283.67,283.67,0,1,0,0,0.0,100.0,0.0,0.0
25,yes,150333,129.91,0.03,40884.35,103956,42554,2027,1796,69.15,28.31,1.35,1.19
25,house,3370,112.67,0.01,3885.19,1898,1461,10,1,56.32,43.35,0.3,0.03
25,roof,905,91.95,0.2,4896.89,747,123,22,13,82.54,13.59,2.43,1.44
25,industrial,746,3313.95,3.76,187414.7,85,170,120,371,11.39,22.79,16.09,49.73
25,detached,667,93.01,28.25,324.92,477,190,0,0,71.51,28.49,0.0,0.0
25,apartments,637,480.76,48.24,3893.47,18,424,132,63,2.83,66.56,20.72,9.89
25,school,587,855.27,4.65,7391.24,144,137,122,184,24.53,23.34,20.78,31.35
25,retail,338,2025.2,5.03,41811.14,33,160,35,110,9.76,47.34,10.36,32.54
25,temple,295,269.44,0.34,2035.38,94,160,37,4,31.86,54.24,12.54,1.36
25,greenhouse,194,226.63,4.95,1117.47,51,135,7,1,26.29,69.59,3.61,0.52
25,residential,175,197.82,10.48,1722.12,73,90,7,5,41.71,51.43,4.0,2.86
25,shrine,154,94.85,0.47,1664.07,119,30,3,2,77.27,19.48,1.95,1.3
25,stable,128,873.96,167.36,1124.35,0,7,96,25,0.0,5.47,75.0,19.53
25,commercial,106,693.23,14.17,12867.91,11,58,22,15,10.38,54.72,20.75,14.15
25,university,100,1333.08,23.37,5343.24,6,21,29,44,6.0,21.0,29.0,44.0
25,carport,86,28.67,8.57,254.33,84,2,0,0,97.67,2.33,0.0,0.0
25,train_station,76,558.01,14.18,4954.84,25,25,14,12,32.89,32.89,18.42,15.79
25,public,69,1338.59,99.97,12850.03,1,24,21,23,1.45,34.78,30.43,33.33
25,hospital,63,2071.01,69.56,11966.53,1,15,12,35,1.59,23.81,19.05,55.56
25,warehouse,60,1183.27,5.56,13653.63,27,12,8,13,45.0,20.0,13.33,21.67
25,kindergarten,60,961.56,60.4,4445.59,3,11,23,23,5.0,18.33,38.33,38.33
25,no,50,11224.2,3.37,55753.8,4,4,5,37,8.0,8.0,10.0,74.0
25,barn,46,726.8,30.17,1845.46,5,13,12,16,10.87,28.26,26.09,34.78
25,hotel,45,1588.92,80.49,11728.27,1,16,12,16,2.22,35.56,26.67,35.56
25,garage,34,142.5,7.88,1384.32,28,4,0,2,82.35,11.76,0.0,5.88
25,ruins,32,111.84,16.19,308.8,13,19,0,0,40.63,59.38,0.0,0.0
25,office,32,753.9,60.43,8758.14,3,18,6,5,9.38,56.25,18.75,15.63
25,sports_hall,14,1674.2,421.95,7313.44,0,1,2,11,0.0,7.14,14.29,78.57
25,hut,14,56.62,4.38,193.57,10,4,0,0,71.43,28.57,0.0,0.0
25,cabin,14,41.88,31.83,59.2,14,0,0,0,100.0,0.0,0.0,0.0
25,shed,13,28.47,2.76,120.94,12,1,0,0,92.31,7.69,0.0,0.0
25,dormitory,12,584.72,117.46,1454.86,0,7,3,2,0.0,58.33,25.0,16.67
25,parking,10,1213.33,77.26,3291.71,1,2,2,5,10.0,20.0,20.0,50.0
25,stadium,8,1514.39,843.08,2638.17,0,0,2,6,0.0,0.0,25.0,75.0
25,church,5,480.41,164.08,825.7,0,2,3,0,0.0,40.0,60.0,0.0
25,pagoda,5,140.63,19.86,319.96,3,2,0,0,60.0,40.0,0.0,0.0
25,garages,5,254.38,56.08,541.8,1,3,1,0,20.0,60.0,20.0,0.0
25,college,4,1318.93,281.16,2143.6,0,1,0,3,0.0,25.0,0.0,75.0
25,part,4,12.36,1.7,30.46,4,0,0,0,100.0,0.0,0.0,0.0
25,hangar,3,610.7,176.74,1277.38,0,2,0,1,0.0,66.67,0.0,33.33
25,factory,3,738.15,94.77,1907.64,1,1,0,1,33.33,33.33,0.0,33.33
25,farm_auxiliary,3,903.78,364.74,1188.57,0,1,0,2,0.0,33.33,0.0,66.67
25,transportation,3,191.75,61.11,331.85,1,2,0,0,33.33,66.67,0.0,0.0
25,historic,2,23.38,9.24,37.52,2,0,0,0,100.0,0.0,0.0,0.0
25,chapel,2,183.39,169.74,197.04,0,2,0,0,0.0,100.0,0.0,0.0
25,government,2,1792.84,1534.72,2050.96,0,0,0,2,0.0,0.0,0.0,100.0
25,civic,2,825.39,617.67,1033.11,0,0,1,1,0.0,0.0,50.0,50.0
25,shop,2,714.24,223.56,1204.92,0,1,0,1,0.0,50.0,0.0,50.0
25,storage_tank,1,7.78,7.78,7.78,1,0,0,0,100.0,0.0,0.0,0.0
25,fire_station,1,198.33,198.33,198.33,0,1,0,0,0.0,100.0,0.0,0.0
25,disused,1,1642.19,1642.19,1642.19,0,0,0,1,0.0,0.0,0.0,100.0
25,collapsed,1,127.72,127.72,127.72,0,1,0,0,0.0,100.0,0.0,0.0
25,pool,1,447.23,447.23,447.23,0,1,0,0,0.0,100.0,0.0,0.0
25,retai,1,1170.82,1170.82,1170.82,0,0,0,1,0.0,0.0,0.0,100.0
25,pharmacy,1,113.15,113.15,113.15,0,1,0,0,0.0,100.0,0.0,0.0
25,pavilion,1,986.44,986.44,986.44,0,0,1,0,0.0,0.0,100.0,0.0
25,gatehouse,1,87.72,87.72,87.72,1,0,0,0,100.0,0.0,0.0,0.0
25,froof,1,8.84,8.84,8.84,1,0,0,0,100.0,0.0,0.0,0.0
26,yes,781967,90.9,0.01,68543.68,630813,138274,8177,4703,80.67,17.68,1.05,0.6
26,house,22457,64.1,2.79,1375.51,19326,3117,11,3,86.06,13.88,0.05,0.01
26,apartments,3985,364.07,18.41,4440.61,415,2847,508,215,10.41,71.44,12.75,5.4
26,detached,3812,87.89,7.62,501.36,2561,1250,1,0,67.18,32.79,0.03,0.0
26,residential,2372,92.34,13.03,3880.84,1722,634,8,8,72.6,26.73,0.34,0.34
26,retail,1994,628.72,4.32,39571.06,767,844,161,222,38.47,42.33,8.07,11.13
26,roof,1965,99.96,0.04,5933.96,1538,363,42,22,78.27,18.47,2.14,1.12
26,greenhouse,1034,380.03,20.76,4063.11,50,798,141,45,4.84,77.18,13.64,4.35
26,temple,774,200.01,0.36,4911.6,361,353,47,13,46.64,45.61,6.07,1.68
26,commercial,674,389.66,4.57,14241.49,286,289,43,56,42.43,42.88,6.38,8.31
26,shrine,618,131.7,0.54,3778.56,447,138,22,11,72.33,22.33,3.56,1.78
26,school,533,790.27,7.88,6186.81,87,129,174,143,16.32,24.2,32.65,26.83
26,industrial,412,893.22,8.35,34036.22,101,169,78,64,24.51,41.02,18.93,15.53
26,office,329,437.62,10.84,13623.15,105,170,26,28,31.91,51.67,7.9,8.51
26,hut,317,24.58,1.71,159.34,313,4,0,0,98.74,1.26,0.0,0.0
26,warehouse,307,1168.13,1.05,26740.05,162,46,25,74,52.77,14.98,8.14,24.1
26,university,283,1136.25,20.21,7998.18,12,83,66,122,4.24,29.33,23.32,43.11
26,hotel,176,770.85,14.76,9083.31,24,73,41,38,13.64,41.48,23.3,21.59
26,garage,169,104.12,1.76,1516.57,128,33,5,3,75.74,19.53,2.96,1.78
26,train_station,158,850.72,15.73,56323.46,37,73,22,26,23.42,46.2,13.92,16.46
26,hospital,151,1038.27,16.45,9458.95,24,55,20,52,15.89,36.42,13.25,34.44
26,kindergarten,99,583.67,12.67,2255.24,5,42,37,15,5.05,42.42,37.37,15.15
26,public,79,980.07,18.33,5243.22,13,18,20,28,16.46,22.78,25.32,35.44
26,farm_auxiliary,76,57.61,7.33,221.74,69,7,0,0,90.79,9.21,0.0,0.0
26,manufacture,71,547.25,25.09,3053.75,8,34,19,10,11.27,47.89,26.76,14.08
26,civic,65,545.34,4.68,6476.98,25,24,7,9,38.46,36.92,10.77,13.85
26,shed,59,48.57,2.91,517.23,55,3,1,0,93.22,5.08,1.69,0.0
26,dormitory,53,545.16,104.54,2806.09,0,30,21,2,0.0,56.6,39.62,3.77
26,gatehouse,50,147.69,7.01,751.39,28,20,2,0,56.0,40.0,4.0,0.0
26,barn,48,83.65,1.94,1406.18,44,3,0,1,91.67,6.25,0.0,2.08
26,terrace,36,118.16,24.96,357.72,26,10,0,0,72.22,27.78,0.0,0.0
26,garages,36,359.36,33.92,2341.89,11,17,4,4,30.56,47.22,11.11,11.11
26,farm,32,115.2,9.57,836.1,20,11,1,0,62.5,34.38,3.13,0.0
26,service,31,121.2,0.41,878.35,24,4,3,0,77.42,12.9,9.68,0.0
26,parking,26,1215.88,58.93,3435.93,1,8,5,12,3.85,30.77,19.23,46.15
26,construction,21,903.24,56.66,4726.33,2,8,5,6,9.52,38.1,23.81,28.57
26,church,20,227.53,6.43,758.45,7,11,2,0,35.0,55.0,10.0,0.0
26,pagoda,19,116.13,32.71,420.21,10,9,0,0,52.63,47.37,0.0,0.0
26,carport,19,58.34,8.64,520.3,17,1,1,0,89.47,5.26,5.26,0.0
26,college,19,864.85,66.4,2847.17,1,9,4,5,5.26,47.37,21.05,26.32
26,wall,16,606.33,22.63,2819.49,6,2,5,3,37.5,12.5,31.25,18.75
26,storage_tank,14,180.75,16.09,671.01,7,6,1,0,50.0,42.86,7.14,0.0
26,transportation,13,274.86,7.81,1708.18,6,5,1,1,46.15,38.46,7.69,7.69
26,no,13,16015.65,105.98,91027.28,0,3,0,10,0.0,23.08,0.0,76.92
26,shop,11,232.02,49.91,884.64,7,2,2,0,63.64,18.18,18.18,0.0
26,toilets,10,64.95,0.45,186.63,9,1,0,0,90.0,10.0,0.0,0.0
26,stadium,7,4729.34,1477.69,12080.38,0,0,0,7,0.0,0.0,0.0,100.0
26,ruins,6,2701.74,96.3,14893.13,1,3,1,1,16.67,50.0,16.67,16.67
26,stable,6,150.92,15.4,438.07,3,3,0,0,50.0,50.0,0.0,0.0
26,semidetached_house,6,94.56,37.62,147.28,4,2,0,0,66.67,33.33,0.0,0.0
26,bridge,5,309.64,23.94,1163.19,2,2,0,1,40.0,40.0,0.0,20.0
26,religious,5,104.42,11.66,192.94,2,3,0,0,40.0,60.0,0.0,0.0
26,shine,5,6.61,1.25,11.11,5,0,0,0,100.0,0.0,0.0,0.0
26,government,5,1442.31,350.36,2496.01,0,1,1,3,0.0,20.0,20.0,60.0
26,pavilion,5,706.42,52.59,2694.05,2,2,0,1,40.0,40.0,0.0,20.0
26,chapel,5,268.48,4.02,953.65,3,1,1,0,60.0,20.0,20.0,0.0
26,sty,4,74.73,58.08,102.2,3,1,0,0,75.0,25.0,0.0,0.0
26,cowshed,4,128.36,69.67,199.08,2,2,0,0,50.0,50.0,0.0,0.0
26,cabin,4,60.7,5.69,140.28,3,1,0,0,75.0,25.0,0.0,0.0
26,hangar,4,158.73,11.73,420.05,2,2,0,0,50.0,50.0,0.0,0.0
26,fire_station,4,679.37,14.96,1517.59,1,1,1,1,25.0,25.0,25.0,25.0
26,sports_hall,3,815.44,411.98,1127.58,0,1,1,1,0.0,33.33,33.33,33.33
26,wayside_shrine,3,5.83,1.53,14.42,3,0,0,0,100.0,0.0,0.0,0.0
26,allotment_house,3,587.21,246.09,1225.99,0,2,0,1,0.0,66.67,0.0,33.33
26,supermarket,3,5274.42,2953.87,7404.8,0,0,0,3,0.0,0.0,0.0,100.0
26,restaurant,2,324.29,159.88,488.69,0,2,0,0,0.0,100.0,0.0,0.0
26,sports_centre,2,1225.56,1077.96,1373.15,0,0,0,2,0.0,0.0,0.0,100.0
26,gasometer,2,209.17,204.54,213.79,0,2,0,0,0.0,100.0,0.0,0.0
26,kiosk,2,187.67,41.66,333.68,1,1,0,0,50.0,50.0,0.0,0.0
26,gate,2,33.31,13.35,53.27,2,0,0,0,100.0,0.0,0.0,0.0
26,cathedral,2,165.36,153.88,176.84,0,2,0,0,0.0,100.0,0.0,0.0
26,museum,2,685.29,54.23,1316.35,1,0,0,1,50.0,0.0,0.0,50.0
26,entrance,2,0.3,0.28,0.32,2,0,0,0,100.0,0.0,0.0,0.0
26,tower,2,17.37,1.91,32.83,2,0,0,0,100.0,0.0,0.0,0.0
26,factory,1,729.57,729.57,729.57,0,0,1,0,0.0,0.0,100.0,0.0
26,theatre,1,8049.22,8049.22,8049.22,0,0,0,1,0.0,0.0,0.0,100.0
26,bungalow,1,147.63,147.63,147.63,0,1,0,0,0.0,100.0,0.0,0.0
26,ホテル,1,528.0,528.0,528.0,0,0,1,0,0.0,0.0,100.0,0.0
26,historic,1,205.65,205.65,205.65,0,1,0,0,0.0,100.0,0.0,0.0
26,guardhouse,1,127.09,127.09,127.09,0,1,0,0,0.0,100.0,0.0,0.0
26,froof,1,306.45,306.45,306.45,0,1,0,0,0.0,100.0,0.0,0.0
26,shinto,1,2.37,2.37,2.37,1,0,0,0,100.0,0.0,0.0,0.0
26,castle,1,2026.21,2026.21,2026.21,0,0,0,1,0.0,0.0,0.0,100.0
26,shelter,1,145.54,145.54,145.54,0,1,0,0,0.0,100.0,0.0,0.0
26,power,1,313.22,313.22,313.22,0,1,0,0,0.0,100.0,0.0,0.0
26,bank,1,866.75,866.75,866.75,0,0,1,0,0.0,0.0,100.0,0.0
26,storage,1,21.51,21.51,21.51,1,0,0,0,100.0,0.0,0.0,0.0
26,GSImaps/seamlessphoto,1,109.84,109.84,109.84,0,1,0,0,0.0,100.0,0.0,0.0
26,store,1,101.29,101.29,101.29,0,1,0,0,0.0,100.0,0.0,0.0
26,mosque,1,220.49,220.49,220.49,0,1,0,0,0.0,100.0,0.0,0.0
27,yes,1350353,112.05,0.03,116427.24,1017170,297253,22977,12953,75.33,22.01,1.7,0.96
27,house,131308,68.07,0.69,4583.83,110651,20573,70,14,84.27,15.67,0.05,0.01
27,detached,57615,55.14,6.62,1271.47,53136,4469,9,1,92.23,7.76,0.02,0.0
27,apartments,29289,312.05,2.28,6646.27,6490,17896,3531,1372,22.16,61.1,12.06,4.68
27,roof,22654,59.19,0.14,28406.19,20470,1760,254,170,90.36,7.77,1.12,0.75
27,residential,21656,103.72,0.02,3710.86,14955,6385,241,75,69.06,29.48,1.11,0.35
27,industrial,6777,662.26,1.17,148786.28,1708,3503,816,750,25.2,51.69,12.04,11.07
27,retail,5667,703.75,1.62,47416.58,1922,2445,525,775,33.92,43.14,9.26,13.68
27,commercial,5086,318.86,1.97,30708.55,1942,2544,330,270,38.18,50.02,6.49,5.31
27,warehouse,4420,521.31,0.83,41898.93,2381,1550,156,333,53.87,35.07,3.53,7.53
27,public,3020,255.1,2.88,9645.47,1665,988,198,169,55.13,32.72,6.56,5.6
27,school,2450,876.56,3.08,23578.85,218,747,754,731,8.9,30.49,30.78,29.84
27,office,2124,290.17,10.74,16215.56,749,1080,188,107,35.26,50.85,8.85,5.04
27,garage,1416,82.63,4.7,13115.72,1182,217,11,6,83.47,15.32,0.78,0.42
27,terrace,839,124.73,15.14,720.73,365,469,5,0,43.5,55.9,0.6,0.0
27,garages,789,141.4,4.96,3068.89,393,379,10,7,49.81,48.04,1.27,0.89
27,shed,678,25.11,1.03,236.24,668,10,0,0,98.53,1.47,0.0,0.0
27,carport,523,25.56,4.63,768.46,515,7,1,0,98.47,1.34,0.19,0.0
27,university,507,1212.61,7.77,12898.36,35,109,145,218,6.9,21.5,28.6,43.0
27,parking,483,1277.59,12.54,16542.5,82,88,80,233,16.98,18.22,16.56,48.24
27,shrine,442,134.87,0.37,3311.32,251,177,10,4,56.79,40.05,2.26,0.9
27,kindergarten,413,532.45,20.68,2190.2,28,181,169,35,6.78,43.83,40.92,8.47
27,temple,333,263.15,0.8,3346.86,116,173,35,9,34.83,51.95,10.51,2.7
27,hospital,331,1611.41,24.03,18956.06,27,95,68,141,8.16,28.7,20.54,42.6
27,train_station,304,1391.22,9.56,31332.33,54,95,50,105,17.76,31.25,16.45,34.54
27,greenhouse,238,258.39,8.46,2374.29,42,171,15,10,17.65,71.85,6.3,4.2
27,hotel,220,732.87,30.88,9904.44,8,129,53,30,3.64,58.64,24.09,13.64
27,service,219,76.53,1.82,1909.02,193,20,3,3,88.13,9.13,1.37,1.37
27,construction,185,920.2,9.39,10587.8,39,71,36,39,21.08,38.38,19.46,21.08
27,government,164,461.72,5.88,12107.31,93,36,15,20,56.71,21.95,9.15,12.2
27,barn,102,31.22,1.71,230.35,97,5,0,0,95.1,4.9,0.0,0.0
27,sports_hall,98,1132.86,201.09,3877.53,0,3,51,44,0.0,3.06,52.04,44.9
27,college,97,882.62,49.66,4863.16,3,31,38,25,3.09,31.96,39.18,25.77
27,church,58,331.57,17.31,1187.19,5,42,10,1,8.62,72.41,17.24,1.72
27,cabin,48,29.44,2.25,178.73,47,1,0,0,97.92,2.08,0.0,0.0
27,container,47,12.26,6.29,28.82,47,0,0,0,100.0,0.0,0.0,0.0
27,hut,46,38.25,2.03,236.15,42,4,0,0,91.3,8.7,0.0,0.0
27,civic,38,1123.88,22.52,4975.13,2,9,14,13,5.26,23.68,36.84,34.21
27,agricultural,30,219.97,3.08,1117.39,15,10,4,1,50.0,33.33,13.33,3.33
27,dormitory,29,582.77,36.31,3556.7,2,15,8,4,6.9,51.72,27.59,13.79
27,supermarket,22,3307.73,218.0,8987.52,0,2,1,19,0.0,9.09,4.55,86.36
27,kiosk,20,15.28,3.17,28.55,20,0,0,0,100.0,0.0,0.0,0.0
27,transportation,18,2501.72,14.22,26026.57,5,3,1,9,27.78,16.67,5.56,50.0
27,toilets,17,46.43,12.99,187.53,16,1,0,0,94.12,5.88,0.0,0.0
27,hangar,16,943.74,76.62,2697.68,1,6,2,7,6.25,37.5,12.5,43.75
27,shop,15,296.92,37.78,1312.04,7,5,1,2,46.67,33.33,6.67,13.33
27,gatehouse,14,133.06,6.8,1096.75,9,4,0,1,64.29,28.57,0.0,7.14
27,manufacture,11,3685.79,91.23,22063.27,1,2,1,7,9.09,18.18,9.09,63.64
27,bridge,11,139.92,25.46,744.24,8,2,1,0,72.73,18.18,9.09,0.0
27,storage_tank,10,626.98,20.67,1555.37,1,6,0,3,10.0,60.0,0.0,30.0
27,factory,10,1614.12,215.74,4906.43,0,4,3,3,0.0,40.0,30.0,30.0
27,no,8,12993.13,657.86,28752.77,0,0,1,7,0.0,0.0,12.5,87.5
27,grandstand,7,1158.32,61.56,4254.8,2,3,0,2,28.57,42.86,0.0,28.57
27,ruins,6,127.17,85.32,219.73,2,4,0,0,33.33,66.67,0.0,0.0
27,restaurant,5,132.75,26.18,238.86,2,3,0,0,40.0,60.0,0.0,0.0
27,catholic,5,680.16,43.16,2185.05,1,2,1,1,20.0,40.0,20.0,20.0
27,fire_station,5,871.39,303.82,1604.83,0,1,3,1,0.0,20.0,60.0,20.0
27,allotment_house,5,84.49,65.13,105.11,4,1,0,0,80.0,20.0,0.0,0.0
27,stadium,5,3611.38,455.64,14740.79,0,1,2,2,0.0,20.0,40.0,40.0
27,stable,5,181.62,39.22,499.42,2,3,0,0,40.0,60.0,0.0,0.0
27,semidetached_house,5,126.56,72.93,144.11,1,4,0,0,20.0,80.0,0.0,0.0
27,wayside_shrine,5,15.14,2.66,27.92,5,0,0,0,100.0,0.0,0.0,0.0
27,houseboat,4,402.95,115.67,643.18,0,3,1,0,0.0,75.0,25.0,0.0
27,proposed,4,442.92,108.08,617.79,0,2,2,0,0.0,50.0,50.0,0.0
27,chapel,4,431.98,71.96,1248.41,1,2,0,1,25.0,50.0,0.0,25.0
27,farm_auxiliary,4,26.92,2.18,58.77,4,0,0,0,100.0,0.0,0.0,0.0
27,sports_centre,3,1559.58,391.45,3088.4,0,1,0,2,0.0,33.33,0.0,66.67
27,bank,3,599.6,348.9,793.72,0,1,2,0,0.0,33.33,66.67,0.0
27,pagoda,3,43.21,21.81,86.0,3,0,0,0,100.0,0.0,0.0,0.0
27,shine,3,53.68,2.62,107.79,2,1,0,0,66.67,33.33,0.0,0.0
27,prep_school,3,998.34,186.95,2230.27,0,1,1,1,0.0,33.33,33.33,33.33
27,civil,3,1583.84,52.02,3230.39,1,0,0,2,33.33,0.0,0.0,66.67
27,tent,2,39.73,32.11,47.35,2,0,0,0,100.0,0.0,0.0,0.0
27,gym,2,1969.94,1802.57,2137.3,0,0,0,2,0.0,0.0,0.0,100.0
27,guardhouse,2,64.18,38.49,89.86,2,0,0,0,100.0,0.0,0.0,0.0
27,gate,2,29.53,21.73,37.33,2,0,0,0,100.0,0.0,0.0,0.0
27,pavilion,2,147.84,140.83,154.84,0,2,0,0,0.0,100.0,0.0,0.0
27,disused,1,57.63,57.63,57.63,1,0,0,0,100.0,0.0,0.0,0.0
27,brewery,1,400.16,400.16,400.16,0,1,0,0,0.0,100.0,0.0,0.0
27,museum,1,2337.22,2337.22,2337.22,0,0,0,1,0.0,0.0,0.0,100.0
27,sport_hall,1,811.73,811.73,811.73,0,0,1,0,0.0,0.0,100.0,0.0
27,cathedral,1,1126.24,1126.24,1126.24,0,0,0,1,0.0,0.0,0.0,100.0
27,dentist,1,186.33,186.33,186.33,0,1,0,0,0.0,100.0,0.0,0.0
27,clinic,1,259.27,259.27,259.27,0,1,0,0,0.0,100.0,0.0,0.0
27,static_caravan,1,44.87,44.87,44.87,1,0,0,0,100.0,0.0,0.0,0.0
27,collapsed,1,136.05,136.05,136.05,0,1,0,0,0.0,100.0,0.0,0.0
27,study space,1,96.39,96.39,96.39,1,0,0,0,100.0,0.0,0.0,0.0
27,company,1,456.54,456.54,456.54,0,1,0,0,0.0,100.0,0.0,0.0
27,swimming_pool,1,931.28,931.28,931.28,0,0,1,0,0.0,0.0,100.0,0.0
27,Distillery room,1,715.95,715.95,715.95,0,0,1,0,0.0,0.0,100.0,0.0
27,water_tower,1,16.28,16.28,16.28,1,0,0,0,100.0,0.0,0.0,0.0
27,ガレージ,1,107.62,107.62,107.62,0,1,0,0,0.0,100.0,0.0,0.0
27,public_building,1,3741.56,3741.56,3741.56,0,0,0,1,0.0,0.0,0.0,100.0
27,交番,1,44.12,44.12,44.12,1,0,0,0,100.0,0.0,0.0,0.0
27,convenience_store,1,157.43,157.43,157.43,0,1,0,0,0.0,100.0,0.0,0.0
27,private,1,23.92,23.92,23.92,1,0,0,0,100.0,0.0,0.0,0.0
27,gymnasium,1,926.08,926.08,926.08,0,0,1,0,0.0,0.0,100.0,0.0
27,postoffice,1,1748.31,1748.31,1748.31,0,0,0,1,0.0,0.0,0.0,100.0
27,roog,1,125.04,125.04,125.04,0,1,0,0,0.0,100.0,0.0,0.0
27,room,1,38.93,38.93,38.93,1,0,0,0,100.0,0.0,0.0,0.0
27,pharmacy,1,69.28,69.28,69.28,1,0,0,0,100.0,0.0,0.0,0.0
27,elevator,1,13.95,13.95,13.95,1,0,0,0,100.0,0.0,0.0,0.0
27,Trunkroom,1,758.52,758.52,758.52,0,0,1,0,0.0,0.0,100.0,0.0
27,drugstore,1,667.81,667.81,667.81,0,0,1,0,0.0,0.0,100.0,0.0
28,yes,781012,124.37,0.03,255957.38,563574,195922,12537,8979,72.16,25.09,1.61,1.15
28,house,76548,98.9,0.97,2121.66,50272,26016,251,9,65.67,33.99,0.33,0.01
28,detached,16474,85.64,2.51,715.34,12453,4013,8,0,75.59,24.36,0.05,0.0
28,apartments,13044,405.59,1.22,13290.78,1179,8658,2342,865,9.04,66.38,17.95,6.63
28,residential,7643,83.28,2.77,8733.25,5918,1688,25,12,77.43,22.09,0.33,0.16
28,industrial,6756,942.0,1.82,128384.68,2582,2249,716,1209,38.22,33.29,10.6,17.9
28,retail,3729,797.07,3.9,45283.05,1127,1759,320,523,30.22,47.17,8.58,14.03
28,garage,2844,31.49,2.57,8333.43,2734,94,11,5,96.13,3.31,0.39,0.18
28,school,2615,745.2,2.19,81192.33,677,668,593,677,25.89,25.54,22.68,25.89
28,roof,2379,197.65,0.51,9859.06,1420,760,123,76,59.69,31.95,5.17,3.19
28,public,2009,250.2,1.69,11308.04,1110,649,146,104,55.25,32.3,7.27,5.18
28,commercial,1996,312.61,4.45,9343.68,651,1062,165,118,32.62,53.21,8.27,5.91
28,warehouse,1334,785.91,2.2,63544.06,854,274,55,151,64.02,20.54,4.12,11.32
28,greenhouse,712,316.77,4.44,4229.67,142,462,73,35,19.94,64.89,10.25,4.92
28,carport,571,18.83,1.87,163.58,570,1,0,0,99.82,0.18,0.0,0.0
28,office,470,397.72,29.79,8368.38,107,257,69,37,22.77,54.68,14.68,7.87
28,agricultural,468,269.93,4.99,3308.89,190,221,34,23,40.6,47.22,7.26,4.91
28,university,402,905.52,16.46,6428.3,30,123,122,127,7.46,30.6,30.35,31.59
28,kindergarten,353,496.41,2.36,2515.94,23,188,117,25,6.52,53.26,33.14,7.08
28,shrine,327,90.16,0.58,818.39,235,87,5,0,71.87,26.61,1.53,0.0
28,train_station,315,860.34,13.8,13851.38,81,120,58,56,25.71,38.1,18.41,17.78
28,hospital,265,1588.09,31.43,13452.89,10,82,49,124,3.77,30.94,18.49,46.79
28,government,238,324.58,6.12,4592.06,100,98,23,17,42.02,41.18,9.66,7.14
28,hotel,222,874.03,8.39,11364.1,29,87,50,56,13.06,39.19,22.52,25.23
28,temple,211,461.07,2.63,11061.03,49,125,27,10,23.22,59.24,12.8,4.74
28,hut,173,31.63,4.08,197.76,168,5,0,0,97.11,2.89,0.0,0.0
28,parking,170,1116.62,21.43,6826.32,31,48,24,67,18.24,28.24,14.12,39.41
28,shed,115,32.01,2.34,575.39,110,4,1,0,95.65,3.48,0.87,0.0
28,terrace,96,154.83,15.22,588.38,42,52,2,0,43.75,54.17,2.08,0.0
28,construction,93,962.3,26.23,21823.16,25,35,14,19,26.88,37.63,15.05,20.43
28,garages,92,157.31,12.13,1018.93,52,35,2,3,56.52,38.04,2.17,3.26
28,service,64,58.46,3.27,653.26,56,7,1,0,87.5,10.94,1.56,0.0
28,church,61,283.3,57.21,1270.22,7,46,6,2,11.48,75.41,9.84,3.28
28,sports_hall,47,1544.3,115.11,16517.48,0,3,16,28,0.0,6.38,34.04,59.57
28,civic,45,1258.0,45.31,7229.79,4,20,3,18,8.89,44.44,6.67,40.0
28,barn,45,170.77,6.28,1042.16,31,7,6,1,68.89,15.56,13.33,2.22
28,bungalow,40,72.78,30.95,133.4,37,3,0,0,92.5,7.5,0.0,0.0
28,gasometer,36,1459.09,109.29,5818.0,0,21,0,15,0.0,58.33,0.0,41.67
28,dormitory,30,479.36,143.12,1101.03,0,19,9,2,0.0,63.33,30.0,6.67
28,transportation,30,320.65,24.4,1502.07,7,18,3,2,23.33,60.0,10.0,6.67
28,farm,20,585.17,74.05,4279.95,3,14,1,2,15.0,70.0,5.0,10.0
28,stable,20,932.54,384.72,1085.51,0,2,5,13,0.0,10.0,25.0,65.0
28,college,18,1542.09,230.22,5849.34,0,2,7,9,0.0,11.11,38.89,50.0
28,bridge,14,176.64,16.55,913.37,10,3,1,0,71.43,21.43,7.14,0.0
28,farm_auxiliary,13,1026.55,1.43,6546.26,3,4,4,2,23.08,30.77,30.77,15.38
28,gatehouse,13,57.73,28.22,129.48,10,3,0,0,76.92,23.08,0.0,0.0
28,shop,9,472.5,29.18,3253.46,4,4,0,1,44.44,44.44,0.0,11.11
28,ruins,9,1014.07,10.34,8495.94,5,3,0,1,55.56,33.33,0.0,11.11
28,houseboat,8,235.61,235.42,235.76,0,8,0,0,0.0,100.0,0.0,0.0
28,fire_station,7,521.28,42.47,1439.15,1,3,2,1,14.29,42.86,28.57,14.29
28,townhall,7,1368.2,352.82,2501.72,0,3,0,4,0.0,42.86,0.0,57.14
28,hangar,6,2799.71,357.04,5551.61,0,2,0,4,0.0,33.33,0.0,66.67
28,pavilion,6,238.47,22.93,703.94,3,2,1,0,50.0,33.33,16.67,0.0
28,no,5,6986.07,61.72,28429.9,1,1,0,3,20.0,20.0,0.0,60.0
28,tower,5,70.15,9.42,151.99,3,2,0,0,60.0,40.0,0.0,0.0
28,supermarket,5,1895.73,641.83,4152.16,0,0,2,3,0.0,0.0,40.0,60.0
28,cowshed,5,1404.06,167.66,1895.25,0,1,0,4,0.0,20.0,0.0,80.0
28,religious,5,396.58,5.04,1741.67,3,1,0,1,60.0,20.0,0.0,20.0
28,stadium,4,5828.15,2263.5,10544.64,0,0,0,4,0.0,0.0,0.0,100.0
28,bunker,4,140.83,24.62,243.26,2,2,0,0,50.0,50.0,0.0,0.0
28,semidetached_house,4,82.19,28.32,122.24,2,2,0,0,50.0,50.0,0.0,0.0
28,guardhouse,3,11.75,8.25,14.65,3,0,0,0,100.0,0.0,0.0,0.0
28,gate,3,43.27,20.4,77.55,3,0,0,0,100.0,0.0,0.0,0.0
28,battery,3,1457.94,140.39,3982.98,0,2,0,1,0.0,66.67,0.0,33.33
28,castle,3,936.91,327.43,1722.09,0,1,1,1,0.0,33.33,33.33,33.33
28,chapel,3,378.59,15.12,1025.25,2,0,0,1,66.67,0.0,0.0,33.33
28,fuel,3,210.76,29.99,454.96,1,2,0,0,33.33,66.67,0.0,0.0
28,proposed,3,4049.91,800.29,8721.23,0,0,1,2,0.0,0.0,33.33,66.67
28,toilets,3,21.58,6.44,34.04,3,0,0,0,100.0,0.0,0.0,0.0
28,museum,2,556.66,500.47,612.84,0,0,2,0,0.0,0.0,100.0,0.0
28,transformer_tower,2,96.35,56.55,136.15,1,1,0,0,50.0,50.0,0.0,0.0
28,kiosk,2,10.28,9.32,11.24,2,0,0,0,100.0,0.0,0.0,0.0
28,倉庫,2,41.93,41.53,42.33,2,0,0,0,100.0,0.0,0.0,0.0
28,sports_centre,2,457.61,232.3,682.92,0,1,1,0,0.0,50.0,50.0,0.0
28,fuel;roof,2,214.05,133.71,294.39,0,2,0,0,0.0,100.0,0.0,0.0
28,bank,1,251.16,251.16,251.16,0,1,0,0,0.0,100.0,0.0,0.0
28,pagoda,1,85.94,85.94,85.94,1,0,0,0,100.0,0.0,0.0,0.0
28,barnmple,1,229.38,229.38,229.38,0,1,0,0,0.0,100.0,0.0,0.0
28,barrack,1,18.23,18.23,18.23,1,0,0,0,100.0,0.0,0.0,0.0
28,mosque,1,133.48,133.48,133.48,0,1,0,0,0.0,100.0,0.0,0.0
28,material_brick,1,92.36,92.36,92.36,1,0,0,0,100.0,0.0,0.0,0.0
28,library,1,1034.32,1034.32,1034.32,0,0,0,1,0.0,0.0,0.0,100.0
28,silo,1,160.51,160.51,160.51,0,1,0,0,0.0,100.0,0.0,0.0
28,brewery,1,65679.93,65679.93,65679.93,0,0,0,1,0.0,0.0,0.0,100.0
28,cabin,1,21.0,21.0,21.0,1,0,0,0,100.0,0.0,0.0,0.0
28,childcare,1,197.88,197.88,197.88,0,1,0,0,0.0,100.0,0.0,0.0
28,station,1,463.16,463.16,463.16,0,1,0,0,0.0,100.0,0.0,0.0
28,storage,1,63.09,63.09,63.09,1,0,0,0,100.0,0.0,0.0,0.0
28,storage_tank,1,901.92,901.92,901.92,0,0,1,0,0.0,0.0,100.0,0.0
28,substation,1,720.59,720.59,720.59,0,0,1,0,0.0,0.0,100.0,0.0
28,community_centre,1,645.05,645.05,645.05,0,0,1,0,0.0,0.0,100.0,0.0
28,convenience,1,167.23,167.23,167.23,0,1,0,0,0.0,100.0,0.0,0.0
28,craft,1,207.48,207.48,207.48,0,1,0,0,0.0,100.0,0.0,0.0
28,theatre,1,15815.66,15815.66,15815.66,0,0,0,1,0.0,0.0,0.0,100.0
28,薬局,1,32.67,32.67,32.67,1,0,0,0,100.0,0.0,0.0,0.0
28,digester,1,59.63,59.63,59.63,1,0,0,0,100.0,0.0,0.0,0.0
28,healthcare,1,116.52,116.52,116.52,0,1,0,0,0.0,100.0,0.0,0.0
28,factory,1,1152.48,1152.48,1152.48,0,0,0,1,0.0,0.0,0.0,100.0
28,hairdresser,1,333.65,333.65,333.65,0,1,0,0,0.0,100.0,0.0,0.0
28,wayside_shrine,1,4.32,4.32,4.32,1,0,0,0,100.0,0.0,0.0,0.0
28,公民館,1,229.94,229.94,229.94,0,1,0,0,0.0,100.0,0.0,0.0
28,public_building,1,707.75,707.75,707.75,0,0,1,0,0.0,0.0,100.0,0.0
28,place_of_worship,1,11.59,11.59,11.59,1,0,0,0,100.0,0.0,0.0,0.0
28,pit,1,97.05,97.05,97.05,1,0,0,0,100.0,0.0,0.0,0.0
28,apartment,1,151.14,151.14,151.14,0,1,0,0,0.0,100.0,0.0,0.0
28,restaurant,1,296.89,296.89,296.89,0,1,0,0,0.0,100.0,0.0,0.0
28,fast_food,1,283.88,283.88,283.88,0,1,0,0,0.0,100.0,0.0,0.0
28,funeral_hall,1,215.41,215.41,215.41,0,1,0,0,0.0,100.0,0.0,0.0
29,yes,349402,113.54,0.08,37697.74,235810,107442,3634,2516,67.49,30.75,1.04,0.72
29,house,5763,100.88,4.55,1240.68,3454,2292,16,1,59.93,39.77,0.28,0.02
29,detached,3852,97.42,4.37,440.69,2400,1452,0,0,62.31,37.69,0.0,0.0
29,apartments,1715,411.52,32.44,8535.72,116,1227,235,137,6.76,71.55,13.7,7.99
29,residential,1711,121.22,4.51,1416.96,960,720,29,2,56.11,42.08,1.69,0.12
29,roof,649,124.0,0.34,3204.9,488,128,17,16,75.19,19.72,2.62,2.47
29,retail,505,1023.23,9.86,47181.84,137,207,44,117,27.13,40.99,8.71,23.17
29,warehouse,387,53.5,2.33,728.3,343,41,3,0,88.63,10.59,0.78,0.0
29,commercial,228,505.4,6.71,14462.77,51,128,25,24,22.37,56.14,10.96,10.53
29,school,168,1153.81,96.42,6560.55,1,36,54,77,0.6,21.43,32.14,45.83
29,office,133,272.74,2.15,3152.77,41,76,8,8,30.83,57.14,6.02,6.02
29,greenhouse,113,395.71,19.25,2941.83,4,83,21,5,3.54,73.45,18.58,4.42
29,public,112,952.75,19.75,14914.57,21,42,19,30,18.75,37.5,16.96,26.79
29,temple,105,360.14,9.04,1991.64,24,56,16,9,22.86,53.33,15.24,8.57
29,shrine,89,204.38,0.42,4829.82,57,23,7,2,64.04,25.84,7.87,2.25
29,shop,77,116.56,23.27,434.28,45,32,0,0,58.44,41.56,0.0,0.0
29,garage,70,77.38,7.62,348.41,53,17,0,0,75.71,24.29,0.0,0.0
29,hut,66,56.1,9.02,229.94,58,8,0,0,87.88,12.12,0.0,0.0
29,hotel,63,702.41,50.27,5329.69,4,36,14,9,6.35,57.14,22.22,14.29
29,industrial,52,1884.22,72.03,21065.02,2,20,9,21,3.85,38.46,17.31,40.38
29,hospital,51,1006.14,16.86,8484.19,5,29,3,14,9.8,56.86,5.88,27.45
29,train_station,51,690.93,23.96,4070.64,8,20,11,12,15.69,39.22,21.57,23.53
29,garages,33,155.84,39.82,810.62,14,17,2,0,42.42,51.52,6.06,0.0
29,dormitory,33,245.28,13.53,1146.87,16,12,3,2,48.48,36.36,9.09,6.06
29,university,32,1014.54,12.47,2223.75,4,5,8,15,12.5,15.63,25.0,46.88
29,carport,28,11.73,5.68,35.64,28,0,0,0,100.0,0.0,0.0,0.0
29,kindergarten,27,780.13,246.73,1906.5,0,9,11,7,0.0,33.33,40.74,25.93
29,manufacture,17,184.64,42.78,395.54,4,13,0,0,23.53,76.47,0.0,0.0
29,shed,14,25.85,4.67,95.28,14,0,0,0,100.0,0.0,0.0,0.0
29,parking,11,1470.0,668.98,3314.3,0,0,3,8,0.0,0.0,27.27,72.73
29,gatehouse,10,332.14,74.8,907.73,1,7,2,0,10.0,70.0,20.0,0.0
29,sports_hall,10,1269.54,666.84,2811.47,0,0,4,6,0.0,0.0,40.0,60.0
29,church,8,353.52,54.94,1161.52,1,5,1,1,12.5,62.5,12.5,12.5
29,civic,7,324.5,109.58,658.23,0,6,1,0,0.0,85.71,14.29,0.0
29,hangar,7,362.76,44.05,892.27,2,3,2,0,28.57,42.86,28.57,0.0
29,barn,6,68.05,12.77,176.22,5,1,0,0,83.33,16.67,0.0,0.0
29,grandstand,6,148.09,17.68,743.08,5,0,1,0,83.33,0.0,16.67,0.0
29,transportation,5,966.26,262.03,2358.31,0,2,1,2,0.0,40.0,20.0,40.0
29,terrace,5,244.37,89.7,426.03,1,4,0,0,20.0,80.0,0.0,0.0
29,pagoda,4,98.33,30.75,199.16,3,1,0,0,75.0,25.0,0.0,0.0
29,collapsed,3,70.04,25.52,94.2,3,0,0,0,100.0,0.0,0.0,0.0
29,飲食店,2,333.99,93.88,574.09,1,0,1,0,50.0,0.0,50.0,0.0
29,fire_station,2,390.07,15.39,764.75,1,0,1,0,50.0,0.0,50.0,0.0
29,farm,2,86.8,37.17,136.42,1,1,0,0,50.0,50.0,0.0,0.0
29,service,2,136.75,58.02,215.47,1,1,0,0,50.0,50.0,0.0,0.0
29,college,2,486.43,290.68,682.17,0,1,1,0,0.0,50.0,50.0,0.0
29,supermarket,2,4224.8,2921.92,5527.67,0,0,0,2,0.0,0.0,0.0,100.0
29,cabin,2,19.79,3.51,36.07,2,0,0,0,100.0,0.0,0.0,0.0
29,construction,1,19.72,19.72,19.72,1,0,0,0,100.0,0.0,0.0,0.0
29,s,1,48.72,48.72,48.72,1,0,0,0,100.0,0.0,0.0,0.0
29,root,1,62.13,62.13,62.13,1,0,0,0,100.0,0.0,0.0,0.0
29,amenity,1,211.41,211.41,211.41,0,1,0,0,0.0,100.0,0.0,0.0
29,wayside_shrine,1,28.63,28.63,28.63,1,0,0,0,100.0,0.0,0.0,0.0
29,no,1,2202.58,2202.58,2202.58,0,0,0,1,0.0,0.0,0.0,100.0
29,community center,1,179.31,179.31,179.31,0,1,0,0,0.0,100.0,0.0,0.0
3,yes,217166,162.94,0.7,69031.41,111305,97646,4826,3389,51.25,44.96,2.22,1.56
3,house,16872,134.89,1.72,2068.64,6343,10426,88,15,37.59,61.79,0.52,0.09
3,residential,1214,148.9,2.91,1604.47,394,807,11,2,32.45,66.47,0.91,0.16
3,apartments,1160,265.22,26.44,13681.96,143,893,107,17,12.33,76.98,9.22,1.47
3,hut,619,47.43,1.33,459.09,530,89,0,0,85.62,14.38,0.0,0.0
3,retail,545,881.46,4.55,30403.45,118,271,66,90,21.65,49.72,12.11,16.51
3,school,321,1896.91,7.68,12154.89,10,57,54,200,3.12,17.76,16.82,62.31
3,garage,267,178.08,3.07,5230.5,212,41,5,9,79.4,15.36,1.87,3.37
3,roof,260,118.97,2.33,1784.29,176,74,6,4,67.69,28.46,2.31,1.54
3,greenhouse,206,212.94,31.92,2415.39,41,151,11,3,19.9,73.3,5.34,1.46
3,industrial,191,1639.7,19.24,22689.71,32,60,29,70,16.75,31.41,15.18,36.65
3,temple,120,450.75,3.49,6284.68,62,27,11,20,51.67,22.5,9.17,16.67
3,warehouse,117,1544.35,14.76,32433.05,29,48,16,24,24.79,41.03,13.68,20.51
3,farm_auxiliary,79,1827.86,52.91,67074.97,11,46,6,16,13.92,58.23,7.59,20.25
3,commercial,68,697.91,43.9,6110.48,13,31,13,11,19.12,45.59,19.12,16.18
3,hospital,63,2441.21,45.57,19450.67,2,10,11,40,3.17,15.87,17.46,63.49
3,public,62,801.88,18.16,5342.54,12,23,11,16,19.35,37.1,17.74,25.81
3,train_station,54,733.39,12.95,16622.63,22,22,6,4,40.74,40.74,11.11,7.41
3,kindergarten,32,918.22,198.58,4092.01,0,7,14,11,0.0,21.88,43.75,34.38
3,hotel,31,1245.68,58.74,4541.98,2,13,2,14,6.45,41.94,6.45,45.16
3,parking,27,1022.45,65.38,3868.27,4,4,8,11,14.81,14.81,29.63,40.74
3,shrine,26,265.74,14.34,1276.36,12,10,3,1,46.15,38.46,11.54,3.85
3,office,22,291.27,21.54,1817.61,4,16,1,1,18.18,72.73,4.55,4.55
3,shed,21,76.54,5.55,255.45,14,7,0,0,66.67,33.33,0.0,0.0
3,garages,18,284.46,89.19,688.94,2,13,3,0,11.11,72.22,16.67,0.0
3,manufacture,16,1717.27,25.24,12722.34,1,9,1,5,6.25,56.25,6.25,31.25
3,university,16,1174.71,44.85,4057.11,2,5,1,8,12.5,31.25,6.25,50.0
3,bungalow,15,41.81,8.79,85.72,15,0,0,0,100.0,0.0,0.0,0.0
3,dormitory,14,708.79,223.61,3103.47,0,6,6,2,0.0,42.86,42.86,14.29
3,barn,12,214.9,74.95,401.86,1,11,0,0,8.33,91.67,0.0,0.0
3,cowshed,10,598.15,89.89,1179.67,1,2,6,1,10.0,20.0,60.0,10.0
3,storage_tank,8,106.07,94.09,110.12,2,6,0,0,25.0,75.0,0.0,0.0
3,ruins,7,126.81,16.38,560.75,4,2,1,0,57.14,28.57,14.29,0.0
3,collapsed,6,93.38,47.48,133.31,3,3,0,0,50.0,50.0,0.0,0.0
3,civic,6,3579.92,90.41,9551.55,1,1,1,3,16.67,16.67,16.67,50.0
3,grandstand,5,342.84,97.75,894.58,1,3,1,0,20.0,60.0,20.0,0.0
3,stadium,4,5773.04,3301.76,9040.12,0,0,0,4,0.0,0.0,0.0,100.0
3,sports_hall,3,5655.96,654.44,10098.18,0,0,1,2,0.0,0.0,33.33,66.67
3,construction,3,138.32,96.64,206.79,1,2,0,0,33.33,66.67,0.0,0.0
3,pavilion,3,80.23,17.07,139.28,2,1,0,0,66.67,33.33,0.0,0.0
3,church,3,846.34,49.45,2350.02,1,1,0,1,33.33,33.33,0.0,33.33
3,het,3,12.77,8.93,20.2,3,0,0,0,100.0,0.0,0.0,0.0
3,carport,2,20.49,6.88,34.09,2,0,0,0,100.0,0.0,0.0,0.0
3,hout,2,43.09,15.76,70.41,2,0,0,0,100.0,0.0,0.0,0.0
3,boathouse,2,980.03,92.74,1867.32,1,0,0,1,50.0,0.0,0.0,50.0
3,college,2,693.89,361.76,1026.01,0,1,0,1,0.0,50.0,0.0,50.0
3,fire_station,2,714.15,609.41,818.89,0,0,2,0,0.0,0.0,100.0,0.0
3,toilets,2,138.18,133.17,143.19,0,2,0,0,0.0,100.0,0.0,0.0
3,prefabricated house,1,29.98,29.98,29.98,1,0,0,0,100.0,0.0,0.0,0.0
3,hostel,1,1314.28,1314.28,1314.28,0,0,0,1,0.0,0.0,0.0,100.0
3,service,1,6.25,6.25,6.25,1,0,0,0,100.0,0.0,0.0,0.0
3,no,1,948.54,948.54,948.54,0,0,1,0,0.0,0.0,100.0,0.0
3,company,1,365.27,365.27,365.27,0,1,0,0,0.0,100.0,0.0,0.0
30,yes,88366,155.27,0.31,220482.15,55674,29490,1622,1580,63.0,33.37,1.84,1.79
30,house,5766,96.25,2.0,3158.6,3795,1941,23,7,65.82,33.66,0.4,0.12
30,residential,855,118.06,4.51,641.73,503,343,9,0,58.83,40.12,1.05,0.0
30,detached,685,101.71,7.34,491.86,410,275,0,0,59.85,40.15,0.0,0.0
30,roof,553,124.45,0.18,3151.8,391,135,20,7,70.71,24.41,3.62,1.27
30,school,415,894.43,8.37,7142.16,42,106,137,130,10.12,25.54,33.01,31.33
30,apartments,411,376.4,45.26,5924.31,15,327,41,28,3.65,79.56,9.98,6.81
30,greenhouse,330,829.73,20.45,7051.23,24,126,97,83,7.27,38.18,29.39,25.15
30,retail,257,1112.36,25.49,33297.0,50,123,23,61,19.46,47.86,8.95,23.74
30,industrial,201,1745.38,6.75,16799.1,37,50,30,84,18.41,24.88,14.93,41.79
30,warehouse,157,326.82,3.29,10096.17,104,31,7,15,66.24,19.75,4.46,9.55
30,commercial,121,577.07,22.73,9159.76,21,68,18,14,17.36,56.2,14.88,11.57
30,shrine,96,133.32,2.32,1566.86,59,33,3,1,61.46,34.38,3.13,1.04
30,hospital,71,1258.16,14.14,6732.17,7,25,9,30,9.86,35.21,12.68,42.25
30,hotel,63,1336.55,34.55,6850.5,5,23,11,24,7.94,36.51,17.46,38.1
30,temple,63,283.11,12.16,2190.52,20,36,5,2,31.75,57.14,7.94,3.17
30,train_station,57,432.5,32.46,2427.73,7,34,10,6,12.28,59.65,17.54,10.53
30,office,50,308.84,30.06,1458.45,13,28,6,3,26.0,56.0,12.0,6.0
30,garage,48,87.3,15.06,355.52,35,13,0,0,72.92,27.08,0.0,0.0
30,public,28,1137.05,74.79,5382.45,2,9,8,9,7.14,32.14,28.57,32.14
30,hut,24,46.75,6.45,125.19,21,3,0,0,87.5,12.5,0.0,0.0
30,shed,23,79.32,6.27,799.24,20,2,1,0,86.96,8.7,4.35,0.0
30,kindergarten,17,711.3,189.7,1498.39,0,5,8,4,0.0,29.41,47.06,23.53
30,fire_station,11,264.93,22.79,980.91,4,5,2,0,36.36,45.45,18.18,0.0
30,dormitory,9,231.07,17.3,687.7,3,5,1,0,33.33,55.56,11.11,0.0
30,garages,9,141.88,51.19,257.1,3,6,0,0,33.33,66.67,0.0,0.0
30,no,8,5639.05,411.78,15297.78,0,1,0,7,0.0,12.5,0.0,87.5
30,cowshed,7,431.88,168.11,691.14,0,5,2,0,0.0,71.43,28.57,0.0
30,college,5,4266.62,579.05,18010.41,0,0,3,2,0.0,0.0,60.0,40.0
30,civic,5,1145.37,435.21,2046.77,0,1,1,3,0.0,20.0,20.0,60.0
30,supermarket,5,3516.66,991.07,7167.87,0,0,1,4,0.0,0.0,20.0,80.0
30,university,4,1579.11,281.2,2993.29,0,1,1,2,0.0,25.0,25.0,50.0
30,parking,4,2598.51,219.76,7590.53,0,1,0,3,0.0,25.0,0.0,75.0
30,farm,4,94.51,65.54,119.43,2,2,0,0,50.0,50.0,0.0,0.0
30,farm_auxiliary,4,1830.34,189.44,3998.11,0,1,1,2,0.0,25.0,25.0,50.0
30,ruins,4,284.2,58.83,753.08,1,2,1,0,25.0,50.0,25.0,0.0
30,church,4,681.23,142.16,1702.76,0,3,0,1,0.0,75.0,0.0,25.0
30,barn,4,48.45,17.07,131.7,3,1,0,0,75.0,25.0,0.0,0.0
30,transportation,4,273.24,4.14,657.27,2,1,1,0,50.0,25.0,25.0,0.0
30,hangar,3,758.61,196.33,1646.61,0,2,0,1,0.0,66.67,0.0,33.33
30,pagoda,3,459.49,63.64,1237.5,2,0,0,1,66.67,0.0,0.0,33.33
30,gatehouse,3,94.81,69.69,137.16,2,1,0,0,66.67,33.33,0.0,0.0
30,toilets,3,62.59,48.14,89.2,3,0,0,0,100.0,0.0,0.0,0.0
30,bungalow,3,45.82,42.03,52.63,3,0,0,0,100.0,0.0,0.0,0.0
30,service,3,1102.77,8.9,2952.04,1,1,0,1,33.33,33.33,0.0,33.33
30,sports_hall,2,1185.94,1116.21,1255.67,0,0,0,2,0.0,0.0,0.0,100.0
30,pavilion,2,885.85,63.46,1708.24,1,0,0,1,50.0,0.0,0.0,50.0
30,student_apartment,2,525.8,514.74,536.86,0,0,2,0,0.0,0.0,100.0,0.0
30,water_place,2,29.22,29.22,29.22,2,0,0,0,100.0,0.0,0.0,0.0
30,kiosk,1,5.11,5.11,5.11,1,0,0,0,100.0,0.0,0.0,0.0
30,milk,1,122.99,122.99,122.99,0,1,0,0,0.0,100.0,0.0,0.0
30,guest_house,1,57.81,57.81,57.81,1,0,0,0,100.0,0.0,0.0,0.0
30,primary,1,1821.84,1821.84,1821.84,0,0,0,1,0.0,0.0,0.0,100.0
30,government,1,1376.14,1376.14,1376.14,0,0,0,1,0.0,0.0,0.0,100.0
30,froof,1,32.0,32.0,32.0,1,0,0,0,100.0,0.0,0.0,0.0
30,construction,1,640.61,640.61,640.61,0,0,1,0,0.0,0.0,100.0,0.0
30,static_caravan,1,50.5,50.5,50.5,1,0,0,0,100.0,0.0,0.0,0.0
30,carport,1,2475.73,2475.73,2475.73,0,0,0,1,0.0,0.0,0.0,100.0
30,terrace,1,73.54,73.54,73.54,1,0,0,0,100.0,0.0,0.0,0.0
30,bridge,1,72.4,72.4,72.4,1,0,0,0,100.0,0.0,0.0,0.0
30,wayside_shrine,1,7.11,7.11,7.11,1,0,0,0,100.0,0.0,0.0,0.0
30,loof,1,74.23,74.23,74.23,1,0,0,0,100.0,0.0,0.0,0.0
31,yes,266773,106.1,0.13,25076.73,174753,86843,3197,1980,65.51,32.55,1.2,0.74
31,house,2721,119.13,2.85,647.04,1115,1605,1,0,40.98,58.99,0.04,0.0
31,residential,1010,209.76,11.59,5026.48,373,568,51,18,36.93,56.24,5.05,1.78
31,greenhouse,963,241.71,8.14,5343.86,168,736,46,13,17.45,76.43,4.78,1.35
31,roof,465,155.6,1.39,2020.3,293,137,22,13,63.01,29.46,4.73,2.8
31,apartments,278,301.97,51.6,3995.09,15,216,46,1,5.4,77.7,16.55,0.36
31,retail,200,1073.28,5.15,23693.41,41,87,22,50,20.5,43.5,11.0,25.0
31,garage,125,58.14,3.6,822.23,112,11,2,0,89.6,8.8,1.6,0.0
31,hut,123,28.45,2.42,109.22,121,2,0,0,98.37,1.63,0.0,0.0
31,school,85,896.9,23.64,2397.99,9,18,25,33,10.59,21.18,29.41,38.82
31,industrial,65,2805.67,19.49,32908.22,8,16,5,36,12.31,24.62,7.69,55.38
31,warehouse,48,45.46,1.63,331.49,42,6,0,0,87.5,12.5,0.0,0.0
31,train_station,45,533.06,10.84,15401.67,15,28,0,2,33.33,62.22,0.0,4.44
31,detached,30,74.59,2.78,157.23,22,8,0,0,73.33,26.67,0.0,0.0
31,commercial,28,750.14,64.49,2549.84,2,13,4,9,7.14,46.43,14.29,32.14
31,hospital,23,1347.73,129.69,8397.63,0,11,5,7,0.0,47.83,21.74,30.43
31,shed,17,50.89,6.48,337.26,15,2,0,0,88.24,11.76,0.0,0.0
31,stable,13,522.91,99.47,876.88,1,6,6,0,7.69,46.15,46.15,0.0
31,temple,13,249.05,48.58,669.08,1,11,1,0,7.69,84.62,7.69,0.0
31,civic,12,571.04,8.63,1604.29,4,3,3,2,33.33,25.0,25.0,16.67
31,hangar,11,4310.24,380.26,9749.83,0,1,1,9,0.0,9.09,9.09,81.82
31,hotel,9,1311.16,129.99,6468.45,0,3,4,2,0.0,33.33,44.44,22.22
31,public,9,1667.81,261.99,4891.71,0,3,2,4,0.0,33.33,22.22,44.44
31,farm_auxiliary,6,42.31,32.07,54.65,6,0,0,0,100.0,0.0,0.0,0.0
31,kindergarten,6,957.72,356.79,1874.54,0,1,3,2,0.0,16.67,50.0,33.33
31,service,5,57.4,21.72,169.74,4,1,0,0,80.0,20.0,0.0,0.0
31,office,5,241.57,60.45,726.61,1,3,1,0,20.0,60.0,20.0,0.0
31,stadium,5,1703.25,644.33,3709.18,0,0,3,2,0.0,0.0,60.0,40.0
31,university,4,916.89,31.43,3046.85,1,2,0,1,25.0,50.0,0.0,25.0
31,cabin,3,22.19,2.77,58.24,3,0,0,0,100.0,0.0,0.0,0.0
31,toilets,3,49.03,6.72,95.55,3,0,0,0,100.0,0.0,0.0,0.0
31,government,3,1452.37,671.79,2845.87,0,0,2,1,0.0,0.0,66.67,33.33
31,farm,3,131.11,98.16,186.94,1,2,0,0,33.33,66.67,0.0,0.0
31,barn,3,48.72,46.7,52.22,3,0,0,0,100.0,0.0,0.0,0.0
31,construction,2,3395.1,70.91,6719.28,1,0,0,1,50.0,0.0,0.0,50.0
31,carport,2,69.02,57.19,80.84,2,0,0,0,100.0,0.0,0.0,0.0
31,sports_centre,1,1065.48,1065.48,1065.48,0,0,0,1,0.0,0.0,0.0,100.0
31,college,1,487.24,487.24,487.24,0,1,0,0,0.0,100.0,0.0,0.0
31,cowshed,1,1783.52,1783.52,1783.52,0,0,0,1,0.0,0.0,0.0,100.0
31,church,1,309.01,309.01,309.01,0,1,0,0,0.0,100.0,0.0,0.0
31,garages,1,67.4,67.4,67.4,1,0,0,0,100.0,0.0,0.0,0.0
31,フィットネスジム,1,221.11,221.11,221.11,0,1,0,0,0.0,100.0,0.0,0.0
31,pavilion,1,1934.31,1934.31,1934.31,0,0,0,1,0.0,0.0,0.0,100.0
31,parking,1,7819.66,7819.66,7819.66,0,0,0,1,0.0,0.0,0.0,100.0
31,grandstand,1,1502.5,1502.5,1502.5,0,0,0,1,0.0,0.0,0.0,100.0
31,スーパー,1,699.89,699.89,699.89,0,0,1,0,0.0,0.0,100.0,0.0
31,shrine,1,183.68,183.68,183.68,0,1,0,0,0.0,100.0,0.0,0.0
32,yes,76658,195.32,0.17,31047.13,36986,34916,2869,1887,48.25,45.55,3.74,2.46
32,house,12970,129.73,12.33,1387.93,4575,8362,31,2,35.27,64.47,0.24,0.02
32,residential,11893,167.75,19.61,951.28,3163,8545,185,0,26.6,71.85,1.56,0.0
32,apartments,3042,254.88,23.63,2157.81,176,2642,208,16,5.79,86.85,6.84,0.53
32,industrial,570,2406.19,19.7,47051.65,32,143,108,287,5.61,25.09,18.95,50.35
32,warehouse,367,95.0,2.28,6145.84,334,21,5,7,91.01,5.72,1.36,1.91
32,greenhouse,345,295.77,15.79,2244.79,52,263,10,20,15.07,76.23,2.9,5.8
32,school,311,1302.57,57.93,6766.5,3,57,95,156,0.96,18.33,30.55,50.16
32,garage,276,45.86,10.44,492.91,260,16,0,0,94.2,5.8,0.0,0.0
32,temple,266,376.08,9.02,1420.42,29,172,58,7,10.9,64.66,21.8,2.63
32,roof,193,156.69,2.72,1796.87,121,59,10,3,62.69,30.57,5.18,1.55
32,retail,142,766.33,22.62,18217.42,20,74,18,30,14.08,52.11,12.68,21.13
32,kindergarten,114,778.47,55.57,2888.63,1,29,53,31,0.88,25.44,46.49,27.19
32,commercial,88,779.23,70.82,10125.45,3,50,16,19,3.41,56.82,18.18,21.59
32,bungalow,82,37.96,9.78,699.27,75,6,1,0,91.46,7.32,1.22,0.0
32,hospital,68,1485.17,75.56,8533.24,2,35,7,24,2.94,51.47,10.29,35.29
32,university,44,1264.82,55.24,4357.48,1,12,8,23,2.27,27.27,18.18,52.27
32,hut,42,78.53,4.27,1204.83,34,7,0,1,80.95,16.67,0.0,2.38
32,train_station,33,534.53,19.23,6737.15,7,18,5,3,21.21,54.55,15.15,9.09
32,public,31,1413.43,99.58,10213.71,1,10,10,10,3.23,32.26,32.26,32.26
32,detached,27,136.45,31.61,407.79,8,19,0,0,29.63,70.37,0.0,0.0
32,office,23,373.82,60.57,2167.31,3,16,3,1,13.04,69.57,13.04,4.35
32,hotel,21,649.46,155.25,2048.43,0,11,5,5,0.0,52.38,23.81,23.81
32,chapel,20,30.12,9.27,67.46,20,0,0,0,100.0,0.0,0.0,0.0
32,shed,15,43.97,4.48,191.02,13,2,0,0,86.67,13.33,0.0,0.0
32,church,14,225.83,36.27,583.72,4,9,1,0,28.57,64.29,7.14,0.0
32,stadium,12,6822.58,303.8,23027.32,0,5,2,5,0.0,41.67,16.67,41.67
32,garages,12,449.67,51.65,1400.47,2,6,2,2,16.67,50.0,16.67,16.67
32,shrine,10,324.29,78.15,599.82,1,7,2,0,10.0,70.0,20.0,0.0
32,dormitory,9,648.83,373.7,1301.71,0,4,4,1,0.0,44.44,44.44,11.11
32,civic,6,661.52,68.02,2890.9,1,4,0,1,16.67,66.67,0.0,16.67
32,farm_auxiliary,6,83.03,6.85,315.25,5,1,0,0,83.33,16.67,0.0,0.0
32,college,6,629.47,322.35,1372.9,0,3,2,1,0.0,50.0,33.33,16.67
32,parking,5,1427.95,33.37,3421.49,1,0,1,3,20.0,0.0,20.0,60.0
32,service,3,117.34,26.08,205.54,1,2,0,0,33.33,66.67,0.0,0.0
32,cowshed,3,371.64,137.68,514.55,0,2,1,0,0.0,66.67,33.33,0.0
32,farm,3,165.16,137.31,184.85,0,3,0,0,0.0,100.0,0.0,0.0
32,fire_station,2,1138.75,212.62,2064.87,0,1,0,1,0.0,50.0,0.0,50.0
32,pavilion,2,104.78,91.9,117.66,1,1,0,0,50.0,50.0,0.0,0.0
32,sports_hall,2,3423.11,1203.85,5642.37,0,0,0,2,0.0,0.0,0.0,100.0
32,carport,2,154.94,13.67,296.21,1,1,0,0,50.0,50.0,0.0,0.0
32,barn,1,18.68,18.68,18.68,1,0,0,0,100.0,0.0,0.0,0.0
32,no,1,21041.55,21041.55,21041.55,0,0,0,1,0.0,0.0,0.0,100.0
32,gatehouse,1,114.54,114.54,114.54,0,1,0,0,0.0,100.0,0.0,0.0
32,supermarket,1,8460.86,8460.86,8460.86,0,0,0,1,0.0,0.0,0.0,100.0
33,yes,292953,141.44,0.01,296831.59,178621,105887,4796,3649,60.97,36.14,1.64,1.25
33,house,10080,112.26,2.32,6463.54,5508,4511,53,8,54.64,44.75,0.53,0.08
33,greenhouse,1317,455.78,10.94,9053.3,177,737,284,119,13.44,55.96,21.56,9.04
33,roof,1096,155.2,0.43,3219.31,673,348,56,19,61.41,31.75,5.11,1.73
33,retail,959,993.99,15.3,17630.69,102,461,139,257,10.64,48.07,14.49,26.8
33,apartments,744,251.83,6.74,2686.99,140,521,70,13,18.82,70.03,9.41,1.75
33,residential,666,129.53,13.77,2624.65,350,301,9,6,52.55,45.2,1.35,0.9
33,school,637,710.37,4.1,12179.82,171,160,150,156,26.84,25.12,23.55,24.49
33,industrial,541,2865.75,6.66,60643.53,67,144,98,232,12.38,26.62,18.11,42.88
33,detached,476,124.03,17.34,443.16,224,252,0,0,47.06,52.94,0.0,0.0
33,university,292,829.05,7.28,7057.92,45,87,79,81,15.41,29.79,27.05,27.74
33,warehouse,232,1060.6,1.59,23252.68,107,53,13,59,46.12,22.84,5.6,25.43
33,hospital,164,1539.56,6.82,25183.73,15,53,31,65,9.15,32.32,18.9,39.63
33,temple,134,146.03,2.47,1292.64,92,30,10,2,68.66,22.39,7.46,1.49
33,commercial,134,688.87,12.25,14797.45,15,76,18,25,11.19,56.72,13.43,18.66
33,office,98,605.58,14.71,8351.5,10,62,13,13,10.2,63.27,13.27,13.27
33,kindergarten,85,556.88,11.44,2128.6,14,26,34,11,16.47,30.59,40.0,12.94
33,shrine,84,40.11,0.85,295.19,76,8,0,0,90.48,9.52,0.0,0.0
33,train_station,84,625.5,10.09,16046.74,26,39,11,8,30.95,46.43,13.1,9.52
33,garage,75,95.0,8.82,698.06,59,12,4,0,78.67,16.0,5.33,0.0
33,hotel,57,922.62,70.21,4372.64,2,27,11,17,3.51,47.37,19.3,29.82
33,public,45,1910.1,16.54,57946.03,8,20,10,7,17.78,44.44,22.22,15.56
33,shed,40,42.36,0.84,250.78,35,5,0,0,87.5,12.5,0.0,0.0
33,cowshed,32,2088.89,191.95,8013.38,0,6,5,21,0.0,18.75,15.63,65.63
33,service,28,170.57,3.05,1169.4,17,8,2,1,60.71,28.57,7.14,3.57
33,storage_tank,27,160.5,11.23,1202.23,15,10,1,1,55.56,37.04,3.7,3.7
33,carport,23,70.44,9.68,1034.65,22,0,0,1,95.65,0.0,0.0,4.35
33,hut,21,24.63,7.49,74.16,21,0,0,0,100.0,0.0,0.0,0.0
33,bungalow,17,68.32,35.0,106.95,12,5,0,0,70.59,29.41,0.0,0.0
33,grandstand,16,929.33,133.82,5012.52,0,6,7,3,0.0,37.5,43.75,18.75
33,parking,14,2160.47,137.11,6139.05,0,1,2,11,0.0,7.14,14.29,78.57
33,dormitory,13,848.32,225.29,1708.05,0,4,3,6,0.0,30.77,23.08,46.15
33,barn,13,126.71,23.06,716.08,8,4,1,0,61.54,30.77,7.69,0.0
33,stadium,13,2721.69,651.34,6340.02,0,0,2,11,0.0,0.0,15.38,84.62
33,no,12,1819.7,215.87,5164.14,0,6,1,5,0.0,50.0,8.33,41.67
33,fire_station,11,390.3,13.85,1202.14,4,4,1,2,36.36,36.36,9.09,18.18
33,church,11,182.97,99.3,296.73,1,10,0,0,9.09,90.91,0.0,0.0
33,farm,10,153.78,31.39,305.16,3,7,0,0,30.0,70.0,0.0,0.0
33,college,8,823.77,244.07,1494.43,0,1,5,2,0.0,12.5,62.5,25.0
33,garages,6,1060.87,68.21,5411.27,2,3,0,1,33.33,50.0,0.0,16.67
33,civic,6,2804.54,84.97,8087.69,1,1,1,3,16.67,16.67,16.67,50.0
33,construction,6,5323.17,177.79,22455.24,0,1,1,4,0.0,16.67,16.67,66.67
33,sports_hall,5,2970.31,564.79,10528.38,0,0,2,3,0.0,0.0,40.0,60.0
33,castle,5,27140.92,55.78,135047.99,2,2,0,1,40.0,40.0,0.0,20.0
33,pavilion,4,323.65,161.45,526.79,0,3,1,0,0.0,75.0,25.0,0.0
33,toilets,4,35.27,16.59,45.52,4,0,0,0,100.0,0.0,0.0,0.0
33,polytunnel,4,1130.44,122.9,2600.23,0,1,1,2,0.0,25.0,25.0,50.0
33,farm_auxiliary,4,3709.43,16.11,10991.49,1,0,0,3,25.0,0.0,0.0,75.0
33,terrace,3,119.39,119.38,119.39,0,3,0,0,0.0,100.0,0.0,0.0
33,hangar,3,842.96,23.45,1470.31,1,0,0,2,33.33,0.0,0.0,66.67
33,supermarket,2,2733.26,2174.58,3291.93,0,0,0,2,0.0,0.0,0.0,100.0
33,ruins,2,402.23,169.43,635.02,0,1,1,0,0.0,50.0,50.0,0.0
33,community_centre,2,325.46,181.32,469.6,0,2,0,0,0.0,100.0,0.0,0.0
33,stable,2,36.06,31.73,40.38,2,0,0,0,100.0,0.0,0.0,0.0
33,chapel,2,286.41,259.94,312.87,0,2,0,0,0.0,100.0,0.0,0.0
33,gym,1,237.06,237.06,237.06,0,1,0,0,0.0,100.0,0.0,0.0
33,public_bath,1,262.11,262.11,262.11,0,1,0,0,0.0,100.0,0.0,0.0
33,silo,1,669.1,669.1,669.1,0,0,1,0,0.0,0.0,100.0,0.0
33,gatehouse,1,33.61,33.61,33.61,1,0,0,0,100.0,0.0,0.0,0.0
33,ger,1,529.18,529.18,529.18,0,0,1,0,0.0,0.0,100.0,0.0
33,tenshu,1,686.12,686.12,686.12,0,0,1,0,0.0,0.0,100.0,0.0
33,transportation,1,208.01,208.01,208.01,0,1,0,0,0.0,100.0,0.0,0.0
33,cabin,1,69.26,69.26,69.26,1,0,0,0,100.0,0.0,0.0,0.0
33,unused,1,318.05,318.05,318.05,0,1,0,0,0.0,100.0,0.0,0.0
33,boathouse,1,20.68,20.68,20.68,1,0,0,0,100.0,0.0,0.0,0.0
34,yes,468978,131.59,0.01,59138.28,311919,143777,7733,5549,66.51,30.66,1.65,1.18
34,house,40565,100.38,1.03,1969.58,24496,15978,83,8,60.39,39.39,0.2,0.02
34,residential,12262,112.82,1.86,1364.35,7011,5200,48,3,57.18,42.41,0.39,0.02
34,apartments,2862,236.37,2.95,5485.65,583,2044,199,36,20.37,71.42,6.95,1.26
34,retail,1548,821.69,2.24,39257.54,509,680,105,254,32.88,43.93,6.78,16.41
34,commercial,1542,247.74,2.1,10822.42,704,678,100,60,45.65,43.97,6.49,3.89
34,industrial,1420,1191.22,0.84,48801.01,450,485,186,299,31.69,34.15,13.1,21.06
34,public,1151,193.08,1.34,9078.9,752,304,55,40,65.33,26.41,4.78,3.48
34,greenhouse,798,279.13,10.1,11290.9,170,574,23,31,21.3,71.93,2.88,3.88
34,school,780,847.15,3.03,20122.34,92,194,261,233,11.79,24.87,33.46,29.87
34,roof,721,200.37,2.0,8048.87,397,264,43,17,55.06,36.62,5.96,2.36
34,agricultural,574,95.71,2.62,3123.59,453,105,9,7,78.92,18.29,1.57,1.22
34,detached,483,99.49,24.73,517.44,314,168,1,0,65.01,34.78,0.21,0.0
34,warehouse,393,296.05,3.1,6959.45,213,120,34,26,54.2,30.53,8.65,6.62
34,hotel,136,360.01,5.27,3421.72,62,52,11,11,45.59,38.24,8.09,8.09
34,university,128,950.72,17.91,5061.99,8,28,44,48,6.25,21.88,34.38,37.5
34,shrine,123,124.0,1.6,1268.36,82,36,4,1,66.67,29.27,3.25,0.81
34,hospital,116,1070.8,94.43,9783.94,1,52,27,36,0.86,44.83,23.28,31.03
34,garage,105,148.89,4.89,8219.36,81,22,1,1,77.14,20.95,0.95,0.95
34,train_station,90,1258.42,26.94,28966.51,14,46,17,13,15.56,51.11,18.89,14.44
34,shed,75,23.6,1.52,135.64,74,1,0,0,98.67,1.33,0.0,0.0
34,temple,54,265.95,5.79,1194.42,14,33,6,1,25.93,61.11,11.11,1.85
34,government,52,244.41,4.34,2214.52,31,15,2,4,59.62,28.85,3.85,7.69
34,kindergarten,50,552.31,81.16,1359.76,2,23,20,5,4.0,46.0,40.0,10.0
34,office,49,563.54,27.45,3512.58,7,28,7,7,14.29,57.14,14.29,14.29
34,civic,34,833.68,12.95,5622.75,4,22,2,6,11.76,64.71,5.88,17.65
34,sports_hall,28,1301.06,462.92,4080.49,0,2,9,17,0.0,7.14,32.14,60.71
34,construction,23,1221.03,43.54,15718.72,6,7,6,4,26.09,30.43,26.09,17.39
34,parking,23,1474.55,42.34,3945.07,2,6,2,13,8.7,26.09,8.7,56.52
34,dormitory,18,463.49,138.08,1932.06,0,15,1,2,0.0,83.33,5.56,11.11
34,hut,13,13.17,2.65,37.14,13,0,0,0,100.0,0.0,0.0,0.0
34,college,12,873.01,197.21,1867.4,0,5,2,5,0.0,41.67,16.67,41.67
34,bridge,9,80.41,24.69,120.62,6,3,0,0,66.67,33.33,0.0,0.0
34,religious,8,81.96,10.07,243.43,6,2,0,0,75.0,25.0,0.0,0.0
34,restaurant,7,330.67,76.33,795.86,1,5,1,0,14.29,71.43,14.29,0.0
34,storage_tank,7,461.73,2.74,983.11,2,1,4,0,28.57,14.29,57.14,0.0
34,terrace,7,62.99,13.49,336.24,6,1,0,0,85.71,14.29,0.0,0.0
34,transportation,7,602.25,236.22,1694.44,0,5,1,1,0.0,71.43,14.29,14.29
34,pagoda,6,119.73,20.4,390.99,4,2,0,0,66.67,33.33,0.0,0.0
34,toilets,6,61.74,27.28,198.67,5,1,0,0,83.33,16.67,0.0,0.0
34,garages,6,572.33,44.84,2192.95,2,3,0,1,33.33,50.0,0.0,16.67
34,service,5,340.62,34.73,1380.24,3,1,0,1,60.0,20.0,0.0,20.0
34,ruins,5,151.35,23.57,286.06,2,3,0,0,40.0,60.0,0.0,0.0
34,farm_auxiliary,5,129.32,56.2,214.39,1,4,0,0,20.0,80.0,0.0,0.0
34,gate,5,35.09,14.74,82.85,5,0,0,0,100.0,0.0,0.0,0.0
34,carport,4,41.42,21.61,77.17,4,0,0,0,100.0,0.0,0.0,0.0
34,supermarket,3,8409.33,3052.92,17605.65,0,0,0,3,0.0,0.0,0.0,100.0
34,silo,3,290.0,27.71,814.57,2,0,1,0,66.67,0.0,33.33,0.0
34,barn,2,13.37,10.8,15.94,2,0,0,0,100.0,0.0,0.0,0.0
34,church,2,169.67,29.12,310.22,1,1,0,0,50.0,50.0,0.0,0.0
34,grandstand,2,1373.31,986.19,1760.42,0,0,1,1,0.0,0.0,50.0,50.0
34,cabin,2,74.19,17.17,131.21,1,1,0,0,50.0,50.0,0.0,0.0
34,gatehouse,2,93.61,74.72,112.5,1,1,0,0,50.0,50.0,0.0,0.0
34,ship,2,563.89,562.14,565.63,0,0,2,0,0.0,0.0,100.0,0.0
34,pavilion,2,1976.87,588.14,3365.6,0,0,1,1,0.0,0.0,50.0,50.0
34,hospital;house,1,265.59,265.59,265.59,0,1,0,0,0.0,100.0,0.0,0.0
34,hangar,1,446.04,446.04,446.04,0,1,0,0,0.0,100.0,0.0,0.0
34,retail;house,1,134.4,134.4,134.4,0,1,0,0,0.0,100.0,0.0,0.0
34,chapel,1,248.17,248.17,248.17,0,1,0,0,0.0,100.0,0.0,0.0
34,shop,1,709.34,709.34,709.34,0,0,1,0,0.0,0.0,100.0,0.0
34,stable,1,1.86,1.86,1.86,1,0,0,0,100.0,0.0,0.0,0.0
34,stadium,1,12.94,12.94,12.94,1,0,0,0,100.0,0.0,0.0,0.0
34,bungalow,1,181.43,181.43,181.43,0,1,0,0,0.0,100.0,0.0,0.0
34,surge_chamber,1,209.13,209.13,209.13,0,1,0,0,0.0,100.0,0.0,0.0
34,Boundary,1,507.64,507.64,507.64,0,0,1,0,0.0,0.0,100.0,0.0
34,manufacture,1,115.33,115.33,115.33,0,1,0,0,0.0,100.0,0.0,0.0
34,library,1,5847.0,5847.0,5847.0,0,0,0,1,0.0,0.0,0.0,100.0
34,kiosk,1,69.24,69.24,69.24,1,0,0,0,100.0,0.0,0.0,0.0
34,3,1,26.6,26.6,26.6,1,0,0,0,100.0,0.0,0.0,0.0
34,houseboat,1,162.5,162.5,162.5,0,1,0,0,0.0,100.0,0.0,0.0
35,yes,136817,186.53,0.51,108917.96,67560,62858,3580,2819,49.38,45.94,2.62,2.06
35,house,6463,108.19,1.95,2412.91,3542,2897,18,6,54.8,44.82,0.28,0.09
35,apartments,860,358.74,52.89,3634.79,23,672,139,26,2.67,78.14,16.16,3.02
35,industrial,465,1928.16,9.51,51346.09,79,177,65,144,16.99,38.06,13.98,30.97
35,shop,456,1357.4,10.77,35668.15,23,213,81,139,5.04,46.71,17.76,30.48
35,retail,453,1323.1,8.51,27403.1,39,201,71,142,8.61,44.37,15.67,31.35
35,school,406,856.93,5.11,9371.4,27,151,103,125,6.65,37.19,25.37,30.79
35,hospital,238,768.72,45.82,9132.23,18,160,19,41,7.56,67.23,7.98,17.23
35,roof,162,218.79,2.67,7446.54,109,38,11,4,67.28,23.46,6.79,2.47
35,residential,130,152.38,39.91,704.79,51,76,3,0,39.23,58.46,2.31,0.0
35,greenhouse,130,230.94,10.01,1380.01,68,44,9,9,52.31,33.85,6.92,6.92
35,commercial,129,341.3,23.3,6419.24,22,91,10,6,17.05,70.54,7.75,4.65
35,hotel,127,605.36,16.76,5526.09,42,46,12,27,33.07,36.22,9.45,21.26
35,warehouse,79,269.78,5.48,6664.81,57,13,5,4,72.15,16.46,6.33,5.06
35,train_station,56,700.01,13.25,4367.84,7,31,7,11,12.5,55.36,12.5,19.64
35,service,51,36.28,10.46,110.78,50,1,0,0,98.04,1.96,0.0,0.0
35,university,41,908.72,139.7,3113.65,0,7,23,11,0.0,17.07,56.1,26.83
35,public,34,904.36,33.68,5181.02,4,10,13,7,11.76,29.41,38.24,20.59
35,office,30,577.36,65.0,2575.63,1,15,11,3,3.33,50.0,36.67,10.0
35,temple,26,461.97,96.37,1024.47,1,16,8,1,3.85,61.54,30.77,3.85
35,garage,23,205.88,14.49,2738.18,15,7,0,1,65.22,30.43,0.0,4.35
35,hut,22,41.64,3.4,119.71,21,1,0,0,95.45,4.55,0.0,0.0
35,detached,19,149.2,52.86,322.37,5,14,0,0,26.32,73.68,0.0,0.0
35,hangar,19,6944.34,2709.69,12041.85,0,0,0,19,0.0,0.0,0.0,100.0
35,college,17,883.4,128.83,1822.69,0,4,7,6,0.0,23.53,41.18,35.29
35,civic,16,1592.0,259.3,4995.13,0,4,2,10,0.0,25.0,12.5,62.5
35,kindergarten,12,705.07,344.74,2107.94,0,4,7,1,0.0,33.33,58.33,8.33
35,barn,10,79.0,13.73,209.41,7,3,0,0,70.0,30.0,0.0,0.0
35,shed,10,73.52,20.9,195.26,9,1,0,0,90.0,10.0,0.0,0.0
35,shrine,10,266.73,39.33,464.86,2,8,0,0,20.0,80.0,0.0,0.0
35,bungalow,10,301.74,220.13,400.91,0,10,0,0,0.0,100.0,0.0,0.0
35,farm_auxiliary,9,1222.68,33.89,10202.2,5,3,0,1,55.56,33.33,0.0,11.11
35,church,5,485.75,140.28,1128.02,0,3,1,1,0.0,60.0,20.0,20.0
35,parking,3,2472.26,1156.08,3511.7,0,0,0,3,0.0,0.0,0.0,100.0
35,construction,3,2140.88,16.96,6191.11,1,1,0,1,33.33,33.33,0.0,33.33
35,mall,3,6248.96,188.08,18244.59,0,2,0,1,0.0,66.67,0.0,33.33
35,transportation,2,301.39,253.07,349.71,0,2,0,0,0.0,100.0,0.0,0.0
35,stadium,2,3040.38,699.65,5381.11,0,0,1,1,0.0,0.0,50.0,50.0
35,pavilion,2,26.03,14.39,37.67,2,0,0,0,100.0,0.0,0.0,0.0
35,restaurant,2,138.35,44.52,232.17,1,1,0,0,50.0,50.0,0.0,0.0
35,supermarket,2,2243.85,1179.18,3308.51,0,0,0,2,0.0,0.0,0.0,100.0
35,garages,1,1610.86,1610.86,1610.86,0,0,0,1,0.0,0.0,0.0,100.0
35,toilets,1,222.18,222.18,222.18,0,1,0,0,0.0,100.0,0.0,0.0
35,dormitory,1,1109.55,1109.55,1109.55,0,0,0,1,0.0,0.0,0.0,100.0
35,bunker,1,559.64,559.64,559.64,0,0,1,0,0.0,0.0,100.0,0.0
35,allotment_house,1,321.59,321.59,321.59,0,1,0,0,0.0,100.0,0.0,0.0
35,police,1,962.09,962.09,962.09,0,0,1,0,0.0,0.0,100.0,0.0
35,ruins,1,500.68,500.68,500.68,0,0,1,0,0.0,0.0,100.0,0.0
35,no,1,1940.61,1940.61,1940.61,0,0,0,1,0.0,0.0,0.0,100.0
35,government,1,489.58,489.58,489.58,0,1,0,0,0.0,100.0,0.0,0.0
35,wayside_shrine,1,5.21,5.21,5.21,1,0,0,0,100.0,0.0,0.0,0.0
35,storage_tank,1,9.41,9.41,9.41,1,0,0,0,100.0,0.0,0.0,0.0
36,yes,118054,123.01,0.09,27942.58,80742,34231,1824,1257,68.39,29.0,1.55,1.06
36,school,1238,671.7,2.39,13399.72,279,396,314,249,22.54,31.99,25.36,20.11
36,residential,1183,99.63,16.95,592.6,730,451,2,0,61.71,38.12,0.17,0.0
36,house,1116,124.71,5.48,1112.87,487,625,3,1,43.64,56.0,0.27,0.09
36,apartments,260,348.03,62.8,1316.3,13,193,49,5,5.0,74.23,18.85,1.92
36,retail,244,1322.77,28.53,28010.08,33,124,28,59,13.52,50.82,11.48,24.18
36,roof,199,141.32,2.46,3836.19,141,48,6,4,70.85,24.12,3.02,2.01
36,commercial,167,514.38,21.95,8680.86,24,102,25,16,14.37,61.08,14.97,9.58
36,hotel,146,309.19,8.03,5125.36,54,67,17,8,36.99,45.89,11.64,5.48
36,greenhouse,111,182.4,20.93,1132.52,29,79,2,1,26.13,71.17,1.8,0.9
36,kindergarten,106,455.74,8.78,2501.05,21,45,35,5,19.81,42.45,33.02,4.72
36,college,104,1090.0,88.97,5730.13,1,32,30,41,0.96,30.77,28.85,39.42
36,industrial,61,2491.21,29.65,32007.12,9,21,6,25,14.75,34.43,9.84,40.98
36,detached,59,136.85,17.89,391.64,21,38,0,0,35.59,64.41,0.0,0.0
36,hospital,51,1269.41,28.0,6204.74,2,19,9,21,3.92,37.25,17.65,41.18
36,public,41,2090.15,13.33,29243.26,2,8,15,16,4.88,19.51,36.59,39.02
36,train_station,38,255.15,27.0,2954.79,9,26,2,1,23.68,68.42,5.26,2.63
36,warehouse,36,414.89,4.96,3842.9,18,12,2,4,50.0,33.33,5.56,11.11
36,garage,26,140.48,13.17,689.89,19,6,1,0,73.08,23.08,3.85,0.0
36,temple,19,214.19,18.17,606.71,7,10,2,0,36.84,52.63,10.53,0.0
36,hut,10,59.43,6.7,232.22,9,1,0,0,90.0,10.0,0.0,0.0
36,carport,7,42.93,9.85,92.97,7,0,0,0,100.0,0.0,0.0,0.0
36,stadium,6,3189.91,1378.33,5232.17,0,0,0,6,0.0,0.0,0.0,100.0
36,dormitory,6,450.95,149.73,920.19,0,4,2,0,0.0,66.67,33.33,0.0
36,transportation,5,340.5,176.69,501.82,0,4,1,0,0.0,80.0,20.0,0.0
36,hangar,4,4318.24,3332.97,4912.7,0,0,0,4,0.0,0.0,0.0,100.0
36,allotment_house,4,173.47,90.24,219.62,1,3,0,0,25.0,75.0,0.0,0.0
36,office,4,375.85,114.25,918.98,0,3,1,0,0.0,75.0,25.0,0.0
36,church,3,245.66,61.92,515.37,1,1,1,0,33.33,33.33,33.33,0.0
36,shed,3,60.85,5.76,92.28,3,0,0,0,100.0,0.0,0.0,0.0
36,service,2,59.48,52.98,65.97,2,0,0,0,100.0,0.0,0.0,0.0
36,parking,2,1573.45,1403.88,1743.02,0,0,0,2,0.0,0.0,0.0,100.0
36,construction,2,383.85,179.6,588.09,0,1,1,0,0.0,50.0,50.0,0.0
36,shrine,2,88.46,39.63,137.28,1,1,0,0,50.0,50.0,0.0,0.0
36,cabin,1,182.23,182.23,182.23,0,1,0,0,0.0,100.0,0.0,0.0
36,ruins,1,70.17,70.17,70.17,1,0,0,0,100.0,0.0,0.0,0.0
36,farm,1,79.83,79.83,79.83,1,0,0,0,100.0,0.0,0.0,0.0
36,garages,1,2641.57,2641.57,2641.57,0,0,0,1,0.0,0.0,0.0,100.0
36,pavilion,1,607.8,607.8,607.8,0,0,1,0,0.0,0.0,100.0,0.0
36,university,1,145.38,145.38,145.38,0,1,0,0,0.0,100.0,0.0,0.0
36,pagoda,1,252.92,252.92,252.92,0,1,0,0,0.0,100.0,0.0,0.0
36,shop,1,815.57,815.57,815.57,0,0,1,0,0.0,0.0,100.0,0.0
37,yes,52849,197.92,0.2,53641.68,30423,19041,1774,1611,57.57,36.03,3.36,3.05
37,house,4678,110.64,5.32,4616.77,2663,1998,14,3,56.93,42.71,0.3,0.06
37,roof,1151,193.3,2.27,11593.27,697,356,65,33,60.56,30.93,5.65,2.87
37,residential,963,101.64,7.62,1659.13,762,179,16,6,79.13,18.59,1.66,0.62
37,school,851,671.74,9.45,14276.19,228,265,178,180,26.79,31.14,20.92,21.15
37,industrial,742,2166.52,6.48,53092.77,110,253,104,275,14.82,34.1,14.02,37.06
37,apartments,645,312.97,46.94,3259.14,54,484,90,17,8.37,75.04,13.95,2.64
37,detached,422,99.76,16.34,1540.25,270,150,1,1,63.98,35.55,0.24,0.24
37,retail,393,1184.23,7.67,32053.9,68,206,29,90,17.3,52.42,7.38,22.9
37,carport,287,29.3,3.46,497.13,281,6,0,0,97.91,2.09,0.0,0.0
37,temple,217,239.9,7.62,3790.39,92,103,18,4,42.4,47.47,8.29,1.84
37,hospital,140,1156.49,10.41,13522.37,8,55,29,48,5.71,39.29,20.71,34.29
37,garage,136,87.32,3.84,2810.62,115,18,2,1,84.56,13.24,1.47,0.74
37,kindergarten,102,724.88,13.68,5737.95,13,41,27,21,12.75,40.2,26.47,20.59
37,allotment_house,99,255.12,65.23,1562.16,7,86,5,1,7.07,86.87,5.05,1.01
37,warehouse,90,1201.16,13.86,14999.98,20,33,10,27,22.22,36.67,11.11,30.0
37,office,86,621.29,32.9,3565.41,9,31,33,13,10.47,36.05,38.37,15.12
37,shrine,85,130.96,4.45,2935.63,55,28,0,2,64.71,32.94,0.0,2.35
37,greenhouse,85,603.78,20.64,2847.41,15,41,10,19,17.65,48.24,11.76,22.35
37,university,75,922.85,50.55,5718.6,2,23,26,24,2.67,30.67,34.67,32.0
37,commercial,73,1119.43,43.53,21921.2,11,32,10,20,15.07,43.84,13.7,27.4
37,hotel,53,790.57,23.25,4737.54,4,24,10,15,7.55,45.28,18.87,28.3
37,train_station,38,333.53,11.98,3240.23,12,21,3,2,31.58,55.26,7.89,5.26
37,parking,35,987.84,38.03,5784.92,7,4,11,13,20.0,11.43,31.43,37.14
37,public,28,720.77,66.06,3885.35,2,14,6,6,7.14,50.0,21.43,21.43
37,stadium,19,1445.81,6.27,7654.07,9,1,2,7,47.37,5.26,10.53,36.84
37,hut,16,353.93,7.46,1783.11,8,5,0,3,50.0,31.25,0.0,18.75
37,shed,13,48.22,3.75,359.04,12,1,0,0,92.31,7.69,0.0,0.0
37,dormitory,9,688.71,257.88,1271.57,0,3,4,2,0.0,33.33,44.44,22.22
37,farm_auxiliary,9,1364.17,423.94,2601.51,0,2,1,6,0.0,22.22,11.11,66.67
37,service,8,165.87,19.57,1014.76,7,0,0,1,87.5,0.0,0.0,12.5
37,civic,8,2168.52,94.79,6836.2,1,1,1,5,12.5,12.5,12.5,62.5
37,fire_station,7,355.89,40.06,1123.38,1,4,1,1,14.29,57.14,14.29,14.29
37,toilets,7,44.31,8.72,74.92,7,0,0,0,100.0,0.0,0.0,0.0
37,construction,7,4462.88,249.5,13639.77,0,2,2,3,0.0,28.57,28.57,42.86
37,church,7,156.66,55.38,323.72,4,3,0,0,57.14,42.86,0.0,0.0
37,bungalow,6,37.72,27.39,49.3,6,0,0,0,100.0,0.0,0.0,0.0
37,gatehouse,6,37.11,22.97,54.97,6,0,0,0,100.0,0.0,0.0,0.0
37,garages,6,359.27,152.94,692.2,0,4,2,0,0.0,66.67,33.33,0.0
37,pavilion,4,2243.69,144.93,8081.94,0,3,0,1,0.0,75.0,0.0,25.0
37,grandstand,4,2962.59,256.04,6220.37,0,1,0,3,0.0,25.0,0.0,75.0
37,no,3,18427.9,41.0,55012.68,1,1,0,1,33.33,33.33,0.0,33.33
37,college,3,1254.32,566.29,2020.47,0,0,1,2,0.0,0.0,33.33,66.67
37,chapel,2,318.48,134.31,502.64,0,1,1,0,0.0,50.0,50.0,0.0
37,government,2,471.47,283.57,659.37,0,1,1,0,0.0,50.0,50.0,0.0
37,pagoda,2,120.92,7.22,234.61,1,1,0,0,50.0,50.0,0.0,0.0
37,ruins,2,160.78,63.92,257.63,1,1,0,0,50.0,50.0,0.0,0.0
37,transportation,2,1865.29,183.73,3546.85,0,1,0,1,0.0,50.0,0.0,50.0
37,public_bath,1,103.61,103.61,103.61,0,1,0,0,0.0,100.0,0.0,0.0
37,stable,1,493.82,493.82,493.82,0,1,0,0,0.0,100.0,0.0,0.0
37,motorcycle_parking,1,113.0,113.0,113.0,0,1,0,0,0.0,100.0,0.0,0.0
37,station,1,471.71,471.71,471.71,0,1,0,0,0.0,100.0,0.0,0.0
37,supermarket,1,3731.91,3731.91,3731.91,0,0,0,1,0.0,0.0,0.0,100.0
37,barn,1,328.1,328.1,328.1,0,1,0,0,0.0,100.0,0.0,0.0
37,kingdom_hall,1,184.48,184.48,184.48,0,1,0,0,0.0,100.0,0.0,0.0
37,clubhouse,1,253.67,253.67,253.67,0,1,0,0,0.0,100.0,0.0,0.0
37,aquarium,1,4740.03,4740.03,4740.03,0,0,0,1,0.0,0.0,0.0,100.0
37,gym,1,806.83,806.83,806.83,0,0,1,0,0.0,0.0,100.0,0.0
37,funeral_hall,1,746.67,746.67,746.67,0,0,1,0,0.0,0.0,100.0,0.0
37,beach_hut,1,3.66,3.66,3.66,1,0,0,0,100.0,0.0,0.0,0.0
38,yes,256748,138.84,0.23,109262.12,151578,97546,4630,2994,59.04,37.99,1.8,1.17
38,greenhouse,788,471.86,8.39,4188.27,80,441,188,79,10.15,55.96,23.86,10.03
38,house,745,123.81,14.42,1264.24,353,385,6,1,47.38,51.68,0.81,0.13
38,apartments,447,377.11,40.37,1571.17,15,341,78,13,3.36,76.29,17.45,2.91
38,roof,357,134.01,1.05,4295.85,250,92,10,5,70.03,25.77,2.8,1.4
38,school,341,1188.71,11.05,8893.43,30,82,91,138,8.8,24.05,26.69,40.47
38,industrial,332,4756.14,7.28,164235.0,68,66,42,156,20.48,19.88,12.65,46.99
38,retail,197,1700.63,7.44,39633.11,8,79,30,80,4.06,40.1,15.23,40.61
38,residential,156,293.82,16.6,19469.17,76,73,4,3,48.72,46.79,2.56,1.92
38,shrine,140,72.3,0.62,638.33,111,26,3,0,79.29,18.57,2.14,0.0
38,commercial,132,1483.5,42.16,12354.82,1,39,47,45,0.76,29.55,35.61,34.09
38,temple,120,198.89,4.23,1160.52,64,43,9,4,53.33,35.83,7.5,3.33
38,warehouse,101,4335.31,23.26,30564.28,4,5,12,80,3.96,4.95,11.88,79.21
38,sty,66,525.8,90.35,2487.09,1,40,21,4,1.52,60.61,31.82,6.06
38,hospital,64,1726.91,61.92,8731.87,2,17,13,32,3.13,26.56,20.31,50.0
38,train_station,56,364.32,21.92,4187.06,15,31,5,5,26.79,55.36,8.93,8.93
38,office,51,241.55,31.62,1361.76,12,33,5,1,23.53,64.71,9.8,1.96
38,barn,45,122.38,16.77,531.84,30,14,1,0,66.67,31.11,2.22,0.0
38,hotel,44,925.19,121.98,4217.7,0,19,11,14,0.0,43.18,25.0,31.82
38,kindergarten,42,716.51,23.0,1789.5,4,11,17,10,9.52,26.19,40.48,23.81
38,farm_auxiliary,42,377.18,9.68,1565.87,17,12,10,3,40.48,28.57,23.81,7.14
38,college,36,401.16,33.35,1283.29,3,24,7,2,8.33,66.67,19.44,5.56
38,dormitory,36,516.52,70.26,3684.9,3,22,8,3,8.33,61.11,22.22,8.33
38,public,34,844.93,84.35,2606.0,1,12,13,8,2.94,35.29,38.24,23.53
38,bungalow,27,29.72,20.51,40.56,27,0,0,0,100.0,0.0,0.0,0.0
38,university,27,586.41,21.4,3031.52,2,14,7,4,7.41,51.85,25.93,14.81
38,garage,25,235.99,31.47,706.29,12,10,3,0,48.0,40.0,12.0,0.0
38,ruins,22,316.73,87.96,2477.78,2,17,1,2,9.09,77.27,4.55,9.09
38,supermarket,21,2965.32,815.85,5279.43,0,0,1,20,0.0,0.0,4.76,95.24
38,farm,20,115.7,21.73,227.89,8,12,0,0,40.0,60.0,0.0,0.0
38,church,20,226.84,55.89,625.66,1,16,3,0,5.0,80.0,15.0,0.0
38,shed,18,116.1,3.75,372.8,11,7,0,0,61.11,38.89,0.0,0.0
38,terrace,16,242.04,106.53,559.26,0,15,1,0,0.0,93.75,6.25,0.0
38,storage_tank,16,247.29,4.37,474.45,4,12,0,0,25.0,75.0,0.0,0.0
38,civic,12,3713.12,122.53,14735.95,0,6,1,5,0.0,50.0,8.33,41.67
38,stadium,11,3951.88,647.46,10088.21,0,0,1,10,0.0,0.0,9.09,90.91
38,toilets,9,43.49,12.86,74.48,9,0,0,0,100.0,0.0,0.0,0.0
38,detached,8,200.12,77.62,255.46,1,7,0,0,12.5,87.5,0.0,0.0
38,transportation,7,540.18,90.05,1831.28,1,4,1,1,14.29,57.14,14.29,14.29
38,tower,5,39.81,4.75,142.26,4,1,0,0,80.0,20.0,0.0,0.0
38,service,4,23.82,10.76,50.01,4,0,0,0,100.0,0.0,0.0,0.0
38,hut,4,37.36,7.73,64.88,4,0,0,0,100.0,0.0,0.0,0.0
38,fire_station,4,659.33,70.52,1574.73,1,1,1,1,25.0,25.0,25.0,25.0
38,restaurant,3,294.59,162.18,377.52,0,3,0,0,0.0,100.0,0.0,0.0
38,parking,3,2161.15,1290.05,3672.05,0,0,0,3,0.0,0.0,0.0,100.0
38,station,3,413.18,87.6,587.32,1,0,2,0,33.33,0.0,66.67,0.0
38,bunker,3,187.37,171.14,206.94,0,3,0,0,0.0,100.0,0.0,0.0
38,bridge,3,133.02,72.81,163.18,1,2,0,0,33.33,66.67,0.0,0.0
38,carport,2,12.94,11.51,14.36,2,0,0,0,100.0,0.0,0.0,0.0
38,gymnasium,1,2741.6,2741.6,2741.6,0,0,0,1,0.0,0.0,0.0,100.0
38,bank,1,310.34,310.34,310.34,0,1,0,0,0.0,100.0,0.0,0.0
38,gatehouse,1,112.11,112.11,112.11,0,1,0,0,0.0,100.0,0.0,0.0
38,garages,1,279.49,279.49,279.49,0,1,0,0,0.0,100.0,0.0,0.0
38,no,1,19347.85,19347.85,19347.85,0,0,0,1,0.0,0.0,0.0,100.0
38,construction,1,56.26,56.26,56.26,1,0,0,0,100.0,0.0,0.0,0.0
38,cathedral,1,1142.11,1142.11,1142.11,0,0,0,1,0.0,0.0,0.0,100.0
38,pagoda,1,119.94,119.94,119.94,0,1,0,0,0.0,100.0,0.0,0.0
38,booth,1,6.75,6.75,6.75,1,0,0,0,100.0,0.0,0.0,0.0
38,pharmacy,1,653.17,653.17,653.17,0,0,1,0,0.0,0.0,100.0,0.0
38,shinto,1,19.68,19.68,19.68,1,0,0,0,100.0,0.0,0.0,0.0
38,museum,1,465.31,465.31,465.31,0,1,0,0,0.0,100.0,0.0,0.0
38,sports_hall,1,731.34,731.34,731.34,0,0,1,0,0.0,0.0,100.0,0.0
38,sports_centre,1,5200.35,5200.35,5200.35,0,0,0,1,0.0,0.0,0.0,100.0
39,yes,58698,130.48,0.59,21954.91,40536,15982,1239,941,69.06,27.23,2.11,1.6
39,detached,4420,90.86,16.09,521.73,3021,1398,1,0,68.35,31.63,0.02,0.0
39,house,2526,100.55,4.12,1248.22,1584,938,3,1,62.71,37.13,0.12,0.04
39,residential,1086,110.64,13.13,474.58,466,620,0,0,42.91,57.09,0.0,0.0
39,apartments,1011,289.98,35.62,3242.25,107,757,123,24,10.58,74.88,12.17,2.37
39,roof,821,124.31,0.77,6610.88,607,185,13,16,73.93,22.53,1.58,1.95
39,greenhouse,623,1156.14,12.36,11212.67,54,205,100,264,8.67,32.91,16.05,42.38
39,shed,328,38.56,4.66,329.34,308,20,0,0,93.9,6.1,0.0,0.0
39,school,274,966.08,5.35,4850.59,11,74,93,96,4.01,27.01,33.94,35.04
39,warehouse,241,99.3,2.35,1494.46,186,48,5,2,77.18,19.92,2.07,0.83
39,garage,239,53.11,8.94,747.49,220,18,1,0,92.05,7.53,0.42,0.0
39,hotel,225,214.26,13.29,4134.39,154,49,13,9,68.44,21.78,5.78,4.0
39,retail,130,1129.04,27.84,34970.36,21,51,25,33,16.15,39.23,19.23,25.38
39,shrine,76,118.23,1.42,914.47,49,24,3,0,64.47,31.58,3.95,0.0
39,carport,58,20.28,4.62,60.03,58,0,0,0,100.0,0.0,0.0,0.0
39,hospital,56,1406.29,82.38,16353.74,1,19,17,19,1.79,33.93,30.36,33.93
39,industrial,49,1876.51,84.85,27988.36,1,21,5,22,2.04,42.86,10.2,44.9
39,kindergarten,49,462.67,17.51,1176.34,3,23,22,1,6.12,46.94,44.9,2.04
39,stable,38,588.64,355.52,745.41,0,4,34,0,0.0,10.53,89.47,0.0
39,farm,37,133.69,37.66,281.14,11,26,0,0,29.73,70.27,0.0,0.0
39,commercial,34,404.38,23.04,1438.09,7,17,7,3,20.59,50.0,20.59,8.82
39,temple,32,533.79,5.95,6912.41,11,17,1,3,34.38,53.13,3.13,9.38
39,ruins,26,77.52,19.86,180.57,20,6,0,0,76.92,23.08,0.0,0.0
39,train_station,23,325.53,34.29,1322.53,6,12,2,3,26.09,52.17,8.7,13.04
39,dormitory,22,472.17,58.21,2078.86,1,16,3,2,4.55,72.73,13.64,9.09
39,university,22,1413.06,29.67,5649.48,5,4,0,13,22.73,18.18,0.0,59.09
39,parking,16,1027.74,108.28,3139.03,0,5,4,7,0.0,31.25,25.0,43.75
39,public,12,1004.9,155.19,2815.16,0,4,2,6,0.0,33.33,16.67,50.0
39,office,10,313.73,58.03,593.34,1,8,1,0,10.0,80.0,10.0,0.0
39,sports_hall,10,1440.53,672.2,5817.84,0,0,6,4,0.0,0.0,60.0,40.0
39,garages,6,553.18,74.58,1142.77,1,2,2,1,16.67,33.33,33.33,16.67
39,bridge,5,69.8,16.52,155.2,3,2,0,0,60.0,40.0,0.0,0.0
39,fire_station,3,524.89,493.33,541.93,0,1,2,0,0.0,33.33,66.67,0.0
39,government,3,877.88,692.53,1217.33,0,0,2,1,0.0,0.0,66.67,33.33
39,construction,3,261.05,44.02,624.61,1,1,1,0,33.33,33.33,33.33,0.0
39,church,3,255.31,100.42,490.13,0,3,0,0,0.0,100.0,0.0,0.0
39,college,3,562.96,221.5,768.31,0,1,2,0,0.0,33.33,66.67,0.0
39,yes;roof,2,123.94,97.99,149.89,1,1,0,0,50.0,50.0,0.0,0.0
39,hut,2,225.12,11.7,438.53,1,1,0,0,50.0,50.0,0.0,0.0
39,toilets,1,41.13,41.13,41.13,1,0,0,0,100.0,0.0,0.0,0.0
39,pavilion,1,934.92,934.92,934.92,0,0,1,0,0.0,0.0,100.0,0.0
39,grandstand,1,1254.3,1254.3,1254.3,0,0,0,1,0.0,0.0,0.0,100.0
39,gate,1,6.22,6.22,6.22,1,0,0,0,100.0,0.0,0.0,0.0
39,cowshed,1,1243.34,1243.34,1243.34,0,0,0,1,0.0,0.0,0.0,100.0
39,barn,1,19.12,19.12,19.12,1,0,0,0,100.0,0.0,0.0,0.0
4,yes,705261,160.96,0.03,136909.49,347898,331032,17835,8496,49.33,46.94,2.53,1.2
4,detached,197947,91.33,7.93,2617.18,139791,58108,42,6,70.62,29.36,0.02,0.0
4,house,34632,120.08,0.85,4362.1,16690,17729,199,14,48.19,51.19,0.57,0.04
4,apartments,28772,215.04,12.22,4235.44,4074,22961,1375,362,14.16,79.8,4.78,1.26
4,greenhouse,4427,301.85,6.67,48645.17,1384,2693,122,228,31.26,60.83,2.76,5.15
4,residential,2751,118.94,4.5,1375.79,1266,1453,28,4,46.02,52.82,1.02,0.15
4,retail,2556,756.36,1.38,32033.88,569,1301,262,424,22.26,50.9,10.25,16.59
4,roof,1983,119.86,1.02,16339.12,1447,474,44,18,72.97,23.9,2.22,0.91
4,school,950,1055.7,6.07,8179.82,135,233,163,419,14.21,24.53,17.16,44.11
4,carport,751,24.19,3.87,179.82,747,4,0,0,99.47,0.53,0.0,0.0
4,office,578,516.62,53.47,5515.49,34,352,123,69,5.88,60.9,21.28,11.94
4,commercial,470,809.77,15.12,34765.45,90,258,63,59,19.15,54.89,13.4,12.55
4,industrial,431,1528.7,9.04,35545.19,68,155,69,139,15.78,35.96,16.01,32.25
4,university,417,892.56,20.42,9019.04,30,153,109,125,7.19,36.69,26.14,29.98
4,garage,345,63.54,2.1,1594.84,294,45,4,2,85.22,13.04,1.16,0.58
4,warehouse,321,1087.93,11.05,33525.48,24,131,77,89,7.48,40.81,23.99,27.73
4,hospital,288,1107.81,10.4,16432.46,16,163,36,73,5.56,56.6,12.5,25.35
4,parking,254,587.43,23.82,9709.36,114,57,33,50,44.88,22.44,12.99,19.69
4,farm_auxiliary,214,145.29,3.83,2802.73,133,72,6,3,62.15,33.64,2.8,1.4
4,dormitory,202,443.71,58.49,3129.32,6,133,52,11,2.97,65.84,25.74,5.45
4,hut,197,18.01,1.73,246.38,193,4,0,0,97.97,2.03,0.0,0.0
4,public,110,1150.28,7.43,7152.02,30,22,18,40,27.27,20.0,16.36,36.36
4,shed,99,22.52,1.44,391.38,94,5,0,0,94.95,5.05,0.0,0.0
4,kindergarten,95,614.68,67.47,2852.81,5,39,34,17,5.26,41.05,35.79,17.89
4,construction,83,184.54,2.25,2070.84,47,29,3,4,56.63,34.94,3.61,4.82
4,train_station,78,1414.97,11.16,33185.1,15,25,11,27,19.23,32.05,14.1,34.62
4,college,70,571.15,37.68,3184.06,7,35,15,13,10.0,50.0,21.43,18.57
4,hotel,65,855.32,30.5,7759.13,10,26,18,11,15.38,40.0,27.69,16.92
4,temple,56,393.23,26.71,1869.11,10,31,11,4,17.86,55.36,19.64,7.14
4,terrace,45,147.66,37.31,420.19,14,31,0,0,31.11,68.89,0.0,0.0
4,shrine,42,97.99,2.3,488.68,30,12,0,0,71.43,28.57,0.0,0.0
4,fire_station,30,386.23,28.88,1734.37,13,6,9,2,43.33,20.0,30.0,6.67
4,hangar,27,2678.38,174.87,7386.82,0,3,2,22,0.0,11.11,7.41,81.48
4,civic,27,2289.92,144.29,8591.12,0,6,5,16,0.0,22.22,18.52,59.26
4,bungalow,14,103.42,51.08,146.15,6,8,0,0,42.86,57.14,0.0,0.0
4,storage_tank,13,45.99,7.46,107.25,9,4,0,0,69.23,30.77,0.0,0.0
4,sports_hall,8,1449.04,650.89,4144.16,0,0,3,5,0.0,0.0,37.5,62.5
4,ruin,6,459.82,24.22,2243.11,3,2,0,1,50.0,33.33,0.0,16.67
4,stadium,6,4606.31,2454.45,11084.57,0,0,0,6,0.0,0.0,0.0,100.0
4,church,5,182.39,117.14,265.6,0,5,0,0,0.0,100.0,0.0,0.0
4,chapel,5,662.47,146.5,1779.48,0,3,1,1,0.0,60.0,20.0,20.0
4,supermarket,5,982.86,170.98,3528.51,0,3,1,1,0.0,60.0,20.0,20.0
4,grandstand,5,433.16,267.79,1000.38,0,4,0,1,0.0,80.0,0.0,20.0
4,pump,4,27.97,27.91,28.02,4,0,0,0,100.0,0.0,0.0,0.0
4,allotment_house,4,190.18,67.03,387.3,1,3,0,0,25.0,75.0,0.0,0.0
4,bridge,3,93.51,56.52,157.93,2,1,0,0,66.67,33.33,0.0,0.0
4,cabin,3,21.04,19.36,22.74,3,0,0,0,100.0,0.0,0.0,0.0
4,ruins,3,79.61,9.54,205.46,2,1,0,0,66.67,33.33,0.0,0.0
4,stable,2,140.26,99.85,180.66,1,1,0,0,50.0,50.0,0.0,0.0
4,barn,2,282.85,116.64,449.06,0,2,0,0,0.0,100.0,0.0,0.0
4,service,2,226.44,22.64,430.23,1,1,0,0,50.0,50.0,0.0,0.0
4,pavilion,2,395.66,313.62,477.7,0,2,0,0,0.0,100.0,0.0,0.0
4,farm,2,570.69,111.67,1029.7,0,1,0,1,0.0,50.0,0.0,50.0
4,tank,2,113.01,109.95,116.07,0,2,0,0,0.0,100.0,0.0,0.0
4,toilets,2,17.58,12.03,23.13,2,0,0,0,100.0,0.0,0.0,0.0
4,watchtower,2,8.22,2.08,14.35,2,0,0,0,100.0,0.0,0.0,0.0
4,cowshed,1,247.27,247.27,247.27,0,1,0,0,0.0,100.0,0.0,0.0
4,commerce,1,171.82,171.82,171.82,0,1,0,0,0.0,100.0,0.0,0.0
4,Shrine,1,3.72,3.72,3.72,1,0,0,0,100.0,0.0,0.0,0.0
4,cathedral,1,211.45,211.45,211.45,0,1,0,0,0.0,100.0,0.0,0.0
4,transportation,1,187.78,187.78,187.78,0,1,0,0,0.0,100.0,0.0,0.0
4,gatehouse,1,88.36,88.36,88.36,1,0,0,0,100.0,0.0,0.0,0.0
4,go,1,27.75,27.75,27.75,1,0,0,0,100.0,0.0,0.0,0.0
4,factory,1,14935.87,14935.87,14935.87,0,0,0,1,0.0,0.0,0.0,100.0
4,gymnastics,1,913.97,913.97,913.97,0,0,1,0,0.0,0.0,100.0,0.0
40,yes,396471,185.41,0.02,100986.59,190394,186923,10682,8472,48.02,47.15,2.69,2.14
40,house,18370,119.63,1.66,4271.34,9212,9064,75,19,50.15,49.34,0.41,0.1
40,greenhouse,6509,491.05,4.19,18053.08,258,5193,564,494,3.96,79.78,8.66,7.59
40,apartments,4512,341.02,5.54,7301.05,535,3094,717,166,11.86,68.57,15.89,3.68
40,retail,1735,997.83,6.05,73323.08,423,887,131,294,24.38,51.12,7.55,16.95
40,residential,1495,214.58,12.98,7486.58,500,892,80,23,33.44,59.67,5.35,1.54
40,detached,1279,99.06,1.48,352.7,823,456,0,0,64.35,35.65,0.0,0.0
40,industrial,1209,2248.64,1.59,137266.81,250,434,182,343,20.68,35.9,15.05,28.37
40,commercial,871,468.2,6.9,16885.34,248,471,79,73,28.47,54.08,9.07,8.38
40,roof,761,312.18,2.1,18635.88,390,270,52,49,51.25,35.48,6.83,6.44
40,school,735,947.67,1.47,9044.95,166,174,157,238,22.59,23.67,21.36,32.38
40,public,479,408.32,0.98,10582.06,227,170,33,49,47.39,35.49,6.89,10.23
40,agricultural,372,169.87,2.52,3451.54,261,91,9,11,70.16,24.46,2.42,2.96
40,warehouse,323,1642.63,5.1,80446.65,86,95,51,91,26.63,29.41,15.79,28.17
40,university,274,947.14,6.8,9535.42,45,81,53,95,16.42,29.56,19.34,34.67
40,office,240,408.02,14.07,4149.92,67,122,27,24,27.92,50.83,11.25,10.0
40,hospital,177,1405.37,22.2,12657.15,14,68,35,60,7.91,38.42,19.77,33.9
40,storage_tank,151,43.92,8.98,627.74,138,12,1,0,91.39,7.95,0.66,0.0
40,hotel,151,713.99,3.83,8239.93,29,58,32,32,19.21,38.41,21.19,21.19
40,garage,118,114.63,6.4,2594.23,95,19,2,2,80.51,16.1,1.69,1.69
40,kindergarten,91,581.13,13.05,3239.91,9,34,40,8,9.89,37.36,43.96,8.79
40,temple,89,281.74,1.53,3765.13,53,25,5,6,59.55,28.09,5.62,6.74
40,carport,77,74.01,10.74,713.09,58,18,1,0,75.32,23.38,1.3,0.0
40,train_station,71,1208.63,12.62,17701.07,9,34,10,18,12.68,47.89,14.08,25.35
40,parking,65,1508.48,27.32,6769.19,7,9,12,37,10.77,13.85,18.46,56.92
40,shrine,63,137.08,0.79,1787.32,44,15,3,1,69.84,23.81,4.76,1.59
40,service,48,207.51,14.71,1306.55,21,23,2,2,43.75,47.92,4.17,4.17
40,college,41,778.57,56.27,2659.11,5,14,10,12,12.2,34.15,24.39,29.27
40,hut,38,31.75,5.34,168.69,37,1,0,0,97.37,2.63,0.0,0.0
40,farm_auxiliary,37,970.67,12.69,12896.58,15,7,9,6,40.54,18.92,24.32,16.22
40,hangar,28,2631.14,437.65,7266.57,0,2,6,20,0.0,7.14,21.43,71.43
40,toilets,27,63.0,6.2,210.24,22,5,0,0,81.48,18.52,0.0,0.0
40,dormitory,26,869.99,276.93,1986.96,0,3,16,7,0.0,11.54,61.54,26.92
40,shed,26,252.67,1.69,2299.32,18,5,0,3,69.23,19.23,0.0,11.54
40,bungalow,25,36.8,21.81,73.68,25,0,0,0,100.0,0.0,0.0,0.0
40,stadium,22,7191.4,409.72,36701.17,0,2,3,17,0.0,9.09,13.64,77.27
40,church,22,374.59,65.19,1199.35,1,16,4,1,4.55,72.73,18.18,4.55
40,government,22,338.16,5.96,5004.58,12,8,1,1,54.55,36.36,4.55,4.55
40,construction,20,1090.53,52.82,5948.45,6,5,3,6,30.0,25.0,15.0,30.0
40,farm,20,199.92,41.85,1649.71,6,13,0,1,30.0,65.0,0.0,5.0
40,transportation,20,588.05,11.84,4280.85,10,6,2,2,50.0,30.0,10.0,10.0
40,barn,20,75.61,6.85,326.88,16,4,0,0,80.0,20.0,0.0,0.0
40,garages,16,322.5,81.43,913.06,3,10,3,0,18.75,62.5,18.75,0.0
40,sports_hall,13,1198.08,470.78,1864.49,0,1,3,9,0.0,7.69,23.08,69.23
40,fire_station,10,562.86,75.01,1726.35,2,4,3,1,20.0,40.0,30.0,10.0
40,pavilion,8,464.09,13.55,1921.95,2,4,1,1,25.0,50.0,12.5,12.5
40,ruins,7,1837.26,21.74,12471.86,5,1,0,1,71.43,14.29,0.0,14.29
40,civic,6,2427.18,195.26,4203.45,0,1,1,4,0.0,16.67,16.67,66.67
40,shop,4,469.54,93.16,884.58,1,1,2,0,25.0,25.0,50.0,0.0
40,bunker,4,1496.22,758.15,2629.56,0,0,1,3,0.0,0.0,25.0,75.0
40,grandstand,3,2181.69,1020.73,3633.41,0,0,0,3,0.0,0.0,0.0,100.0
40,sports_centre,3,1736.32,258.19,2841.0,0,1,0,2,0.0,33.33,0.0,66.67
40,chapel,3,167.0,15.85,361.18,1,2,0,0,33.33,66.67,0.0,0.0
40,terrace,2,140.86,75.44,206.27,1,1,0,0,50.0,50.0,0.0,0.0
40,bridge,2,75.95,75.95,75.95,2,0,0,0,100.0,0.0,0.0,0.0
40,mosque,1,248.19,248.19,248.19,0,1,0,0,0.0,100.0,0.0,0.0
40,military,1,3144.12,3144.12,3144.12,0,0,0,1,0.0,0.0,0.0,100.0
40,manufacture,1,1496.66,1496.66,1496.66,0,0,0,1,0.0,0.0,0.0,100.0
40,gymnasium,1,2141.26,2141.26,2141.26,0,0,0,1,0.0,0.0,0.0,100.0
40,government_office,1,886.27,886.27,886.27,0,0,1,0,0.0,0.0,100.0,0.0
40,gatehouse,1,28.03,28.03,28.03,1,0,0,0,100.0,0.0,0.0,0.0
40,gate,1,46.37,46.37,46.37,1,0,0,0,100.0,0.0,0.0,0.0
40,doctors,1,299.91,299.91,299.91,0,1,0,0,0.0,100.0,0.0,0.0
40,cowshed,1,105.6,105.6,105.6,0,1,0,0,0.0,100.0,0.0,0.0
40,bank,1,329.37,329.37,329.37,0,1,0,0,0.0,100.0,0.0,0.0
40,wayside_shrine,1,12.15,12.15,12.15,1,0,0,0,100.0,0.0,0.0,0.0
40,railway_station,1,399.02,399.02,399.02,0,1,0,0,0.0,100.0,0.0,0.0
40,religious,1,542.93,542.93,542.93,0,0,1,0,0.0,0.0,100.0,0.0
40,public_building,1,126.71,126.71,126.71,0,1,0,0,0.0,100.0,0.0,0.0
40,possible_field,1,4004.42,4004.42,4004.42,0,0,0,1,0.0,0.0,0.0,100.0
40,pagoda,1,88.84,88.84,88.84,1,0,0,0,100.0,0.0,0.0,0.0
40,museum,1,357.62,357.62,357.62,0,1,0,0,0.0,100.0,0.0,0.0
41,yes,348765,141.69,0.08,95718.7,174458,166612,4510,3185,50.02,47.77,1.29,0.91
41,house,3717,116.99,2.66,721.58,1732,1981,4,0,46.6,53.3,0.11,0.0
41,greenhouse,2507,912.34,25.43,15462.0,85,1007,484,931,3.39,40.17,19.31,37.14
41,roof,1174,192.03,1.73,4427.97,615,464,66,29,52.39,39.52,5.62,2.47
41,apartments,982,294.12,48.74,1476.72,35,837,100,10,3.56,85.23,10.18,1.02
41,industrial,872,1588.35,6.09,95482.64,176,317,117,262,20.18,36.35,13.42,30.05
41,retail,407,1493.87,28.17,40596.56,36,183,42,146,8.85,44.96,10.32,35.87
41,shed,350,203.34,5.36,1433.3,147,168,29,6,42.0,48.0,8.29,1.71
41,service,305,211.5,3.84,2052.23,105,177,21,2,34.43,58.03,6.89,0.66
41,school,288,1008.33,41.62,4683.63,12,74,81,121,4.17,25.69,28.13,42.01
41,cowshed,223,523.3,83.46,6803.98,13,123,69,18,5.83,55.16,30.94,8.07
41,garage,217,75.75,7.11,1228.9,174,40,2,1,80.18,18.43,0.92,0.46
41,farm_auxiliary,199,466.85,1.67,4478.07,23,117,35,24,11.56,58.79,17.59,12.06
41,residential,198,133.63,38.87,1013.91,85,110,2,1,42.93,55.56,1.01,0.51
41,storage_tank,164,265.71,2.13,3214.49,74,66,17,7,45.12,40.24,10.37,4.27
41,office,108,655.26,33.66,2242.52,5,53,28,22,4.63,49.07,25.93,20.37
41,civic,86,1131.81,60.56,4382.16,4,22,20,40,4.65,25.58,23.26,46.51
41,temple,78,300.34,10.0,1108.09,17,49,10,2,21.79,62.82,12.82,2.56
41,sports_hall,71,1655.47,458.75,12801.56,0,1,21,49,0.0,1.41,29.58,69.01
41,barn,63,108.11,30.92,428.38,38,25,0,0,60.32,39.68,0.0,0.0
41,public,60,871.41,45.86,4308.85,5,25,15,15,8.33,41.67,25.0,25.0
41,commercial,53,769.37,23.7,4351.87,4,21,16,12,7.55,39.62,30.19,22.64
41,warehouse,51,2619.54,13.53,25220.43,8,19,6,18,15.69,37.25,11.76,35.29
41,hospital,50,1688.93,31.39,8422.07,2,12,11,25,4.0,24.0,22.0,50.0
41,farm,49,323.94,49.92,1327.05,6,37,2,4,12.24,75.51,4.08,8.16
41,carport,44,162.41,23.74,673.57,18,24,2,0,40.91,54.55,4.55,0.0
41,sports_centre,36,1330.43,228.74,3434.62,0,3,7,26,0.0,8.33,19.44,72.22
41,train_station,30,525.25,31.99,4999.9,6,19,1,4,20.0,63.33,3.33,13.33
41,hut,26,83.51,21.53,191.96,19,7,0,0,73.08,26.92,0.0,0.0
41,shrine,25,194.81,5.44,1221.23,17,4,3,1,68.0,16.0,12.0,4.0
41,hotel,24,976.79,186.86,4584.54,0,9,8,7,0.0,37.5,33.33,29.17
41,kindergarten,17,585.86,27.96,1397.62,1,9,3,4,5.88,52.94,17.65,23.53
41,fire_station,16,628.38,39.09,1451.41,1,8,3,4,6.25,50.0,18.75,25.0
41,toilets,15,85.22,6.73,521.08,13,1,1,0,86.67,6.67,6.67,0.0
41,parking,14,1973.23,40.17,5811.88,3,2,1,8,21.43,14.29,7.14,57.14
41,silo,10,42.07,8.49,62.0,10,0,0,0,100.0,0.0,0.0,0.0
41,detached,6,128.28,91.83,164.53,2,4,0,0,33.33,66.67,0.0,0.0
41,grandstand,6,1860.3,164.46,6730.6,0,2,1,3,0.0,33.33,16.67,50.0
41,dormitory,6,959.62,680.54,1606.66,0,0,4,2,0.0,0.0,66.67,33.33
41,cabin,5,38.59,23.97,59.99,5,0,0,0,100.0,0.0,0.0,0.0
41,garages,5,191.31,52.0,440.32,3,2,0,0,60.0,40.0,0.0,0.0
41,factory,4,1457.59,304.43,4674.56,0,2,1,1,0.0,50.0,25.0,25.0
41,transportation,4,261.66,71.52,620.26,1,2,1,0,25.0,50.0,25.0,0.0
41,hangar,3,776.42,265.65,1274.8,0,1,1,1,0.0,33.33,33.33,33.33
41,ruins,3,368.12,286.42,449.55,0,3,0,0,0.0,100.0,0.0,0.0
41,shop,3,117.35,67.31,186.65,2,1,0,0,66.67,33.33,0.0,0.0
41,church,3,323.72,139.96,457.67,0,3,0,0,0.0,100.0,0.0,0.0
41,gatehouse,3,93.18,32.03,210.21,2,1,0,0,66.67,33.33,0.0,0.0
41,chimney,2,8.33,6.74,9.91,2,0,0,0,100.0,0.0,0.0,0.0
41,construction,2,551.72,81.21,1022.23,1,0,0,1,50.0,0.0,0.0,50.0
41,college,2,1463.99,762.26,2165.72,0,0,1,1,0.0,0.0,50.0,50.0
41,reactor,2,1162.78,1161.59,1163.96,0,0,0,2,0.0,0.0,0.0,100.0
41,gallery,1,80.25,80.25,80.25,1,0,0,0,100.0,0.0,0.0,0.0
41,tower,1,9.17,9.17,9.17,1,0,0,0,100.0,0.0,0.0,0.0
41,gasometer,1,349.02,349.02,349.02,0,1,0,0,0.0,100.0,0.0,0.0
41,funeral_hall,1,564.64,564.64,564.64,0,0,1,0,0.0,0.0,100.0,0.0
41,university,1,1276.05,1276.05,1276.05,0,0,0,1,0.0,0.0,0.0,100.0
41,laundry,1,74.08,74.08,74.08,1,0,0,0,100.0,0.0,0.0,0.0
41,lighthouse,1,7.84,7.84,7.84,1,0,0,0,100.0,0.0,0.0,0.0
41,restaurant,1,155.68,155.68,155.68,0,1,0,0,0.0,100.0,0.0,0.0
41,supermarket,1,21427.52,21427.52,21427.52,0,0,0,1,0.0,0.0,0.0,100.0
42,yes,213695,121.06,0.02,52473.51,143859,64676,2982,2178,67.32,30.27,1.4,1.02
42,house,5617,106.48,8.69,1085.65,2800,2812,4,1,49.85,50.06,0.07,0.02
42,apartments,1707,302.98,39.38,2630.08,48,1476,158,25,2.81,86.47,9.26,1.46
42,carport,1701,20.46,4.84,244.85,1693,8,0,0,99.53,0.47,0.0,0.0
42,greenhouse,816,663.4,9.05,5432.36,56,455,139,166,6.86,55.76,17.03,20.34
42,school,553,904.63,11.18,24740.76,60,136,174,183,10.85,24.59,31.46,33.09
42,industrial,414,2065.75,11.08,51814.44,47,148,76,143,11.35,35.75,18.36,34.54
42,retail,357,911.08,15.98,14189.22,23,193,50,91,6.44,54.06,14.01,25.49
42,roof,268,146.18,0.55,5003.41,164,90,12,2,61.19,33.58,4.48,0.75
42,garage,235,33.62,6.8,382.7,226,9,0,0,96.17,3.83,0.0,0.0
42,commercial,130,500.59,17.48,4734.78,16,72,25,17,12.31,55.38,19.23,13.08
42,hospital,107,1218.84,16.98,6450.03,3,41,21,42,2.8,38.32,19.63,39.25
42,hotel,98,633.68,20.87,3868.71,36,36,6,20,36.73,36.73,6.12,20.41
42,kindergarten,87,449.93,15.97,1425.71,7,51,26,3,8.05,58.62,29.89,3.45
42,shrine,80,89.17,7.47,402.83,57,23,0,0,71.25,28.75,0.0,0.0
42,terrace,78,151.1,105.53,217.16,0,78,0,0,0.0,100.0,0.0,0.0
42,residential,72,143.57,19.85,930.98,37,33,2,0,51.39,45.83,2.78,0.0
42,detached,65,94.58,37.1,268.72,44,21,0,0,67.69,32.31,0.0,0.0
42,civic,60,1041.82,103.61,3489.01,0,11,21,28,0.0,18.33,35.0,46.67
42,temple,43,484.62,49.56,1738.4,7,23,6,7,16.28,53.49,13.95,16.28
42,warehouse,35,1884.34,33.71,9087.16,4,8,8,15,11.43,22.86,22.86,42.86
42,office,31,1435.49,59.44,9410.22,1,11,7,12,3.23,35.48,22.58,38.71
42,public,19,1153.09,213.2,6904.64,0,8,6,5,0.0,42.11,31.58,26.32
42,government,19,780.12,122.39,2127.67,0,7,9,3,0.0,36.84,47.37,15.79
42,parking,16,1966.1,111.22,4235.93,0,2,2,12,0.0,12.5,12.5,75.0
42,church,13,488.2,151.49,1629.7,0,10,1,2,0.0,76.92,7.69,15.38
42,hut,13,22.02,8.89,44.14,13,0,0,0,100.0,0.0,0.0,0.0
42,shed,13,121.19,11.04,842.7,9,3,1,0,69.23,23.08,7.69,0.0
42,dormitory,10,723.18,360.68,1121.94,0,4,3,3,0.0,40.0,30.0,30.0
42,train_station,10,3130.22,95.94,16743.01,1,5,1,3,10.0,50.0,10.0,30.0
42,gate,9,42.72,14.55,89.82,9,0,0,0,100.0,0.0,0.0,0.0
42,university,9,2744.56,355.22,16144.71,0,2,3,4,0.0,22.22,33.33,44.44
42,bridge,7,250.68,63.79,747.86,2,4,1,0,28.57,57.14,14.29,0.0
42,clinic,5,456.02,155.52,757.25,0,3,2,0,0.0,60.0,40.0,0.0
42,stable,4,425.92,328.91,520.55,0,2,2,0,0.0,50.0,50.0,0.0
42,ruins,4,641.95,67.44,965.4,1,0,3,0,25.0,0.0,75.0,0.0
42,garages,3,2523.98,32.73,7460.82,2,0,0,1,66.67,0.0,0.0,33.33
42,boathouse,3,150.17,141.49,156.56,0,3,0,0,0.0,100.0,0.0,0.0
42,construction,3,6050.52,110.3,17580.94,0,2,0,1,0.0,66.67,0.0,33.33
42,no,3,3396.42,205.84,8707.81,0,1,0,2,0.0,33.33,0.0,66.67
42,hangar,3,1076.1,398.39,2316.24,0,1,1,1,0.0,33.33,33.33,33.33
42,transportation,3,757.29,82.06,1144.54,1,0,0,2,33.33,0.0,0.0,66.67
42,cowshed,3,1120.41,136.9,2884.67,0,2,0,1,0.0,66.67,0.0,33.33
42,bunker,2,84.92,71.94,97.89,2,0,0,0,100.0,0.0,0.0,0.0
42,storage_tank,2,203.64,147.04,260.24,0,2,0,0,0.0,100.0,0.0,0.0
42,service,2,229.49,84.53,374.44,1,1,0,0,50.0,50.0,0.0,0.0
42,college,2,6731.61,251.75,13211.47,0,1,0,1,0.0,50.0,0.0,50.0
42,sports_hall,2,5052.02,3733.94,6370.09,0,0,0,2,0.0,0.0,0.0,100.0
42,stadium,2,15208.65,1121.83,29295.47,0,0,0,2,0.0,0.0,0.0,100.0
42,pharmacy,1,85.92,85.92,85.92,1,0,0,0,100.0,0.0,0.0,0.0
42,railway_station,1,4315.15,4315.15,4315.15,0,0,0,1,0.0,0.0,0.0,100.0
42,monastery,1,947.28,947.28,947.28,0,0,1,0,0.0,0.0,100.0,0.0
42,cathedral,1,1850.27,1850.27,1850.27,0,0,0,1,0.0,0.0,0.0,100.0
42,有田工業(株) 第２工場,1,15334.88,15334.88,15334.88,0,0,0,1,0.0,0.0,0.0,100.0
42,social_facility,1,406.19,406.19,406.19,0,1,0,0,0.0,100.0,0.0,0.0
42,farm_auxiliary,1,2173.15,2173.15,2173.15,0,0,0,1,0.0,0.0,0.0,100.0
42,factory,1,2641.34,2641.34,2641.34,0,0,0,1,0.0,0.0,0.0,100.0
42,bank,1,885.74,885.74,885.74,0,0,1,0,0.0,0.0,100.0,0.0
42,pavilion,1,1321.53,1321.53,1321.53,0,0,0,1,0.0,0.0,0.0,100.0
43,yes,362101,152.34,0.17,59404.05,182491,168064,6881,4665,50.4,46.41,1.9,1.29
43,house,42412,123.83,0.99,7370.31,18335,23906,136,35,43.23,56.37,0.32,0.08
43,residential,4019,148.89,1.41,6313.62,1624,2331,49,15,40.41,58.0,1.22,0.37
43,greenhouse,2493,987.55,19.94,25595.6,223,1418,252,600,8.95,56.88,10.11,24.07
43,public,1596,185.02,1.75,13723.26,944,526,87,39,59.15,32.96,5.45,2.44
43,apartments,1585,218.5,1.15,2537.84,294,1197,76,18,18.55,75.52,4.79,1.14
43,retail,1569,567.96,2.58,63241.75,552,759,89,169,35.18,48.37,5.67,10.77
43,commercial,974,343.53,1.57,8149.13,326,521,65,62,33.47,53.49,6.67,6.37
43,industrial,948,1152.15,3.16,56421.74,265,395,109,179,27.95,41.67,11.5,18.88
43,detached,714,122.2,13.39,476.89,265,449,0,0,37.11,62.89,0.0,0.0
43,agricultural,652,133.95,1.43,12509.83,514,115,11,12,78.83,17.64,1.69,1.84
43,school,392,1030.55,26.12,13773.24,17,110,124,141,4.34,28.06,31.63,35.97
43,roof,247,345.53,2.04,11659.11,126,94,14,13,51.01,38.06,5.67,5.26
43,warehouse,133,916.89,4.04,41234.25,45,50,20,18,33.83,37.59,15.04,13.53
43,farm_auxiliary,95,605.16,12.0,6640.79,11,52,15,17,11.58,54.74,15.79,17.89
43,hospital,79,1739.33,51.86,10153.24,3,19,21,36,3.8,24.05,26.58,45.57
43,hotel,76,610.8,8.01,3894.57,21,33,11,11,27.63,43.42,14.47,14.47
43,government,55,300.19,3.97,1420.31,23,20,7,5,41.82,36.36,12.73,9.09
43,garage,49,91.76,8.87,693.35,37,11,1,0,75.51,22.45,2.04,0.0
43,terrace,47,251.46,131.94,596.64,0,46,1,0,0.0,97.87,2.13,0.0
43,storage_tank,42,129.9,44.63,843.07,22,19,1,0,52.38,45.24,2.38,0.0
43,kindergarten,34,643.31,233.47,1310.78,0,11,19,4,0.0,32.35,55.88,11.76
43,shrine,30,149.52,21.76,821.28,17,12,1,0,56.67,40.0,3.33,0.0
43,civic,28,1131.69,88.47,3299.44,2,8,6,12,7.14,28.57,21.43,42.86
43,university,27,1065.03,166.91,2446.97,0,3,11,13,0.0,11.11,40.74,48.15
43,sports_hall,26,1229.31,571.96,4047.17,0,0,11,15,0.0,0.0,42.31,57.69
43,temple,24,276.55,33.13,673.97,6,16,2,0,25.0,66.67,8.33,0.0
43,train_station,23,935.56,87.98,6650.05,3,11,4,5,13.04,47.83,17.39,21.74
43,office,23,606.59,60.87,5613.96,2,15,3,3,8.7,65.22,13.04,13.04
43,shed,17,111.75,7.81,1063.67,13,3,0,1,76.47,17.65,0.0,5.88
43,parking,13,2618.68,400.96,7697.49,0,1,3,9,0.0,7.69,23.08,69.23
43,hut,13,69.06,9.26,184.74,8,5,0,0,61.54,38.46,0.0,0.0
43,hangar,8,2090.21,106.63,4974.84,0,2,0,6,0.0,25.0,0.0,75.0
43,stadium,8,1884.22,791.45,4463.3,0,0,2,6,0.0,0.0,25.0,75.0
43,barn,6,237.06,75.38,499.46,2,4,0,0,33.33,66.67,0.0,0.0
43,construction,5,2865.32,58.28,7131.07,1,2,0,2,20.0,40.0,0.0,40.0
43,church,4,309.71,237.34,358.96,0,4,0,0,0.0,100.0,0.0,0.0
43,plastic greenhouse,4,297.38,276.58,330.68,0,4,0,0,0.0,100.0,0.0,0.0
43,toilets,3,596.49,78.73,1621.04,2,0,0,1,66.67,0.0,0.0,33.33
43,gatehouse,3,239.97,64.71,376.64,1,2,0,0,33.33,66.67,0.0,0.0
43,ruins,3,170.32,1.31,361.1,1,2,0,0,33.33,66.67,0.0,0.0
43,type,2,119.34,99.34,139.33,1,1,0,0,50.0,50.0,0.0,0.0
43,carport,2,50.78,40.42,61.13,2,0,0,0,100.0,0.0,0.0,0.0
43,bridge,2,64.91,42.1,87.72,2,0,0,0,100.0,0.0,0.0,0.0
43,fire_station,2,1126.94,500.14,1753.74,0,0,1,1,0.0,0.0,50.0,50.0
43,no,2,225.76,21.96,429.55,1,1,0,0,50.0,50.0,0.0,0.0
43,farm,2,2030.9,1666.79,2395.0,0,0,0,2,0.0,0.0,0.0,100.0
43,service,2,99.58,64.48,134.68,1,1,0,0,50.0,50.0,0.0,0.0
43,transportation,2,33.7,21.27,46.13,2,0,0,0,100.0,0.0,0.0,0.0
43,bakehouse,1,358.72,358.72,358.72,0,1,0,0,0.0,100.0,0.0,0.0
43,laundry,1,166.99,166.99,166.99,0,1,0,0,0.0,100.0,0.0,0.0
43,guardhouse,1,22.28,22.28,22.28,1,0,0,0,100.0,0.0,0.0,0.0
43,silo,1,140.82,140.82,140.82,0,1,0,0,0.0,100.0,0.0,0.0
43,stable,1,15840.57,15840.57,15840.57,0,0,0,1,0.0,0.0,0.0,100.0
43,demolition,1,507.95,507.95,507.95,0,0,1,0,0.0,0.0,100.0,0.0
43,college,1,1465.11,1465.11,1465.11,0,0,0,1,0.0,0.0,0.0,100.0
43,chapel,1,429.68,429.68,429.68,0,1,0,0,0.0,100.0,0.0,0.0
43,transformer_tower,1,679.74,679.74,679.74,0,0,1,0,0.0,0.0,100.0,0.0
43,pavilion,1,351.87,351.87,351.87,0,1,0,0,0.0,100.0,0.0,0.0
44,yes,142350,156.4,0.15,144922.43,72837,64476,2888,2149,51.17,45.29,2.03,1.51
44,house,6398,116.17,7.54,1818.56,2987,3394,12,5,46.69,53.05,0.19,0.08
44,apartments,732,446.62,42.81,13592.8,18,535,140,39,2.46,73.09,19.13,5.33
44,retail,642,832.8,16.4,30841.5,151,335,48,108,23.52,52.18,7.48,16.82
44,school,485,733.36,6.45,8802.19,80,177,101,127,16.49,36.49,20.82,26.19
44,roof,439,202.03,0.74,12526.38,291,121,18,9,66.29,27.56,4.1,2.05
44,detached,331,122.89,15.03,638.74,137,192,2,0,41.39,58.01,0.6,0.0
44,industrial,293,3610.96,9.53,190432.54,40,94,51,108,13.65,32.08,17.41,36.86
44,residential,260,138.1,21.99,775.91,111,145,4,0,42.69,55.77,1.54,0.0
44,greenhouse,211,610.94,29.91,3934.85,9,139,28,35,4.27,65.88,13.27,16.59
44,commercial,136,437.29,22.77,2580.01,22,77,21,16,16.18,56.62,15.44,11.76
44,hospital,85,1503.43,5.03,8568.68,4,23,17,41,4.71,27.06,20.0,48.24
44,university,81,736.91,17.19,8925.82,13,28,21,19,16.05,34.57,25.93,23.46
44,warehouse,74,535.57,2.3,6735.98,45,14,3,12,60.81,18.92,4.05,16.22
44,public,59,960.6,50.15,13920.7,6,28,12,13,10.17,47.46,20.34,22.03
44,hotel,45,571.13,9.56,4227.68,9,15,16,5,20.0,33.33,35.56,11.11
44,kindergarten,39,526.14,100.68,1385.89,0,19,16,4,0.0,48.72,41.03,10.26
44,parking,38,1072.12,36.59,4615.88,5,5,12,16,13.16,13.16,31.58,42.11
44,shrine,36,119.1,27.14,735.43,21,14,1,0,58.33,38.89,2.78,0.0
44,temple,34,467.52,21.51,2375.61,6,18,6,4,17.65,52.94,17.65,11.76
44,office,33,280.31,7.44,1011.45,8,19,5,1,24.24,57.58,15.15,3.03
44,train_station,25,1005.38,19.51,14554.48,5,15,2,3,20.0,60.0,8.0,12.0
44,shed,20,94.99,4.57,1179.68,17,2,0,1,85.0,10.0,0.0,5.0
44,garage,19,189.61,6.22,459.81,8,11,0,0,42.11,57.89,0.0,0.0
44,garages,12,624.83,17.48,4618.29,4,5,1,2,33.33,41.67,8.33,16.67
44,college,11,454.34,13.91,1044.18,1,5,4,1,9.09,45.45,36.36,9.09
44,church,11,314.47,157.91,447.61,0,11,0,0,0.0,100.0,0.0,0.0
44,terrace,11,280.14,168.53,503.52,0,10,1,0,0.0,90.91,9.09,0.0
44,ruins,10,552.08,52.66,1858.41,4,2,1,3,40.0,20.0,10.0,30.0
44,storage_tank,10,1941.38,922.84,3075.2,0,0,1,9,0.0,0.0,10.0,90.0
44,carport,9,121.32,18.11,456.61,7,2,0,0,77.78,22.22,0.0,0.0
44,transportation,9,448.08,22.52,1710.55,3,2,3,1,33.33,22.22,33.33,11.11
44,toilets,6,71.82,42.6,133.32,5,1,0,0,83.33,16.67,0.0,0.0
44,tent,6,217.03,106.37,299.51,0,6,0,0,0.0,100.0,0.0,0.0
44,civic,5,2651.79,1187.03,5731.37,0,0,0,5,0.0,0.0,0.0,100.0
44,dormitory,5,459.76,70.88,868.11,1,2,2,0,20.0,40.0,40.0,0.0
44,boathouse,4,258.86,116.72,366.87,0,4,0,0,0.0,100.0,0.0,0.0
44,construction,3,863.3,68.01,2424.28,2,0,0,1,66.67,0.0,0.0,33.33
44,hangar,2,800.3,560.44,1040.16,0,0,1,1,0.0,0.0,50.0,50.0
44,hut,2,53.89,16.57,91.2,2,0,0,0,100.0,0.0,0.0,0.0
44,grandstand,2,10337.69,7936.34,12739.04,0,0,0,2,0.0,0.0,0.0,100.0
44,no,2,144599.84,35506.92,253692.75,0,0,0,2,0.0,0.0,0.0,100.0
44,onsen,2,347.9,85.42,610.38,1,0,1,0,50.0,0.0,50.0,0.0
44,service,2,14.02,13.59,14.44,2,0,0,0,100.0,0.0,0.0,0.0
44,supermarket,2,9483.11,2994.98,15971.24,0,0,0,2,0.0,0.0,0.0,100.0
44,castle,1,487.73,487.73,487.73,0,1,0,0,0.0,100.0,0.0,0.0
44,barn,1,6.28,6.28,6.28,1,0,0,0,100.0,0.0,0.0,0.0
44,cabin,1,447.12,447.12,447.12,0,1,0,0,0.0,100.0,0.0,0.0
44,pavilion,1,13.39,13.39,13.39,1,0,0,0,100.0,0.0,0.0,0.0
44,dum,1,10759.67,10759.67,10759.67,0,0,0,1,0.0,0.0,0.0,100.0
44,optician,1,162.82,162.82,162.82,0,1,0,0,0.0,100.0,0.0,0.0
44,bungalow,1,3966.45,3966.45,3966.45,0,0,0,1,0.0,0.0,0.0,100.0
44,museum,1,394.02,394.02,394.02,0,1,0,0,0.0,100.0,0.0,0.0
44,bridge,1,101.17,101.17,101.17,0,1,0,0,0.0,100.0,0.0,0.0
44,wall,1,2187.18,2187.18,2187.18,0,0,0,1,0.0,0.0,0.0,100.0
44,military,1,853.89,853.89,853.89,0,0,1,0,0.0,0.0,100.0,0.0
44,station,1,138.67,138.67,138.67,0,1,0,0,0.0,100.0,0.0,0.0
45,yes,36341,200.08,0.73,50569.58,17236,16979,1155,971,47.43,46.72,3.18,2.67
45,industrial,783,956.22,2.53,64935.23,303,276,75,129,38.7,35.25,9.58,16.48
45,house,716,122.01,15.65,511.77,313,402,1,0,43.72,56.15,0.14,0.0
45,retail,292,1191.36,14.63,69126.32,32,171,25,64,10.96,58.56,8.56,21.92
45,school,246,510.97,8.22,6387.71,73,80,61,32,29.67,32.52,24.8,13.01
45,apartments,235,369.78,55.1,3354.36,5,183,45,2,2.13,77.87,19.15,0.85
45,roof,190,201.6,2.78,2546.01,122,48,12,8,64.21,25.26,6.32,4.21
45,greenhouse,166,776.16,57.6,8160.84,3,110,8,45,1.81,66.27,4.82,27.11
45,warehouse,54,508.52,3.22,3801.14,17,20,9,8,31.48,37.04,16.67,14.81
45,commercial,54,1321.83,32.78,18287.27,2,19,14,19,3.7,35.19,25.93,35.19
45,public,49,1079.6,17.52,6004.72,11,12,10,16,22.45,24.49,20.41,32.65
45,hospital,48,1435.53,22.24,9038.29,3,18,6,21,6.25,37.5,12.5,43.75
45,hotel,42,725.08,68.01,7497.37,1,26,7,8,2.38,61.9,16.67,19.05
45,kindergarten,22,588.65,8.58,1358.54,3,8,7,4,13.64,36.36,31.82,18.18
45,temple,20,366.97,25.66,1701.63,4,12,3,1,20.0,60.0,15.0,5.0
45,college,12,1497.11,89.03,7471.81,1,7,1,3,8.33,58.33,8.33,25.0
45,residential,11,203.02,55.73,454.21,3,8,0,0,27.27,72.73,0.0,0.0
45,office,11,305.28,55.38,1348.8,2,8,0,1,18.18,72.73,0.0,9.09
45,garages,9,334.58,52.98,615.87,1,7,1,0,11.11,77.78,11.11,0.0
45,train_station,7,260.89,46.57,873.25,2,4,1,0,28.57,57.14,14.29,0.0
45,service,7,392.36,9.75,2509.66,6,0,0,1,85.71,0.0,0.0,14.29
45,pavilion,7,1362.22,34.82,5832.5,2,1,1,3,28.57,14.29,14.29,42.86
45,stadium,6,1598.66,109.46,4825.82,0,3,0,3,0.0,50.0,0.0,50.0
45,garage,6,88.11,19.92,241.28,5,1,0,0,83.33,16.67,0.0,0.0
45,transportation,6,190.33,57.27,411.52,2,4,0,0,33.33,66.67,0.0,0.0
45,farm_auxiliary,5,448.63,172.09,563.82,0,3,2,0,0.0,60.0,40.0,0.0
45,fire_station,5,433.89,11.35,1210.85,2,1,1,1,40.0,20.0,20.0,20.0
45,hut,4,128.14,58.81,296.92,3,1,0,0,75.0,25.0,0.0,0.0
45,church,3,226.54,44.02,464.59,1,2,0,0,33.33,66.67,0.0,0.0
45,dormitory,3,602.05,501.61,659.39,0,0,3,0,0.0,0.0,100.0,0.0
45,shrine,2,459.04,147.34,770.74,0,1,1,0,0.0,50.0,50.0,0.0
45,carport,2,161.5,32.25,290.74,1,1,0,0,50.0,50.0,0.0,0.0
45,hangar,2,2091.1,1534.22,2647.97,0,0,0,2,0.0,0.0,0.0,100.0
45,museum,2,2537.59,1544.72,3530.46,0,0,0,2,0.0,0.0,0.0,100.0
45,restaurant,2,121.7,114.52,128.87,0,2,0,0,0.0,100.0,0.0,0.0
45,shed,2,29.28,17.7,40.85,2,0,0,0,100.0,0.0,0.0,0.0
45,sports_hall,2,3293.76,1246.43,5341.09,0,0,0,2,0.0,0.0,0.0,100.0
45,sty,2,670.77,376.82,964.72,0,1,1,0,0.0,50.0,50.0,0.0
45,university,2,3108.51,1973.95,4243.06,0,0,0,2,0.0,0.0,0.0,100.0
45,sports_centre,1,1980.12,1980.12,1980.12,0,0,0,1,0.0,0.0,0.0,100.0
45,bus_station,1,634.27,634.27,634.27,0,0,1,0,0.0,0.0,100.0,0.0
45,stable,1,199.48,199.48,199.48,0,1,0,0,0.0,100.0,0.0,0.0
45,gatehouse,1,97.38,97.38,97.38,1,0,0,0,100.0,0.0,0.0,0.0
45,chapel,1,190.06,190.06,190.06,0,1,0,0,0.0,100.0,0.0,0.0
45,supermarket,1,2037.22,2037.22,2037.22,0,0,0,1,0.0,0.0,0.0,100.0
45,farm,1,1455.47,1455.47,1455.47,0,0,0,1,0.0,0.0,0.0,100.0
45,cowshed,1,3497.77,3497.77,3497.77,0,0,0,1,0.0,0.0,0.0,100.0
45,ruins,1,1343.26,1343.26,1343.26,0,0,0,1,0.0,0.0,0.0,100.0
45,parking,1,3435.06,3435.06,3435.06,0,0,0,1,0.0,0.0,0.0,100.0
45,civic,1,2475.92,2475.92,2475.92,0,0,0,1,0.0,0.0,0.0,100.0
45,library,1,814.35,814.35,814.35,0,0,1,0,0.0,0.0,100.0,0.0
46,yes,77290,214.76,0.47,122822.89,39145,32964,2830,2351,50.65,42.65,3.66,3.04
46,house,20280,90.44,2.15,3422.41,13925,6329,22,4,68.66,31.21,0.11,0.02
46,apartments,3912,276.47,13.6,26801.47,482,3016,340,74,12.32,77.1,8.69,1.89
46,residential,2739,122.46,13.56,3849.26,1334,1380,22,3,48.7,50.38,0.8,0.11
46,retail,919,997.65,13.13,36009.48,78,521,120,200,8.49,56.69,13.06,21.76
46,school,622,995.59,3.39,11426.39,82,158,174,208,13.18,25.4,27.97,33.44
46,industrial,516,2095.69,4.05,37208.67,65,112,86,253,12.6,21.71,16.67,49.03
46,roof,369,87.72,1.64,2839.66,307,49,9,4,83.2,13.28,2.44,1.08
46,hospital,134,1800.84,14.61,11612.01,9,23,23,79,6.72,17.16,17.16,58.96
46,commercial,118,707.59,58.66,9322.51,6,69,23,20,5.08,58.47,19.49,16.95
46,carport,110,31.2,6.36,182.94,105,5,0,0,95.45,4.55,0.0,0.0
46,storage_tank,83,25.22,1.47,299.99,79,4,0,0,95.18,4.82,0.0,0.0
46,greenhouse,79,529.23,23.64,2220.88,12,35,24,8,15.19,44.3,30.38,10.13
46,public,76,1031.6,56.86,6676.64,3,25,23,25,3.95,32.89,30.26,32.89
46,office,67,420.9,24.62,5443.72,13,40,8,6,19.4,59.7,11.94,8.96
46,garage,62,65.69,10.75,528.52,57,4,1,0,91.94,6.45,1.61,0.0
46,kindergarten,58,503.49,20.02,1672.85,1,32,23,2,1.72,55.17,39.66,3.45
46,detached,51,123.08,20.59,247.73,18,33,0,0,35.29,64.71,0.0,0.0
46,warehouse,43,1030.15,18.39,10185.02,15,14,4,10,34.88,32.56,9.3,23.26
46,hotel,41,1284.52,50.18,14326.72,7,14,7,13,17.07,34.15,17.07,31.71
46,sty,37,1016.0,465.12,7585.83,0,3,25,9,0.0,8.11,67.57,24.32
46,farm_auxiliary,33,914.4,19.63,3202.72,1,12,12,8,3.03,36.36,36.36,24.24
46,parking,26,1824.72,61.23,6588.15,3,3,4,16,11.54,11.54,15.38,61.54
46,train_station,26,1580.48,42.11,21452.51,3,15,1,7,11.54,57.69,3.85,26.92
46,temple,17,390.69,51.97,957.17,2,9,6,0,11.76,52.94,35.29,0.0
46,university,16,1152.81,65.84,3785.78,1,4,4,7,6.25,25.0,25.0,43.75
46,stadium,14,3505.6,183.16,12905.86,0,3,1,10,0.0,21.43,7.14,71.43
46,bungalow,13,56.21,28.55,228.05,12,1,0,0,92.31,7.69,0.0,0.0
46,college,12,643.03,230.19,1428.05,0,5,5,2,0.0,41.67,41.67,16.67
46,silo,12,34.79,9.56,85.22,12,0,0,0,100.0,0.0,0.0,0.0
46,church,12,296.55,62.41,911.92,3,7,2,0,25.0,58.33,16.67,0.0
46,bunker,9,2249.12,1113.92,4504.52,0,0,0,9,0.0,0.0,0.0,100.0
46,gasometer,9,34.71,34.67,34.72,9,0,0,0,100.0,0.0,0.0,0.0
46,garages,8,3095.85,321.91,5803.54,0,2,2,4,0.0,25.0,25.0,50.0
46,government,8,921.83,149.9,1993.93,0,3,2,3,0.0,37.5,25.0,37.5
46,dormitory,8,1890.05,367.03,11471.15,0,3,4,1,0.0,37.5,50.0,12.5
46,restaurant,7,257.17,54.19,588.84,1,5,1,0,14.29,71.43,14.29,0.0
46,construction,6,1258.02,172.8,4565.19,0,3,1,2,0.0,50.0,16.67,33.33
46,shrine,6,96.64,11.64,358.78,5,1,0,0,83.33,16.67,0.0,0.0
46,shed,4,48.69,27.04,60.57,4,0,0,0,100.0,0.0,0.0,0.0
46,museum,3,3058.53,2803.14,3508.73,0,0,0,3,0.0,0.0,0.0,100.0
46,toilets,3,40.94,16.04,86.75,3,0,0,0,100.0,0.0,0.0,0.0
46,ruins,3,460.95,129.47,955.79,0,2,1,0,0.0,66.67,33.33,0.0
46,fire_station,2,1142.6,701.31,1583.89,0,0,1,1,0.0,0.0,50.0,50.0
46,chapel,2,651.83,432.08,871.58,0,1,1,0,0.0,50.0,50.0,0.0
46,resutaurant,2,313.53,153.07,473.98,0,2,0,0,0.0,100.0,0.0,0.0
46,reactor,2,1696.54,1690.7,1702.37,0,0,0,2,0.0,0.0,0.0,100.0
46,bridge,2,112.82,109.83,115.81,0,2,0,0,0.0,100.0,0.0,0.0
46,barrack,1,15.66,15.66,15.66,1,0,0,0,100.0,0.0,0.0,0.0
46,onsen,1,1630.29,1630.29,1630.29,0,0,0,1,0.0,0.0,0.0,100.0
46,civic,1,147.38,147.38,147.38,0,1,0,0,0.0,100.0,0.0,0.0
46,service,1,1243.37,1243.37,1243.37,0,0,0,1,0.0,0.0,0.0,100.0
46,shop,1,1279.65,1279.65,1279.65,0,0,0,1,0.0,0.0,0.0,100.0
46,supermarket,1,6159.66,6159.66,6159.66,0,0,0,1,0.0,0.0,0.0,100.0
46,surface,1,952.51,952.51,952.51,0,0,1,0,0.0,0.0,100.0,0.0
46,terrace,1,107.25,107.25,107.25,0,1,0,0,0.0,100.0,0.0,0.0
46,water_tower,1,45.34,45.34,45.34,1,0,0,0,100.0,0.0,0.0,0.0
46,hangar,1,561.23,561.23,561.23,0,0,1,0,0.0,0.0,100.0,0.0
47,yes,201202,173.07,0.94,48633.96,87224,106136,4605,3237,43.35,52.75,2.29,1.61
47,house,7336,113.07,1.3,1769.39,3434,3894,7,1,46.81,53.08,0.1,0.01
47,apartments,3412,384.09,15.39,4660.74,225,2433,544,210,6.59,71.31,15.94,6.15
47,greenhouse,1904,775.78,12.09,11059.95,92,889,443,480,4.83,46.69,23.27,25.21
47,roof,910,121.01,1.07,4715.48,645,239,14,12,70.88,26.26,1.54,1.32
47,residential,862,227.24,14.99,1257.19,143,680,38,1,16.59,78.89,4.41,0.12
47,school,505,1292.68,17.62,13004.06,32,116,143,214,6.34,22.97,28.32,42.38
47,retail,427,1338.84,13.8,34227.1,38,228,54,107,8.9,53.4,12.65,25.06
47,detached,237,145.2,13.95,373.22,61,176,0,0,25.74,74.26,0.0,0.0
47,hotel,232,1232.94,54.61,13865.71,38,74,49,71,16.38,31.9,21.12,30.6
47,commercial,216,1156.21,35.27,17961.46,12,85,64,55,5.56,39.35,29.63,25.46
47,industrial,138,1214.23,14.53,26651.62,34,52,19,33,24.64,37.68,13.77,23.91
47,warehouse,107,1848.97,14.24,42560.69,15,37,18,37,14.02,34.58,16.82,34.58
47,construction,74,845.32,20.09,10220.75,7,40,14,13,9.46,54.05,18.92,17.57
47,parking,67,2302.5,46.89,11829.96,2,8,10,47,2.99,11.94,14.93,70.15
47,hospital,66,2173.64,40.46,12410.16,1,9,12,44,1.52,13.64,18.18,66.67
47,university,50,1570.5,52.88,6322.85,1,8,8,33,2.0,16.0,16.0,66.0
47,kindergarten,49,682.26,55.92,3852.16,3,22,13,11,6.12,44.9,26.53,22.45
47,farm_auxiliary,48,216.4,33.27,899.33,17,28,3,0,35.42,58.33,6.25,0.0
47,public,48,1469.13,44.23,9114.51,1,8,13,26,2.08,16.67,27.08,54.17
47,college,34,524.64,55.63,1866.59,3,17,10,4,8.82,50.0,29.41,11.76
47,ruins,32,128.15,20.6,1124.88,25,6,0,1,78.13,18.75,0.0,3.13
47,semidetached_house,30,151.62,140.76,160.94,0,30,0,0,0.0,100.0,0.0,0.0
47,shed,29,35.43,7.49,147.45,27,2,0,0,93.1,6.9,0.0,0.0
47,garage,26,87.36,22.92,506.61,20,5,1,0,76.92,19.23,3.85,0.0
47,civic,25,1558.79,10.59,7511.67,11,3,1,10,44.0,12.0,4.0,40.0
47,church,24,505.15,64.62,3201.31,2,16,3,3,8.33,66.67,12.5,12.5
47,dormitory,24,545.61,110.08,1958.61,0,14,8,2,0.0,58.33,33.33,8.33
47,storage_tank,20,312.82,34.5,1059.79,4,13,2,1,20.0,65.0,10.0,5.0
47,office,15,753.2,28.82,5812.38,3,7,3,2,20.0,46.67,20.0,13.33
47,chapel,15,376.79,78.95,913.95,2,9,4,0,13.33,60.0,26.67,0.0
47,train_station,15,812.63,488.35,1336.85,0,1,11,3,0.0,6.67,73.33,20.0
47,terrace,12,292.2,92.28,472.28,1,11,0,0,8.33,91.67,0.0,0.0
47,hut,12,46.93,7.96,182.21,11,1,0,0,91.67,8.33,0.0,0.0
47,bungalow,12,119.94,28.92,507.91,6,5,1,0,50.0,41.67,8.33,0.0
47,garages,12,123.52,35.33,349.68,7,5,0,0,58.33,41.67,0.0,0.0
47,carport,11,238.46,4.36,953.67,6,4,1,0,54.55,36.36,9.09,0.0
47,temple,10,616.42,22.68,1708.66,2,4,2,2,20.0,40.0,20.0,20.0
47,bunker,9,874.83,200.51,2331.01,0,6,1,2,0.0,66.67,11.11,22.22
47,container,9,35.84,6.28,88.57,9,0,0,0,100.0,0.0,0.0,0.0
47,tank,7,1381.34,292.69,1562.85,0,1,0,6,0.0,14.29,0.0,85.71
47,cowshed,7,656.41,212.26,1856.02,0,4,1,2,0.0,57.14,14.29,28.57
47,toilets,7,87.89,33.09,250.18,6,1,0,0,85.71,14.29,0.0,0.0
47,hangar,7,5536.36,685.59,21243.75,0,0,1,6,0.0,0.0,14.29,85.71
47,shrine,4,116.1,25.26,248.71,2,2,0,0,50.0,50.0,0.0,0.0
47,stadium,3,5306.81,4138.94,7432.75,0,0,0,3,0.0,0.0,0.0,100.0
47,fire_station,3,941.67,82.67,1792.77,1,0,1,1,33.33,0.0,33.33,33.33
47,pavilion,3,2932.08,1311.19,3933.02,0,0,0,3,0.0,0.0,0.0,100.0
47,supermarket,3,3537.86,259.77,6094.76,0,1,0,2,0.0,33.33,0.0,66.67
47,bridge,3,254.94,178.28,348.09,0,3,0,0,0.0,100.0,0.0,0.0
47,government,3,1375.98,647.23,1845.69,0,0,1,2,0.0,0.0,33.33,66.67
47,transportation,3,338.65,231.46,494.49,0,3,0,0,0.0,100.0,0.0,0.0
47,stable,3,85.51,39.38,177.46,2,1,0,0,66.67,33.33,0.0,0.0
47,service,3,344.36,36.98,944.24,2,0,1,0,66.67,0.0,33.33,0.0
47,manufacture,2,96.59,88.02,105.16,1,1,0,0,50.0,50.0,0.0,0.0
47,tower,2,12.19,9.73,14.65,2,0,0,0,100.0,0.0,0.0,0.0
47,farm,2,354.42,348.64,360.19,0,2,0,0,0.0,100.0,0.0,0.0
47,no,2,278.5,159.45,397.55,0,2,0,0,0.0,100.0,0.0,0.0
47,sports_hall,2,1611.06,1496.97,1725.14,0,0,0,2,0.0,0.0,0.0,100.0
47,static_caravan,1,11.85,11.85,11.85,1,0,0,0,100.0,0.0,0.0,0.0
47,barn,1,230.02,230.02,230.02,0,1,0,0,0.0,100.0,0.0,0.0
47,grandstand,1,341.82,341.82,341.82,0,1,0,0,0.0,100.0,0.0,0.0
47,antenna,1,1697.39,1697.39,1697.39,0,0,0,1,0.0,0.0,0.0,100.0
47,artwork,1,62.56,62.56,62.56,1,0,0,0,100.0,0.0,0.0,0.0
47,control_tower,1,905.63,905.63,905.63,0,0,1,0,0.0,0.0,100.0,0.0
47,3,1,655.16,655.16,655.16,0,0,1,0,0.0,0.0,100.0,0.0
47,silo,1,25.88,25.88,25.88,1,0,0,0,100.0,0.0,0.0,0.0
5,yes,507511,128.47,0.01,40557.96,277115,220440,5939,4017,54.6,43.44,1.17,0.79
5,farm_auxiliary,35237,120.55,0.96,3648.61,18648,16364,161,64,52.92,46.44,0.46,0.18
5,house,13608,117.4,3.07,1078.26,6428,7167,10,3,47.24,52.67,0.07,0.02
5,apartments,3282,238.71,29.52,5974.56,319,2745,201,17,9.72,83.64,6.12,0.52
5,residential,2906,126.95,11.91,789.89,1258,1638,10,0,43.29,56.37,0.34,0.0
5,retail,2331,369.45,8.87,33115.82,816,1245,123,147,35.01,53.41,5.28,6.31
5,roof,665,113.47,0.31,2861.88,491,142,25,7,73.83,21.35,3.76,1.05
5,school,614,1720.95,6.99,30268.74,71,117,85,341,11.56,19.06,13.84,55.54
5,greenhouse,572,230.02,11.37,2011.86,82,482,4,4,14.34,84.27,0.7,0.7
5,industrial,436,2031.71,9.88,33653.54,25,112,78,221,5.73,25.69,17.89,50.69
5,commercial,346,361.07,20.12,7690.66,66,217,43,20,19.08,62.72,12.43,5.78
5,warehouse,188,667.84,6.94,11859.77,71,45,32,40,37.77,23.94,17.02,21.28
5,hotel,166,476.29,14.66,6146.17,95,35,15,21,57.23,21.08,9.04,12.65
5,office,157,380.34,38.32,3372.05,14,112,21,10,8.92,71.34,13.38,6.37
5,hut,151,42.04,3.68,979.37,143,7,1,0,94.7,4.64,0.66,0.0
5,university,129,1165.21,6.24,7279.11,4,42,39,44,3.1,32.56,30.23,34.11
5,kindergarten,116,908.51,23.56,2957.87,1,24,58,33,0.86,20.69,50.0,28.45
5,hospital,112,1951.68,12.4,14038.46,18,28,17,49,16.07,25.0,15.18,43.75
5,garage,112,112.9,13.3,1519.28,75,35,1,1,66.96,31.25,0.89,0.89
5,train_station,84,428.66,14.62,8419.32,28,39,10,7,33.33,46.43,11.9,8.33
5,bungalow,63,61.63,15.19,280.34,57,6,0,0,90.48,9.52,0.0,0.0
5,ruins,63,821.95,31.83,8583.36,12,29,9,13,19.05,46.03,14.29,20.63
5,detached,48,91.53,44.81,272.32,42,6,0,0,87.5,12.5,0.0,0.0
5,parking,47,1773.45,39.26,8660.31,1,2,10,34,2.13,4.26,21.28,72.34
5,stadium,45,2391.14,23.12,12813.24,3,6,5,31,6.67,13.33,11.11,68.89
5,sty,43,824.23,658.45,2910.7,0,0,34,9,0.0,0.0,79.07,20.93
5,public,43,1165.03,58.93,7499.9,5,13,10,15,11.63,30.23,23.26,34.88
5,dormitory,38,607.25,104.85,2528.89,0,26,6,6,0.0,68.42,15.79,15.79
5,shed,21,112.98,14.94,1598.85,20,0,0,1,95.24,0.0,0.0,4.76
5,farm,21,184.49,64.23,568.21,2,18,1,0,9.52,85.71,4.76,0.0
5,temple,18,987.33,52.46,3126.1,1,4,5,8,5.56,22.22,27.78,44.44
5,service,18,117.91,3.67,467.79,10,8,0,0,55.56,44.44,0.0,0.0
5,shrine,16,74.09,1.49,364.22,12,4,0,0,75.0,25.0,0.0,0.0
5,garages,15,609.57,115.11,1244.41,0,5,7,3,0.0,33.33,46.67,20.0
5,barn,14,116.06,39.97,462.91,11,3,0,0,78.57,21.43,0.0,0.0
5,hangar,8,1479.04,54.37,4171.05,2,1,1,4,25.0,12.5,12.5,50.0
5,church,7,686.14,114.78,1892.8,0,4,1,2,0.0,57.14,14.29,28.57
5,supermarket,7,4589.77,1888.87,13201.46,0,0,0,7,0.0,0.0,0.0,100.0
5,cowshed,7,798.8,266.44,911.46,0,1,6,0,0.0,14.29,85.71,0.0
5,fire_station,7,599.81,16.54,2106.18,2,2,2,1,28.57,28.57,28.57,14.29
5,construction,5,5565.73,80.03,18660.4,1,0,1,3,20.0,0.0,20.0,60.0
5,bridge,4,129.41,6.34,474.7,3,1,0,0,75.0,25.0,0.0,0.0
5,civic,2,906.96,644.79,1169.13,0,0,1,1,0.0,0.0,50.0,50.0
5,pitch,2,331.8,185.78,477.82,0,2,0,0,0.0,100.0,0.0,0.0
5,station,2,425.15,251.56,598.73,0,1,1,0,0.0,50.0,50.0,0.0
5,pavilion,2,1711.06,1270.33,2151.78,0,0,0,2,0.0,0.0,0.0,100.0
5,transportation,2,995.09,808.81,1181.37,0,0,1,1,0.0,0.0,50.0,50.0
5,hallway,2,224.35,54.36,394.34,1,1,0,0,50.0,50.0,0.0,0.0
5,cathedral,1,692.16,692.16,692.16,0,0,1,0,0.0,0.0,100.0,0.0
5,yes;public,1,1418.19,1418.19,1418.19,0,0,0,1,0.0,0.0,0.0,100.0
5,carport,1,1468.4,1468.4,1468.4,0,0,0,1,0.0,0.0,0.0,100.0
5,college,1,175.13,175.13,175.13,0,1,0,0,0.0,100.0,0.0,0.0
5,static_caravan,1,10.03,10.03,10.03,1,0,0,0,100.0,0.0,0.0,0.0
5,silo,1,174.62,174.62,174.62,0,1,0,0,0.0,100.0,0.0,0.0
6,yes,190892,175.81,0.11,30611.45,75588,108708,3636,2960,39.6,56.95,1.9,1.55
6,house,6744,156.83,4.68,7041.81,2424,4157,105,58,35.94,61.64,1.56,0.86
6,residential,635,131.76,9.35,559.76,224,409,2,0,35.28,64.41,0.31,0.0
6,retail,373,1353.53,39.75,32929.15,23,175,55,120,6.17,46.92,14.75,32.17
6,apartments,313,298.51,50.63,2798.82,13,267,31,2,4.15,85.3,9.9,0.64
6,school,229,1764.24,12.2,37049.94,23,59,44,103,10.04,25.76,19.21,44.98
6,greenhouse,169,407.29,25.26,2856.39,10,125,18,16,5.92,73.96,10.65,9.47
6,garage,137,45.09,4.61,1019.06,129,6,1,1,94.16,4.38,0.73,0.73
6,industrial,130,4263.25,27.24,44604.82,14,22,18,76,10.77,16.92,13.85,58.46
6,hotel,114,824.05,30.39,8306.09,9,49,30,26,7.89,42.98,26.32,22.81
6,roof,108,197.28,1.77,3992.47,72,29,2,5,66.67,26.85,1.85,4.63
6,commercial,46,722.11,45.39,5589.41,3,28,5,10,6.52,60.87,10.87,21.74
6,train_station,41,862.7,13.66,7003.79,6,21,3,11,14.63,51.22,7.32,26.83
6,kindergarten,28,912.87,80.87,2392.02,1,5,11,11,3.57,17.86,39.29,39.29
6,warehouse,25,1678.13,220.89,6415.94,0,6,4,15,0.0,24.0,16.0,60.0
6,hut,24,47.37,15.95,83.75,24,0,0,0,100.0,0.0,0.0,0.0
6,hospital,22,3967.93,207.1,15786.45,0,3,4,15,0.0,13.64,18.18,68.18
6,temple,19,758.69,83.64,2295.31,1,7,6,5,5.26,36.84,31.58,26.32
6,public,16,1260.39,60.08,5785.23,2,5,3,6,12.5,31.25,18.75,37.5
6,office,10,687.68,87.94,2318.14,1,5,2,2,10.0,50.0,20.0,20.0
6,university,9,986.55,81.07,3441.29,1,1,4,3,11.11,11.11,44.44,33.33
6,shed,7,114.92,56.75,136.91,2,5,0,0,28.57,71.43,0.0,0.0
6,stadium,6,1826.41,298.59,3805.57,0,2,0,4,0.0,33.33,0.0,66.67
6,parking,6,2477.51,222.4,7737.34,0,2,0,4,0.0,33.33,0.0,66.67
6,church,5,261.37,96.79,461.23,1,4,0,0,20.0,80.0,0.0,0.0
6,shrine,5,396.02,1.66,1797.46,3,1,0,1,60.0,20.0,0.0,20.0
6,storage_tank,4,146.85,24.29,328.12,2,2,0,0,50.0,50.0,0.0,0.0
6,detached,3,183.32,100.5,272.89,0,3,0,0,0.0,100.0,0.0,0.0
6,transportation,3,592.12,506.94,663.69,0,0,3,0,0.0,0.0,100.0,0.0
6,college,2,3165.56,508.91,5822.2,0,0,1,1,0.0,0.0,50.0,50.0
6,gatehouse,2,68.01,26.75,109.26,1,1,0,0,50.0,50.0,0.0,0.0
6,garages,2,1439.09,1345.2,1532.97,0,0,0,2,0.0,0.0,0.0,100.0
6,sports_hall,2,2003.81,1661.82,2345.79,0,0,0,2,0.0,0.0,0.0,100.0
6,Institute,2,4054.89,1824.03,6285.75,0,0,0,2,0.0,0.0,0.0,100.0
6,yes_[基礎演習b(メディア情報コース1)(1452:廣瀬_雄二)(16名)],1,2535.06,2535.06,2535.06,0,0,0,1,0.0,0.0,0.0,100.0
6,Nursing_home,1,9282.15,9282.15,9282.15,0,0,0,1,0.0,0.0,0.0,100.0
6,asphalt,1,937.76,937.76,937.76,0,0,1,0,0.0,0.0,100.0,0.0
6,bridge,1,67.1,67.1,67.1,1,0,0,0,100.0,0.0,0.0,0.0
6,civic,1,1696.74,1696.74,1696.74,0,0,0,1,0.0,0.0,0.0,100.0
6,clinic,1,193.24,193.24,193.24,0,1,0,0,0.0,100.0,0.0,0.0
6,dormitory,1,712.64,712.64,712.64,0,0,1,0,0.0,0.0,100.0,0.0
6,farm_auxiliary,1,576.71,576.71,576.71,0,0,1,0,0.0,0.0,100.0,0.0
6,fire_station,1,1086.42,1086.42,1086.42,0,0,0,1,0.0,0.0,0.0,100.0
6,grandstand,1,746.52,746.52,746.52,0,0,1,0,0.0,0.0,100.0,0.0
6,library,1,3608.05,3608.05,3608.05,0,0,0,1,0.0,0.0,0.0,100.0
6,no,1,26060.45,26060.45,26060.45,0,0,0,1,0.0,0.0,0.0,100.0
6,organization,1,2940.09,2940.09,2940.09,0,0,0,1,0.0,0.0,0.0,100.0
6,pagoda,1,2.67,2.67,2.67,1,0,0,0,100.0,0.0,0.0,0.0
6,public_building,1,548.67,548.67,548.67,0,0,1,0,0.0,0.0,100.0,0.0
6,service,1,102.2,102.2,102.2,0,1,0,0,0.0,100.0,0.0,0.0
7,yes,791378,135.25,0.01,70312.74,435316,338366,10350,7346,55.01,42.76,1.31,0.93
7,residential,34152,112.75,1.01,10403.34,19035,14758,246,113,55.74,43.21,0.72,0.33
7,greenhouse,6289,229.19,11.77,50586.73,1937,3918,311,123,30.8,62.3,4.95,1.96
7,house,3587,142.76,6.74,1732.65,1113,2449,18,7,31.03,68.27,0.5,0.2
7,apartments,2825,145.12,1.46,3347.55,1270,1447,91,17,44.96,51.22,3.22,0.6
7,barn,2182,105.95,1.72,6204.85,1347,802,21,12,61.73,36.76,0.96,0.55
7,industrial,1302,536.47,7.23,33094.18,757,399,40,106,58.14,30.65,3.07,8.14
7,retail,709,1138.16,7.59,24643.29,76,355,84,194,10.72,50.07,11.85,27.36
7,garage,325,81.55,9.88,5007.59,295,23,4,3,90.77,7.08,1.23,0.92
7,roof,294,266.42,1.9,11057.17,161,109,12,12,54.76,37.07,4.08,4.08
7,school,242,1569.64,15.96,48744.31,13,46,50,133,5.37,19.01,20.66,54.96
7,detached,175,104.31,21.93,435.07,103,72,0,0,58.86,41.14,0.0,0.0
7,hut,98,25.31,4.72,72.89,98,0,0,0,100.0,0.0,0.0,0.0
7,hotel,93,1149.71,5.46,5893.43,5,38,19,31,5.38,40.86,20.43,33.33
7,train_station,78,691.32,16.35,20747.91,27,32,12,7,34.62,41.03,15.38,8.97
7,shrine,72,62.06,0.07,562.74,57,14,1,0,79.17,19.44,1.39,0.0
7,warehouse,72,861.86,5.68,12158.25,20,31,6,15,27.78,43.06,8.33,20.83
7,hospital,64,1654.67,17.87,13055.46,6,24,12,22,9.38,37.5,18.75,34.38
7,storage_tank,52,471.11,13.26,1755.17,2,35,8,7,3.85,67.31,15.38,13.46
7,public,49,1530.54,73.18,18095.41,1,18,11,19,2.04,36.73,22.45,38.78
7,carport,41,30.01,8.94,128.49,40,1,0,0,97.56,2.44,0.0,0.0
7,commercial,40,829.31,57.3,5395.13,4,19,6,11,10.0,47.5,15.0,27.5
7,tank,33,2408.57,99.01,4139.91,2,1,5,25,6.06,3.03,15.15,75.76
7,university,22,767.44,130.18,3581.52,0,5,13,4,0.0,22.73,59.09,18.18
7,kindergarten,22,780.63,98.39,2565.35,1,8,8,5,4.55,36.36,36.36,22.73
7,stable,22,464.9,213.48,679.29,0,9,13,0,0.0,40.91,59.09,0.0
7,terrace,21,163.28,44.34,313.74,4,17,0,0,19.05,80.95,0.0,0.0
7,office,18,686.69,39.57,3895.15,5,8,1,4,27.78,44.44,5.56,22.22
7,service,12,248.97,11.55,1384.41,4,6,1,1,33.33,50.0,8.33,8.33
7,temple,12,276.38,15.5,972.45,4,7,1,0,33.33,58.33,8.33,0.0
7,civic,9,831.49,215.64,1683.27,0,2,3,4,0.0,22.22,33.33,44.44
7,construction,8,1177.85,40.28,4800.99,1,3,1,3,12.5,37.5,12.5,37.5
7,fire_station,8,150.06,53.67,440.97,5,3,0,0,62.5,37.5,0.0,0.0
7,grandstand,8,1090.25,127.23,3459.72,0,4,0,4,0.0,50.0,0.0,50.0
7,sports_hall,7,1345.69,664.49,3774.73,0,0,4,3,0.0,0.0,57.14,42.86
7,parking,7,4338.92,67.8,13071.57,1,0,0,6,14.29,0.0,0.0,85.71
7,cabin,6,26.25,19.79,36.13,6,0,0,0,100.0,0.0,0.0,0.0
7,bungalow,5,379.84,104.48,667.95,0,3,2,0,0.0,60.0,40.0,0.0
7,garages,5,187.23,151.81,213.3,0,5,0,0,0.0,100.0,0.0,0.0
7,supermarket,5,2864.71,841.7,9102.38,0,0,1,4,0.0,0.0,20.0,80.0
7,ruins,5,465.31,95.52,1093.26,1,2,1,1,20.0,40.0,20.0,20.0
7,farm_auxiliary,4,826.7,180.33,1535.49,0,1,2,1,0.0,25.0,50.0,25.0
7,hangar,4,4063.11,453.71,13814.17,0,1,1,2,0.0,25.0,25.0,50.0
7,shed,4,117.1,8.17,334.27,3,1,0,0,75.0,25.0,0.0,0.0
7,bridge,4,2300.34,151.37,7678.33,0,1,2,1,0.0,25.0,50.0,25.0
7,church,3,173.19,98.52,217.14,1,2,0,0,33.33,66.67,0.0,0.0
7,toilets,3,126.71,120.33,138.57,0,3,0,0,0.0,100.0,0.0,0.0
7,transportation,3,667.02,381.73,988.18,0,1,2,0,0.0,33.33,66.67,0.0
7,destroyed,2,282.94,196.55,369.32,0,2,0,0,0.0,100.0,0.0,0.0
7,dormitory,2,839.66,515.81,1163.5,0,0,1,1,0.0,0.0,50.0,50.0
7,government,2,1041.93,633.78,1450.07,0,0,1,1,0.0,0.0,50.0,50.0
7,farm,2,1224.0,238.47,2209.53,0,1,0,1,0.0,50.0,0.0,50.0
7,no,2,4535.62,1779.97,7291.26,0,0,0,2,0.0,0.0,0.0,100.0
7,hau,1,67.47,67.47,67.47,1,0,0,0,100.0,0.0,0.0,0.0
7,allotment_house,1,141.29,141.29,141.29,0,1,0,0,0.0,100.0,0.0,0.0
7,gatehouse,1,55.28,55.28,55.28,1,0,0,0,100.0,0.0,0.0,0.0
7,brewery,1,1565.1,1565.1,1565.1,0,0,0,1,0.0,0.0,0.0,100.0
7,townhall,1,1830.77,1830.77,1830.77,0,0,0,1,0.0,0.0,0.0,100.0
8,yes,203398,211.69,0.21,97058.91,117101,73818,5890,6589,57.57,36.29,2.9,3.24
8,house,25775,100.62,1.58,8091.43,16712,9031,28,4,64.84,35.04,0.11,0.02
8,roof,10075,50.19,0.64,18592.77,9228,733,76,38,91.59,7.28,0.75,0.38
8,detached,6821,118.03,33.12,592.77,2642,4174,5,0,38.73,61.19,0.07,0.0
8,apartments,2731,277.81,1.87,5874.64,216,2295,173,47,7.91,84.04,6.33,1.72
8,retail,1397,1321.29,1.96,42914.57,131,727,123,416,9.38,52.04,8.8,29.78
8,industrial,1179,2883.97,4.64,90291.05,99,351,193,536,8.4,29.77,16.37,45.46
8,residential,997,172.93,3.64,17241.08,424,532,33,8,42.53,53.36,3.31,0.8
8,greenhouse,814,345.91,3.2,5642.49,183,508,65,58,22.48,62.41,7.99,7.13
8,school,766,973.28,7.05,14480.62,66,231,211,258,8.62,30.16,27.55,33.68
8,public,285,628.78,2.65,12627.71,121,65,51,48,42.46,22.81,17.89,16.84
8,commercial,225,588.36,3.09,10472.24,51,106,36,32,22.67,47.11,16.0,14.22
8,hospital,180,1075.37,4.82,10436.36,2,87,42,49,1.11,48.33,23.33,27.22
8,warehouse,132,3180.53,4.91,55692.61,39,35,13,45,29.55,26.52,9.85,34.09
8,university,120,966.72,44.1,4846.05,2,31,36,51,1.67,25.83,30.0,42.5
8,temple,108,421.12,15.75,8664.56,24,61,12,11,22.22,56.48,11.11,10.19
8,hotel,96,665.73,7.08,4314.9,4,55,21,16,4.17,57.29,21.88,16.67
8,kindergarten,95,678.86,64.02,3100.9,4,37,33,21,4.21,38.95,34.74,22.11
8,train_station,85,836.11,14.27,8942.32,17,40,12,16,20.0,47.06,14.12,18.82
8,government,78,442.09,2.68,7353.17,48,13,9,8,61.54,16.67,11.54,10.26
8,dormitory,55,408.89,94.96,1315.28,1,41,12,1,1.82,74.55,21.82,1.82
8,garage,53,321.76,14.82,6523.55,37,10,2,4,69.81,18.87,3.77,7.55
8,civic,38,1936.79,291.04,5980.57,0,3,4,31,0.0,7.89,10.53,81.58
8,hangar,26,902.74,87.75,3949.98,1,15,4,6,3.85,57.69,15.38,23.08
8,office,21,904.46,55.08,4400.32,1,10,1,9,4.76,47.62,4.76,42.86
8,shed,20,16.81,3.69,52.38,20,0,0,0,100.0,0.0,0.0,0.0
8,parking,20,2572.95,95.16,5511.16,1,0,1,18,5.0,0.0,5.0,90.0
8,no,17,21294.74,378.43,65225.63,0,1,0,16,0.0,5.88,0.0,94.12
8,shrine,15,77.77,6.07,308.09,11,4,0,0,73.33,26.67,0.0,0.0
8,carport,12,37.76,13.6,164.07,11,1,0,0,91.67,8.33,0.0,0.0
8,college,10,1235.56,487.54,2774.47,0,1,5,4,0.0,10.0,50.0,40.0
8,bridge,10,30.96,9.56,70.52,10,0,0,0,100.0,0.0,0.0,0.0
8,agricultural,9,77.39,21.85,211.34,7,2,0,0,77.78,22.22,0.0,0.0
8,cabin,8,44.11,43.3,49.67,8,0,0,0,100.0,0.0,0.0,0.0
8,service,8,203.63,19.89,785.55,4,3,1,0,50.0,37.5,12.5,0.0
8,stable,7,1065.8,274.6,3676.05,0,2,4,1,0.0,28.57,57.14,14.29
8,sports_hall,7,2110.88,1002.25,3635.64,0,0,0,7,0.0,0.0,0.0,100.0
8,fire_station,7,343.54,32.54,559.1,2,3,2,0,28.57,42.86,28.57,0.0
8,grandstand,6,340.23,193.85,482.4,0,6,0,0,0.0,100.0,0.0,0.0
8,transportation,6,1365.9,436.91,2428.64,0,2,0,4,0.0,33.33,0.0,66.67
8,construction,6,4207.24,167.07,18145.22,0,1,2,3,0.0,16.67,33.33,50.0
8,cowshed,5,857.67,458.83,1233.29,0,1,2,2,0.0,20.0,40.0,40.0
8,hut,5,36.01,4.29,104.43,4,1,0,0,80.0,20.0,0.0,0.0
8,garages,4,253.0,166.74,303.98,0,4,0,0,0.0,100.0,0.0,0.0
8,farm_auxiliary,4,410.18,150.28,788.39,0,3,1,0,0.0,75.0,25.0,0.0
8,supermarket,3,3528.3,2782.23,4766.93,0,0,0,3,0.0,0.0,0.0,100.0
8,barn,3,673.9,189.5,1084.7,0,1,1,1,0.0,33.33,33.33,33.33
8,container,3,14.87,12.01,17.56,3,0,0,0,100.0,0.0,0.0,0.0
8,religious,2,746.52,37.65,1455.39,1,0,0,1,50.0,0.0,0.0,50.0
8,outbuilding,2,5.5,5.36,5.63,2,0,0,0,100.0,0.0,0.0,0.0
8,church,2,129.83,54.02,205.64,1,1,0,0,50.0,50.0,0.0,0.0
8,chapel,2,1002.26,165.29,1839.22,0,1,0,1,0.0,50.0,0.0,50.0
8,pavilion,2,1393.49,293.48,2493.5,0,1,0,1,0.0,50.0,0.0,50.0
8,pharmacy,2,113.86,93.96,133.75,1,1,0,0,50.0,50.0,0.0,0.0
8,ruins,2,1074.07,562.18,1585.96,0,0,1,1,0.0,0.0,50.0,50.0
8,clinic,2,427.02,333.61,520.43,0,1,1,0,0.0,50.0,50.0,0.0
8,restaurant,1,450.73,450.73,450.73,0,1,0,0,0.0,100.0,0.0,0.0
8,mosque,1,191.16,191.16,191.16,0,1,0,0,0.0,100.0,0.0,0.0
8,hall,1,3823.51,3823.51,3823.51,0,0,0,1,0.0,0.0,0.0,100.0
8,greengrocer,1,120.31,120.31,120.31,0,1,0,0,0.0,100.0,0.0,0.0
8,fabric_store,1,155.11,155.11,155.11,0,1,0,0,0.0,100.0,0.0,0.0
8,shop,1,1711.08,1711.08,1711.08,0,0,0,1,0.0,0.0,0.0,100.0
8,community_centre,1,382.53,382.53,382.53,0,1,0,0,0.0,100.0,0.0,0.0
8,substation,1,579.32,579.32,579.32,0,0,1,0,0.0,0.0,100.0,0.0
8,cafe,1,177.75,177.75,177.75,0,1,0,0,0.0,100.0,0.0,0.0
8,water_tower,1,140.0,140.0,140.0,0,1,0,0,0.0,100.0,0.0,0.0
8,bank,1,734.17,734.17,734.17,0,0,1,0,0.0,0.0,100.0,0.0
8,ハウスクリーニング,1,308.61,308.61,308.61,0,1,0,0,0.0,100.0,0.0,0.0
9,yes,180452,203.74,0.1,79210.14,97924,72061,5082,5385,54.27,39.93,2.82,2.98
9,house,6845,125.07,2.94,25566.9,3570,3230,27,18,52.15,47.19,0.39,0.26
9,greenhouse,1546,275.55,6.12,5212.03,480,915,57,94,31.05,59.18,3.69,6.08
9,apartments,1015,368.55,21.93,5980.94,38,761,173,43,3.74,74.98,17.04,4.24
9,retail,888,1427.33,23.67,41847.17,45,442,115,286,5.07,49.77,12.95,32.21
9,industrial,404,5702.78,8.44,139429.9,22,68,48,266,5.45,16.83,11.88,65.84
9,detached,249,107.86,35.25,388.91,129,120,0,0,51.81,48.19,0.0,0.0
9,roof,207,206.47,0.82,2743.84,120,65,17,5,57.97,31.4,8.21,2.42
9,school,193,1260.06,53.29,5447.33,3,39,42,109,1.55,20.21,21.76,56.48
9,farm_auxiliary,192,458.78,13.55,2850.23,64,75,20,33,33.33,39.06,10.42,17.19
9,residential,129,187.18,3.61,1493.59,69,50,7,3,53.49,38.76,5.43,2.33
9,warehouse,102,3097.9,30.13,21411.53,8,19,10,65,7.84,18.63,9.8,63.73
9,train_station,81,827.19,20.63,19801.57,15,46,7,13,18.52,56.79,8.64,16.05
9,hotel,69,1300.54,110.7,8932.8,0,26,15,28,0.0,37.68,21.74,40.58
9,commercial,65,1197.24,17.24,19923.98,3,35,15,12,4.62,53.85,23.08,18.46
9,hospital,57,2173.85,193.02,14063.87,0,12,12,33,0.0,21.05,21.05,57.89
9,garage,56,665.82,23.95,28179.86,31,20,4,1,55.36,35.71,7.14,1.79
9,no,52,24453.43,222.41,212109.11,0,3,2,47,0.0,5.77,3.85,90.38
9,kindergarten,44,1058.19,144.32,3182.54,0,15,12,17,0.0,34.09,27.27,38.64
9,shed,41,30.77,4.33,127.91,40,1,0,0,97.56,2.44,0.0,0.0
9,shrine,36,313.7,4.22,2878.02,19,11,3,3,52.78,30.56,8.33,8.33
9,temple,35,667.89,4.87,6136.68,7,17,8,3,20.0,48.57,22.86,8.57
9,public,34,1580.6,94.75,7824.24,1,4,11,18,2.94,11.76,32.35,52.94
9,civic,30,1019.24,104.37,3512.53,0,9,10,11,0.0,30.0,33.33,36.67
9,parking,28,1634.67,31.7,7223.91,1,10,4,13,3.57,35.71,14.29,46.43
9,hut,25,190.23,9.03,3713.92,23,1,0,1,92.0,4.0,0.0,4.0
9,gatehouse,18,33.47,5.5,97.79,18,0,0,0,100.0,0.0,0.0,0.0
9,university,14,1318.07,55.6,5593.11,1,2,4,7,7.14,14.29,28.57,50.0
9,construction,14,829.47,109.28,5414.06,0,11,1,2,0.0,78.57,7.14,14.29
9,barn,10,1299.6,44.74,5245.46,2,3,2,3,20.0,30.0,20.0,30.0
9,office,9,1403.64,46.78,6059.22,2,4,0,3,22.22,44.44,0.0,33.33
9,garages,9,626.83,19.08,4326.68,5,2,1,1,55.56,22.22,11.11,11.11
9,hangar,9,1020.37,116.85,4664.28,0,3,5,1,0.0,33.33,55.56,11.11
9,church,7,425.91,100.47,1527.29,0,6,0,1,0.0,85.71,0.0,14.29
9,sty,7,5.89,5.88,5.9,7,0,0,0,100.0,0.0,0.0,0.0
9,stadium,6,3446.31,332.04,7195.13,0,1,1,4,0.0,16.67,16.67,66.67
9,bungalow,5,156.33,142.47,170.26,0,5,0,0,0.0,100.0,0.0,0.0
9,religious,4,85.21,58.13,112.89,3,1,0,0,75.0,25.0,0.0,0.0
9,grandstand,4,4444.95,171.32,10914.62,0,1,0,3,0.0,25.0,0.0,75.0
9,service,4,91.74,34.76,233.21,3,1,0,0,75.0,25.0,0.0,0.0
9,college,3,922.66,562.55,1495.85,0,0,2,1,0.0,0.0,66.67,33.33
9,transportation,3,824.19,576.31,1165.07,0,0,2,1,0.0,0.0,66.67,33.33
9,chicken_coop,3,460.08,385.79,576.19,0,2,1,0,0.0,66.67,33.33,0.0
9,dormitory,3,922.67,777.93,1007.93,0,0,2,1,0.0,0.0,66.67,33.33
9,cabin,3,60.01,24.11,123.64,2,1,0,0,66.67,33.33,0.0,0.0
9,pagoda,2,103.38,94.7,112.05,1,1,0,0,50.0,50.0,0.0,0.0
9,restaurant,2,98.14,45.84,150.44,1,1,0,0,50.0,50.0,0.0,0.0
9,fire_station,2,63.78,54.34,73.22,2,0,0,0,100.0,0.0,0.0,0.0
9,sports_hall,2,1204.1,971.63,1436.57,0,0,1,1,0.0,0.0,50.0,50.0
9,home,1,116.6,116.6,116.6,0,1,0,0,0.0,100.0,0.0,0.0
9,stable,1,788.87,788.87,788.87,0,0,1,0,0.0,0.0,100.0,0.0
9,stables,1,785.68,785.68,785.68,0,0,1,0,0.0,0.0,100.0,0.0
9,cowshed,1,737.1,737.1,737.1,0,0,1,0,0.0,0.0,100.0,0.0
9,semidetached_house,1,404.66,404.66,404.66,0,1,0,0,0.0,100.0,0.0,0.0
9,supermarket,1,6660.63,6660.63,6660.63,0,0,0,1,0.0,0.0,0.0,100.0
9,ruins,1,1214.65,1214.65,1214.65,0,0,0,1,0.0,0.0,0.0,100.0
9,toilets,1,49.48,49.48,49.48,1,0,0,0,100.0,0.0,0.0,0.0
9,chapel,1,1198.13,1198.13,1198.13,0,0,0,1,0.0,0.0,0.0,100.0
9,farm,1,1797.2,1797.2,1797.2,0,0,0,1,0.0,0.0,0.0,100.0
9,carport,1,59.65,59.65,59.65,1,0,0,0,100.0,0.0,0.0,0.0
9,railway,1,791.95,791.95,791.95,0,0,1,0,0.0,0.0,100.0,0.0
9,shop,1,56.3,56.3,56.3,1,0,0,0,100.0,0.0,0.0,0.0
