prefcode,n03_007,cityname,building_count,building_types,avg_height,max_height,avg_levels,max_levels,total_building_area_ha,avg_building_area_ha,max_building_area_ha,height_count,levels_count,min_height_count,underground_count,ele_count,date_count,source_count,name_count,editor_count,prefecture_area_ha,building_coverage_percent
1,01700,旭川市,34337806,43,,,4.57,17.0,363806.5956,0.0106,3.065,0,57618,0,0,388,194,33899172,145112,91,147751.0,246.23
1,01700,函館市,23021204,36,48.87,72.3,3.02,19.0,273809.6565,0.0119,2.1571,582,68482,0,194,0,1164,22267126,117952,130,147751.0,185.32
1,01700,帯広市,19063022,24,59.62,59.62,5.81,19.0,212936.5226,0.0112,2.2207,194,6208,0,0,0,0,18909956,38606,46,147751.0,144.12
1,01700,札幌市北区,17698232,26,116.85,175.2,7.41,48.0,177949.1215,0.0101,1.9815,388,133860,0,388,0,1940,13579418,190896,89,147751.0,120.44
1,01700,釧路市,15290110,30,8.0,8.0,2.83,12.0,197601.5303,0.0129,3.3396,194,23086,0,0,0,194,15029374,66736,78,147751.0,133.74
1,01700,苫小牧市,14890470,47,114.8,200.0,2.12,12.0,221015.3043,0.0148,10.5879,388,50052,0,194,0,2910,8945728,144918,100,147751.0,149.59
1,01700,札幌市東区,13850436,27,26.87,128.1,5.06,38.0,172912.3965,0.0125,3.6468,4074,49082,776,0,0,2328,10932288,64796,73,147751.0,117.03
1,01700,北見市,13344484,46,,,2.39,12.0,173560.5606,0.013,1.5825,0,227950,0,388,0,2522,13079868,295462,41,147751.0,117.47
23,23801,春日井市,12894840,21,73.0,73.0,2.75,23.0,105093.2133,0.0082,2.4526,70,7490,0,70,0,0,12849130,35210,68,91832.0,114.44
27,27383,東大阪市,12195360,38,7.21,14.6,3.67,30.0,121255.0042,0.0099,2.2063,7416,29736,0,0,7128,0,130392,97560,178,10963.0,1106.04
1,01700,江別市,11070610,35,2.0,3.0,2.36,10.0,112824.7955,0.0102,2.4545,388,69258,0,0,776,776,7097296,83420,172,147751.0,76.36
1,01700,岩見沢市,10871760,27,,,2.48,10.0,109184.6057,0.01,2.3795,0,65184,0,0,0,0,6047368,50828,52,147751.0,73.9
11,11465,川口市,10567440,30,57.06,99.85,3.45,28.0,107347.8596,0.0102,2.8667,360,56232,0,72,0,0,9717624,39600,80,57789.0,185.76
11,11465,川越市,10408248,37,12.0,16.0,4.33,25.0,105618.6039,0.0101,2.3516,216,9864,0,72,0,360,7893288,49320,122,57789.0,182.77
1,01700,室蘭市,10382880,29,,,3.14,22.0,110945.7635,0.0107,23.2189,0,71586,0,0,582,0,10306444,140844,82,147751.0,75.09
13,13808,大田区,9595761,44,30.04,140.0,4.12,28.0,104959.9397,0.0109,9.9452,2070,80385,69,621,0,1380,2200548,104397,245,22553.0,465.39
20,20602,長野市,9585730,46,64.75,75.0,2.85,20.0,131734.5784,0.0137,2.9223,308,49665,0,77,77,231,248325,110341,887,97847.0,134.63
1,01700,小樽市,9435190,34,8.47,49.0,2.54,15.0,117450.8877,0.0124,5.4602,5820,23668,0,0,0,776,2724924,98552,125,147751.0,79.49
7,07564,郡山市,9062164,24,59.8,133.0,1.98,25.0,125998.7849,0.0139,3.5967,295,17346,0,59,0,0,1056100,24485,96,123184.0,102.29
7,07564,福島市,9006704,34,11.96,60.0,1.72,19.0,105126.2906,0.0117,4.1821,3127,37996,649,0,0,0,6678387,33689,85,123184.0,85.34
1,01700,札幌市西区,8815360,26,,,4.74,40.0,122383.1833,0.0139,2.8536,0,170332,0,2716,0,776,8238792,206610,62,147751.0,82.83
23,23801,稲沢市,8502900,20,,,3.81,8.0,72446.6607,0.0085,4.7448,0,2170,0,0,0,0,8540,3990,30,91832.0,78.89
1,01700,札幌市白石区,8493126,24,,,3.6,20.0,127983.151,0.0151,4.709,0,62856,0,0,194,970,7980384,80704,68,147751.0,86.62
7,07564,いわき市,8336051,35,25.0,60.0,1.93,14.0,116385.5464,0.014,7.0313,472,2655,59,0,0,236,3001212,50386,279,123184.0,94.48
1,01700,恵庭市,8318526,21,2.5,2.5,1.65,5.0,88890.3074,0.0107,2.1824,194,26384,0,0,0,0,6452052,24444,28,147751.0,60.16
1,01700,札幌市手稲区,7971266,20,7.56,7.56,3.63,10.0,89055.4563,0.0112,2.204,194,13192,0,0,0,0,7413322,39964,44,147751.0,60.27
1,01700,札幌市南区,7927810,26,,,3.74,12.0,95546.8401,0.0121,3.7162,0,46560,0,0,0,388,4014248,59752,58,147751.0,64.67
1,01700,札幌市豊平区,7814514,34,,,3.33,15.0,105382.6645,0.0135,4.4417,0,172466,0,0,194,2910,7011936,81286,66,147751.0,71.32
27,27383,高槻市,7444800,34,14.06,88.0,3.16,26.0,77996.907,0.0105,2.265,576,86688,0,360,0,0,84240,46224,462,10963.0,711.46
13,13808,杉並区,7312689,38,13.54,77.61,2.53,19.0,65107.8835,0.0089,0.8881,1311,657363,0,345,0,2829,6066549,169188,192,22553.0,288.69
1,01700,札幌市清田区,7202250,20,,,2.83,15.0,82731.3995,0.0115,3.3874,0,31428,0,194,0,970,6680002,39770,64,147751.0,55.99
1,01700,千歳市,7097296,21,,,2.97,11.0,118392.9453,0.0167,7.0909,0,33174,0,0,0,388,96224,28130,94,147751.0,80.13
14,14402,藤沢市,7013128,37,28.01,100.0,5.14,29.0,78551.9667,0.0112,9.3058,2088,48952,0,58,0,116,257230,41354,198,25393.0,309.34
13,13808,世田谷区,6842661,48,25.44,137.0,2.82,42.0,85838.4078,0.0125,1.7038,5037,165876,207,414,552,897,1201911,75003,402,22553.0,380.61
1,01700,音更町,6714534,16,,,2.0,3.0,73502.5753,0.0109,4.176,0,776,0,0,0,0,5164474,7760,28,147751.0,49.75
20,20602,佐久市,6699462,28,4.58,70.0,3.34,10.0,74230.6012,0.0111,1.8742,6681059,50281,0,231,6681059,0,1540,25872,25,97847.0,75.86
40,40801,久留米市,6652709,37,37.96,91.3,4.37,35.0,108420.632,0.0163,3.9566,365,4599,73,511,219,73,249514,23287,661,48244.0,224.73
13,13808,町田市,6579219,30,80.87,119.98,3.6,34.0,71217.2813,0.0108,2.4606,276,134136,0,345,0,69,2217453,120681,255,22553.0,315.78
22,22461,静岡市清水区,6504051,22,106.35,106.35,2.88,27.0,60978.6724,0.0094,17.0806,43,1075,0,0,0,43,33411,7009,69,107405.0,56.77
13,13808,練馬区,6373530,48,37.36,150.0,3.28,28.0,65027.4952,0.0102,3.0689,2001,113298,0,552,0,12972,434700,78591,139,22553.0,288.33
1,01700,石狩市,6294718,20,,,2.2,4.0,88944.9357,0.0141,7.2605,0,970,0,0,0,194,4663760,16878,50,147751.0,60.2
28,28586,加古川市,6207663,50,5.98,19.0,2.39,15.0,65598.269,0.0106,25.5957,13524,14504,0,0,13230,98,59045,32781,87,69755.0,94.04
1,01700,北斗市,6118954,19,,,1.75,3.0,85114.4117,0.0139,2.825,0,776,0,0,0,0,6043488,7566,30,147751.0,57.61
1,01700,札幌市中央区,5912538,37,78.36,147.2,5.05,40.0,117115.3085,0.0198,6.9962,4656,835752,0,2522,388,16490,2465352,394596,145,147751.0,79.27
23,23801,名古屋市緑区,5895260,33,7.38,63.9,1.84,18.0,60930.2126,0.0103,3.872,4733050,3853500,0,0,4733120,70,4698330,38290,38,91832.0,66.35
23,23801,小牧市,5567870,11,6.29,12.0,1.79,5.0,73181.3538,0.0131,3.6831,490,3290,0,0,0,0,5455100,9590,50,91832.0,79.69
23,23801,名古屋市中川区,5477920,22,,,3.37,14.0,53961.3276,0.0099,1.6293,0,18270,0,0,0,0,1818950,20020,51,91832.0,58.76
1,01700,札幌市厚別区,5375546,28,99.26,100.0,3.71,31.0,73807.1883,0.0137,3.6489,388,108834,0,0,0,9700,4692666,82838,65,147751.0,49.95
20,20602,茅野市,5264721,23,7.71,53.5,1.65,12.0,54712.9679,0.0104,2.1286,5258561,3112417,0,5239157,5259177,815969,5177634,13090,38,97847.0,55.92
2,02450,青森市,5248560,35,15.67,39.0,5.25,17.0,58783.4267,0.0112,2.9982,120,2120,0,0,0,0,4009120,38840,87,86420.0,68.02
27,27383,寝屋川市,5096016,29,,,4.39,14.0,44599.1404,0.0088,3.1411,0,5184,0,0,0,72,75384,20304,75,10963.0,406.82
22,22461,静岡市葵区,4970370,22,95.53,160.0,5.31,27.0,44570.6222,0.009,2.3976,430,2236,0,86,0,43,58910,12599,85,107405.0,41.5
1,01700,稚内市,4772982,25,6.93,13.6,3.22,12.0,54856.7873,0.0115,1.3728,582,35308,0,0,0,0,3932186,77018,57,147751.0,37.13
1,01700,滝川市,4684906,17,,,3.0,13.0,48145.1577,0.0103,1.5527,0,2910,0,0,0,0,3759526,8536,22,147751.0,32.59
2,02450,八戸市,4589560,27,35.34,80.0,2.74,15.0,57696.1269,0.0126,2.1791,400,43200,0,0,0,40,85680,25760,81,86420.0,66.76
1,01700,登別市,4577236,22,22.5,22.5,2.97,11.0,50643.2121,0.0111,4.6493,194,22310,0,0,194,0,4151794,42874,37,147751.0,34.28
27,27383,富田林市,4549608,15,,,5.92,30.0,39012.0283,0.0086,0.8185,0,864,0,0,0,0,12024,18072,81,10963.0,355.85
28,28586,西宮市,4549062,50,6.81,61.9,2.85,26.0,53458.111,0.0118,4.5283,54439,400477,0,343,0,1960,145089,143129,101,69755.0,76.64
1,01700,伊達市,4515738,20,,,1.37,2.0,61176.8749,0.0135,2.0196,0,10088,0,0,0,388,4366746,28518,36,147751.0,41.41
23,23801,名古屋市守山区,4387250,28,7.23,50.6,1.82,15.0,45037.9873,0.0103,2.3134,3985940,3164350,0,0,3986010,210,4304370,14210,27,91832.0,49.04
1,01700,幕別町,4377804,11,,,1.0,1.0,52899.2899,0.0121,1.3111,0,388,0,0,0,0,4276536,2910,19,147751.0,35.8
13,13808,北区,4329612,40,26.44,146.0,2.75,39.0,39722.2532,0.0092,1.9271,7659,1429818,69,207,0,1725,1990098,84111,170,22553.0,176.13
22,22461,富士市,4328466,22,22.5,35.0,1.99,14.0,67296.929,0.0155,43.5616,86,3053,0,0,0,43,12169,5977,59,107405.0,62.66
7,07564,会津若松市,4296085,27,11.16,50.0,2.32,15.0,53764.549,0.0125,3.5938,2950,33099,295,0,0,177,3967219,60888,80,123184.0,43.65
1,01700,北広島市,4270716,25,5.0,5.0,4.75,15.0,68327.5244,0.016,3.3126,194,18042,0,0,0,194,2089380,48694,43,147751.0,46.25
1,01700,七飯町,4062360,12,,,1.0,1.0,54590.9243,0.0134,2.27,0,388,0,0,0,0,3917830,7178,30,147751.0,36.95
23,23801,名古屋市港区,3967320,24,8.28,152.4,1.51,18.0,62023.8562,0.0156,5.624,131040,76230,0,0,130970,0,633150,6790,43,91832.0,67.54
13,13808,品川区,3899949,33,71.99,152.0,6.45,47.0,44751.566,0.0115,3.6418,7590,119301,0,483,276,276,710217,80247,215,22553.0,198.43
1,01700,網走市,3895908,27,,,1.97,10.0,63187.5142,0.0162,2.1683,0,6208,0,0,0,0,1800514,54514,31,147751.0,42.77
1,01700,白老町,3882522,18,13.0,13.0,1.41,2.0,49336.7517,0.0127,3.046,194,18818,0,0,0,194,42098,12804,30,147751.0,33.39
14,14402,横浜市港北区,3879156,33,25.89,99.9,4.82,42.0,44303.6783,0.0114,2.9663,1218,77662,464,0,0,116,3122024,26216,156,25393.0,174.47
1,01700,名寄市,3866226,14,,,4.0,4.0,43693.0348,0.0113,2.205,0,194,0,0,0,0,3243874,8342,33,147751.0,29.57
22,22461,静岡市駿河区,3847554,26,73.95,110.39,3.59,26.0,38784.7294,0.0101,2.6554,129,2494,0,0,0,86,17759,12040,57,107405.0,36.11
33,33681,倉敷市,3824625,42,15.5,30.0,2.37,11.0,55413.2962,0.0145,29.6832,124,2108,0,0,62,31,596533,68727,400,82853.0,66.88
1,01700,士別市,3822770,21,,,1.83,2.0,45794.6781,0.012,1.4824,0,1164,0,0,0,0,2486692,22504,33,147751.0,30.99
23,23801,愛西市,3769150,15,,,2.0,2.0,40746.1278,0.0108,1.7372,0,70,0,0,0,0,524720,1050,15,91832.0,44.37
23,23801,あま市,3626770,9,,,2.17,4.0,32071.426,0.0088,0.9513,0,1260,0,0,0,0,120330,1540,10,91832.0,34.92
14,14402,横浜市青葉区,3620824,36,13.16,19.98,4.05,12.0,40518.4289,0.0112,3.0115,174,21228,0,348,0,696,1945146,43906,82,25393.0,159.57
14,14402,横浜市旭区,3613864,33,99.3,99.3,3.46,29.0,34588.6669,0.0096,0.9937,58,30450,0,58,0,0,1370308,62234,60,25393.0,136.21
22,22461,沼津市,3574375,22,,,1.82,15.0,41104.4535,0.0115,4.9205,0,31433,0,0,0,0,1220727,13545,99,107405.0,38.27
13,13808,目黒区,3569646,31,14.54,80.0,4.41,40.0,38173.5364,0.0107,1.1622,1242,17250,0,69,0,138,262131,56511,186,22553.0,169.26
1,01700,芽室町,3545350,9,,,,,51481.3906,0.0145,2.3286,0,0,0,0,0,0,3488314,3492,17,147751.0,34.84
23,23801,名古屋市西区,3532410,35,7.58,180.0,1.97,40.0,35650.0176,0.0101,3.5019,2240140,1785840,0,70,2239720,0,2304190,18270,66,91832.0,38.82
5,05464,秋田市,3529800,42,28.97,130.0,2.79,58.0,46243.9958,0.0131,3.3116,925,92975,0,325,225,750,25525,148875,85,120959.0,38.23
23,23801,名古屋市中村区,3526040,24,108.13,237.0,5.29,53.0,33403.3228,0.0095,8.6557,1540,40880,0,210,0,140,2208360,34370,84,91832.0,36.37
27,27383,茨木市,3487608,36,15.0,15.0,3.7,15.0,54136.6356,0.0155,4.3358,72,14400,0,72,0,72,179280,40248,354,10963.0,493.81
1,01700,別海町,3484240,13,,,1.75,2.0,74582.1529,0.0214,1.7601,0,776,0,0,0,388,1239078,6984,25,147751.0,50.48
1,01700,根室市,3465034,27,14.0,14.0,1.89,4.0,46704.1403,0.0135,0.6787,194,1746,0,194,0,194,3325354,19400,37,147751.0,31.61
34,34545,呉市,3456510,34,27.0,27.0,4.26,15.0,39687.1609,0.0115,5.7985,30,6840,0,60,30,30,175830,13320,555,124649.0,31.84
14,14402,鎌倉市,3453610,36,8.11,20.0,2.33,7.0,36613.2055,0.0106,1.869,522,9222,0,58,58,522,3002080,42804,128,25393.0,144.19
23,23801,名古屋市南区,3446170,25,7.79,57.8,1.97,15.0,37762.1596,0.011,2.2991,3234000,2680510,0,0,3234000,0,3202220,7770,19,91832.0,41.12
4,04606,石巻市,3424668,28,4.5,9.0,1.93,11.0,45056.0853,0.0132,4.1255,156,26364,0,0,0,156,1190553,23283,222,80500.0,55.97
42,42411,長崎市,3362268,33,21.88,97.2,4.8,26.0,36042.1547,0.0107,5.1709,1197,7056,21,0,0,147,2638965,21105,96,70742.0,50.95
23,23801,名古屋市北区,3351740,28,8.18,177.8,2.17,45.0,32756.7365,0.0098,1.4974,1717520,1347780,0,0,1717660,0,2927260,20020,42,91832.0,35.67
1,01700,富良野市,3339516,16,,,3.5,5.0,44116.5485,0.0132,0.8628,0,388,0,0,0,0,2252340,29682,33,147751.0,29.86
1,01700,新ひだか町,3339322,42,,,1.46,10.0,47958.0827,0.0144,5.9349,0,533694,0,2134,0,1358,3075288,61498,28,147751.0,32.46
40,40801,大牟田市,3280839,12,,,,,49847.0141,0.0152,4.3149,0,0,0,0,0,0,13505,4307,156,48244.0,103.32
29,29453,奈良市,3276195,43,26.44,50.0,3.12,10.0,41365.5281,0.0126,2.4758,156,28158,0,0,39,585,876174,98748,329,67238.0,61.52
27,27383,守口市,3273984,21,90.55,97.05,6.22,40.0,27147.5348,0.0083,3.5811,144,9000,0,0,0,0,31248,9576,51,10963.0,247.63
27,27383,大阪市平野区,3251232,29,7.4,121.6,2.39,20.0,35372.4111,0.0109,1.2323,3124296,2545416,0,0,3123000,0,3118464,26208,44,10963.0,322.65
27,27383,松原市,3237696,24,5.77,17.3,2.0,7.0,28831.6031,0.0089,2.2825,5400,6840,0,0,5400,72,59256,7272,84,10963.0,262.99
22,22461,浜松市中区,3194857,44,80.11,122.33,2.86,32.0,40711.562,0.0127,2.7324,129,90171,0,43,0,129,274899,89139,106,107405.0,37.9
14,14402,茅ヶ崎市,3188840,31,3.78,3.78,2.67,14.0,32045.3272,0.01,2.4208,58,15080,0,0,0,58,26564,16762,91,25393.0,126.2
28,28586,尼崎市,3176621,41,5.7,40.0,3.32,29.0,49164.6358,0.0155,6.3544,980,133917,0,1225,49,931,341040,115052,136,69755.0,70.48
43,43531,八代市,3175984,21,,,3.19,14.0,56960.3196,0.0179,4.3218,0,1323,0,0,0,0,299194,4214,574,68382.0,83.3
13,13808,中野区,3172965,36,14.08,146.84,3.32,37.0,29399.5068,0.0093,0.6548,56235,188439,1104,3312,0,12144,1775853,50370,120,22553.0,130.36
4,04606,仙台市青葉区,3166293,40,33.58,108.0,3.56,31.0,43184.0448,0.0136,3.3185,2340,287859,0,507,0,1014,249405,332397,240,80500.0,53.64
14,14402,横浜市鶴見区,3142092,29,13.95,34.0,3.53,11.0,44594.9422,0.0142,15.451,9686,18096,0,0,0,0,2698798,8294,103,25393.0,175.62
28,28586,三木市,3124583,32,5.87,52.7,1.62,8.0,34374.4174,0.011,4.1006,2689659,1580103,0,1078,2689659,370048,2659328,9163,24,69755.0,49.28
14,14402,相模原市南区,3121792,28,28.0,65.0,3.79,32.0,35658.4153,0.0114,6.7723,290,19546,0,0,0,812,38222,28652,164,25393.0,140.43
27,27383,八尾市,3121488,25,7.1,38.1,3.21,41.0,37186.8137,0.0119,3.0985,8568,9648,0,72,8568,72,64368,19296,83,10963.0,339.2
1,01700,芦別市,3110208,8,,,1.0,1.0,28989.2691,0.0093,3.2029,0,194,0,0,0,194,33756,11058,18,147751.0,19.62
1,01700,日高町,3100508,23,,,1.5,3.0,47447.8051,0.0153,1.5235,0,8924,0,0,776,194,1996454,15326,32,147751.0,32.11
22,22461,磐田市,3099311,13,5.29,6.0,2.41,10.0,47827.4758,0.0154,14.8183,301,1161,0,0,0,43,6278,7826,46,107405.0,44.53
23,23801,半田市,3076640,28,28.5,50.0,1.86,3.0,48930.6368,0.0159,8.9936,140,980,0,0,0,0,56980,52500,48,91832.0,53.28
4,04606,大崎市,3065868,20,,,2.35,14.0,49118.6057,0.016,4.3131,0,3705,0,0,0,78,1482,6045,59,80500.0,61.02
23,23801,清須市,3065860,20,7.91,28.3,2.49,14.0,27401.4831,0.0089,3.2092,3010,6580,0,0,3010,0,19950,4480,26,91832.0,29.84
1,01700,余市町,3054142,14,,,1.0,1.0,34428.7862,0.0113,1.416,0,194,0,0,0,0,62274,13192,32,147751.0,23.3
22,22461,浜松市西区,3050721,39,13.79,50.0,1.78,14.0,39654.3942,0.013,2.0265,301,117820,0,43,860,129,422131,64328,28,107405.0,36.92
23,23801,名古屋市天白区,3042900,28,7.94,74.2,2.02,16.0,33182.299,0.0109,0.5638,2984590,2416960,0,0,2984730,0,2952670,20650,16,91832.0,36.13
14,14402,大和市,3012288,38,15.0,15.0,2.19,15.0,32927.2324,0.0109,2.4797,58,440104,0,638,0,58,134676,79286,318,25393.0,129.67
27,27383,枚方市,3011976,35,25.33,115.95,3.12,15.0,34009.7608,0.0113,2.6154,432,42408,0,144,72,0,289368,55584,230,10963.0,310.22
11,11465,坂戸市,3000816,22,,,1.81,4.0,31169.8439,0.0104,4.6763,0,1152,0,0,0,0,2024136,12384,36,57789.0,53.94
12,12801,君津市,2979300,31,,,1.67,14.0,43364.4952,0.0146,17.6701,0,83520,0,60,0,180,233820,55080,263,36816.0,117.79
26,26465,京都市伏見区,2963988,49,29.17,65.0,3.33,17.0,28378.2083,0.0096,9.1027,108,50436,0,216,0,936,309384,80100,132,61640.0,46.04
28,28586,姫路市,2960580,46,15.6,64.11,3.02,15.0,51119.5385,0.0173,9.565,3528,23765,294,0,0,833,1240337,51156,150,69755.0,73.28
23,23801,刈谷市,2933420,21,55.25,95.1,4.55,28.0,44899.8149,0.0153,6.5496,420,24290,0,0,0,0,1680,139650,56,91832.0,48.89
13,13808,東村山市,2912835,20,7.62,96.36,2.03,25.0,26640.824,0.0091,1.2289,2901105,2476962,0,2475237,2901105,0,5589,15249,38,22553.0,118.13
1,01700,遠軽町,2895062,17,,,1.73,3.0,41794.1271,0.0144,0.7245,0,2134,0,0,0,0,2887690,12804,21,147751.0,28.29
13,13808,新宿区,2888340,42,32.18,234.0,6.3,60.0,39996.7226,0.0138,1.3335,34017,134688,138,9177,1587,6900,1829121,135792,281,22553.0,177.35
12,12801,南房総市,2883780,24,,,1.18,14.0,33402.5653,0.0116,0.634,0,26100,0,0,0,0,32640,13500,363,36816.0,90.73
27,27383,池田市,2875608,30,6.77,51.5,2.98,7.0,25232.2466,0.0088,1.514,2768616,3384,0,72,2769048,904248,2507328,15336,28,10963.0,230.16
6,06461,山形市,2875390,24,40.27,61.0,5.25,20.0,48475.9496,0.0169,3.0611,105,420,0,0,0,70,4760,48790,84,131439.0,36.88
46,46802,鹿児島市,2858940,32,79.32,99.98,1.52,24.0,49524.9921,0.0173,3.6009,180,25560,0,0,0,45,314190,93375,100,68292.0,72.52
27,27383,大阪市生野区,2849904,35,7.15,44.6,2.19,15.0,24964.2068,0.0088,1.6216,1638936,1375128,0,0,1638504,144,2031984,238896,69,10963.0,227.71
23,23801,名古屋市名東区,2839550,24,8.02,84.2,2.05,23.0,32226.1536,0.0113,1.3783,2792510,2280950,0,0,2792440,0,2778860,13230,20,91832.0,35.09
22,22461,掛川市,2810609,30,5.84,20.0,2.17,13.0,45033.121,0.016,4.6681,1032,72928,559,0,6106,0,18232,66349,80,107405.0,41.93
27,27383,門真市,2800512,19,40.0,40.0,3.99,15.0,28320.6102,0.0101,3.6061,72,8568,0,0,0,0,33408,10296,46,10963.0,258.33
14,14402,横浜市神奈川区,2796064,33,98.25,178.0,4.95,43.0,30522.4828,0.0109,6.6417,986,11600,0,0,58,0,2583610,24708,96,25393.0,120.2
20,20602,千曲市,2781163,32,,,2.18,13.0,35924.3841,0.0129,1.8393,0,26565,0,0,0,77,74690,89628,40,97847.0,36.71
8,08564,鉾田市,2764212,21,5.94,34.3,1.03,6.0,29039.6166,0.0105,1.2015,2761176,136664,0,0,2761176,11924,2655312,3608,10,37199.0,78.07
26,26465,京都市右京区,2758788,32,6.64,36.0,2.64,11.0,18988.1637,0.0069,3.5078,252,9324,0,0,0,576,180684,20808,140,61640.0,30.8
23,23801,名古屋市千種区,2737910,35,9.18,155.4,2.3,42.0,32684.6689,0.0119,0.8717,2372790,1952510,0,0,2372720,0,2379440,41720,46,91832.0,35.59
14,14402,横浜市保土ケ谷区,2737020,30,60.5,110.0,3.29,11.0,27019.7147,0.0099,0.9846,116,13456,0,58,58,58,2583900,36830,62,25393.0,106.41
1,01700,当別町,2720462,18,,,1.46,2.0,28745.4421,0.0106,1.9543,0,4656,0,0,0,194,187598,9700,37,147751.0,19.46
1,01700,紋別市,2710568,11,,,2.0,2.0,46480.2286,0.0171,0.9316,0,194,0,0,0,0,2651980,22116,23,147751.0,31.46
1,01700,美唄市,2696212,16,,,1.17,2.0,33800.161,0.0125,1.1136,0,1164,0,0,0,0,2274262,16490,32,147751.0,22.88
27,27383,大阪市東住吉区,2695464,30,7.41,52.9,2.34,15.0,24437.2795,0.0091,5.6933,1662696,1422072,0,0,1662336,216,1670472,31176,62,10963.0,222.91
1,01700,長沼町,2687482,8,,,1.57,3.0,34117.4982,0.0127,1.1203,0,2716,0,0,0,0,2134,8148,23,147751.0,23.09
27,27383,大東市,2664000,26,,,3.8,14.0,27267.6741,0.0102,2.3968,0,11016,0,0,0,0,43488,11664,43,10963.0,248.72
4,04606,仙台市泉区,2650986,31,1.0,1.0,2.51,16.0,34084.2559,0.0129,2.4781,39,27144,0,0,0,78,95823,134706,159,80500.0,42.34
20,20602,岡谷市,2629473,19,5.88,44.2,3.09,7.0,30400.3186,0.0116,2.0695,2625854,105875,0,0,2625700,77,403557,5775,22,97847.0,31.07
15,15586,佐渡市,2616381,35,,,5.0,5.0,29040.3764,0.0111,1.7599,0,37,0,0,0,0,2563138,20720,39,117053.0,24.81
4,04606,仙台市太白区,2615652,30,46.38,113.0,2.42,31.0,32107.9065,0.0123,2.8196,390,130845,0,0,0,351,90831,192231,315,80500.0,39.89
14,14402,川崎市川崎区,2585872,36,42.61,108.0,4.7,29.0,46759.1406,0.0181,10.7288,1160,14616,58,0,116,348,2122684,26100,111,25393.0,184.14
13,13808,江東区,2576253,39,61.89,180.5,6.46,48.0,54159.6889,0.021,6.6866,6762,88389,414,276,0,5865,374808,73485,254,22553.0,240.14
12,12801,館山市,2573100,33,14.8,14.8,1.29,4.0,29893.8656,0.0116,2.8578,60,34140,0,60,0,240,43200,23640,411,36816.0,81.2
1,01700,深川市,2564486,11,,,,,30673.0936,0.012,0.9776,0,0,0,0,0,0,2367188,2910,25,147751.0,20.76
22,22461,富士宮市,2561940,22,,,1.35,3.0,37425.0476,0.0146,4.1688,0,860,0,0,86,43,33411,7310,52,107405.0,34.84
11,11465,上尾市,2537856,26,4.0,4.0,2.89,22.0,28686.4258,0.0113,7.9092,72,36648,0,0,0,0,68400,32760,47,57789.0,49.64
1,01700,森町,2536938,17,,,2.1,4.0,41450.285,0.0163,1.5958,0,1940,0,0,0,0,154618,70228,33,147751.0,28.05
1,01700,栗山町,2535968,17,,,2.0,3.0,31633.6833,0.0125,1.1629,0,1358,0,0,0,0,0,14550,19,147751.0,21.41
23,23801,津島市,2533090,18,,,3.13,7.0,26113.0022,0.0103,1.8162,0,1050,0,0,0,0,84700,2310,12,91832.0,28.44
13,13808,文京区,2501526,46,70.62,155.0,5.02,43.0,28589.1558,0.0114,3.8687,1449,135033,0,1311,0,1794,1656138,115161,206,22553.0,126.76
1,01700,美幌町,2496974,21,,,1.33,3.0,28202.9964,0.0113,0.9514,0,6402,0,0,0,194,2449250,15714,16,147751.0,19.09
14,14402,横須賀市,2491854,32,26.68,143.6,2.64,38.0,39046.7413,0.0157,8.0053,2436,33814,0,0,58,58,2013934,32770,128,25393.0,153.77
1,01700,八雲町,2481648,16,11.0,11.0,1.0,1.0,31991.4718,0.0129,0.689,194,388,0,0,0,194,1485264,14162,29,147751.0,21.65
7,07564,喜多方市,2478295,16,20.0,20.0,,,31963.8449,0.0129,4.6916,59,0,0,0,0,0,387807,12744,30,123184.0,25.95
40,40801,朝倉市,2476963,15,3.24,5.3,1.25,3.0,46373.9481,0.0187,5.0766,730,584,0,730,730,219,340618,3869,239,48244.0,96.12
14,14402,相模原市中央区,2474628,29,23.67,35.0,3.25,28.0,34952.6576,0.0141,6.2321,348,29290,0,58,0,0,33234,40136,451,25393.0,137.65
13,13808,台東区,2465646,39,41.78,129.16,4.11,39.0,23274.1481,0.0094,0.6662,2346,225561,0,207,69,1587,1576167,169947,207,22553.0,103.2
14,14402,小田原市,2462738,29,10.61,38.5,2.54,17.0,29385.0166,0.0119,2.8144,3654,49474,1740,0,638,116,115536,45646,493,25393.0,115.72
23,23801,豊川市,2462460,38,10.0,10.0,1.25,15.0,57383.8642,0.0233,4.9399,70,745780,0,210,70,1120,1142400,174720,80,91832.0,62.49
14,14402,横浜市泉区,2462448,19,,,3.28,7.0,24087.8312,0.0098,2.1463,0,18328,0,0,0,0,36888,30856,64,25393.0,94.86
12,12801,富津市,2459940,23,38.9,56.0,1.37,3.0,28416.4343,0.0116,4.0648,120,10620,0,0,0,0,19140,9360,335,36816.0,77.19
26,26465,京都市左京区,2416500,41,6.32,11.0,2.56,9.0,19930.5387,0.0082,1.6274,1404,17532,0,36,36,828,425556,46980,223,61640.0,32.33
14,14402,相模原市緑区,2398590,29,88.28,115.0,5.14,33.0,28455.6405,0.0119,4.5636,522,9686,0,58,0,0,19894,18096,313,25393.0,112.06
23,23801,名古屋市瑞穂区,2397570,28,8.23,86.9,2.1,20.0,25272.9449,0.0105,1.6267,2270730,1842470,0,0,2270730,0,2292080,9660,22,91832.0,27.52
8,08564,つくば市,2384756,44,23.15,88.0,2.3,25.0,36662.6318,0.0154,5.7483,704,111232,0,0,0,176,232364,60544,177,37199.0,98.56
14,14402,川崎市麻生区,2369184,29,6.81,7.0,2.39,14.0,23941.5372,0.0101,1.267,928,40600,0,58,0,1566,1466530,16066,79,25393.0,94.28
13,13808,青梅市,2362008,35,3.91,25.0,1.74,17.0,24445.9676,0.0103,2.3533,47334,531024,345,966,0,22977,75693,63411,61,22553.0,108.39
1,01700,砂川市,2361562,18,,,2.0,2.0,27474.8209,0.0116,1.0068,0,194,0,0,0,0,1604380,16684,28,147751.0,18.6
40,40801,筑後市,2360820,12,5.66,65.0,1.88,15.0,34705.8453,0.0147,3.6363,9563,18688,2190,0,0,0,2774,10512,56,48244.0,71.94
27,27383,大阪市住吉区,2357784,30,7.18,59.99,2.35,20.0,22763.5196,0.0097,0.7878,951840,771840,0,0,951696,72,1095336,43128,187,10963.0,207.64
47,47801,那覇市,2353596,38,41.74,104.8,4.37,30.0,38849.9215,0.0165,3.2677,1764,175728,210,336,126,210,183036,46746,117,33440.0,116.18
22,22461,焼津市,2344489,16,,,3.0,11.0,34693.5786,0.0148,5.8226,0,559,0,0,0,0,602,5504,30,107405.0,32.3
7,07564,二本松市,2336695,13,,,2.0,3.0,30661.3748,0.0131,1.8257,0,118,0,0,0,0,36816,4189,40,123184.0,24.89
14,14402,海老名市,2333050,32,24.02,108.0,2.22,25.0,27996.6619,0.012,3.8032,1160,237684,116,696,522,1450,389876,80852,64,25393.0,110.25
22,22461,藤枝市,2315421,16,,,4.0,4.0,30000.327,0.013,4.7526,0,43,0,0,0,0,2107,3741,37,107405.0,27.93
1,01700,留萌市,2311898,11,,,,,29232.068,0.0126,1.0772,0,0,0,0,0,0,2304138,4850,18,147751.0,19.78
26,26465,宇治市,2297880,35,26.0,26.0,3.43,15.0,22314.7352,0.0097,5.2343,36,5328,0,0,36,216,243144,18864,97,61640.0,36.2
43,43531,玉名市,2293739,26,5.88,48.9,1.37,4.0,27210.5798,0.0119,5.6422,2173885,100695,0,0,2173885,61887,2141692,16268,20,68382.0,39.79
1,01700,釧路町,2276008,8,,,1.11,2.0,27654.7788,0.0122,2.6315,0,1746,0,0,0,0,2246520,6790,23,147751.0,18.72
1,01700,むかわ町,2269412,15,,,1.57,3.0,38235.3479,0.0168,1.1512,0,2716,0,0,0,0,67706,14162,100,147751.0,25.88
27,27383,河内長野市,2268072,31,,,3.95,16.0,21839.2335,0.0096,1.3428,0,8064,0,0,0,360,1574352,31752,56,10963.0,199.21
27,27383,大阪市東淀川区,2251368,40,27.12,111.0,2.76,51.0,23394.7546,0.0104,0.9275,4536,1183824,0,144,0,72,656856,112680,63,10963.0,213.4
1,01700,浦河町,2206168,19,,,1.91,4.0,32294.3338,0.0146,1.5782,0,8924,0,0,0,0,1195622,13968,21,147751.0,21.86
14,14402,川崎市多摩区,2203768,35,17.33,48.5,3.1,23.0,23242.4122,0.0105,1.0144,7598,29580,0,0,58,0,1965678,20590,104,25393.0,91.53
1,01700,中標津町,2202870,23,,,2.27,5.0,31618.4124,0.0144,2.3935,0,2134,0,0,0,194,2136328,41904,17,147751.0,21.4
11,11465,春日部市,2200104,26,,,2.72,8.0,23954.237,0.0109,2.9349,0,6912,0,72,0,144,28512,10656,71,57789.0,41.45
22,22461,三島市,2187711,28,5.18,11.5,1.27,20.0,21666.8219,0.0099,3.7185,473,312137,0,0,301,0,980314,4300,45,107405.0,20.17
14,14402,座間市,2173956,23,59.98,59.98,2.5,20.0,22688.4134,0.0104,8.4443,58,21460,0,58,0,0,12586,12122,75,25393.0,89.35
28,28586,高砂市,2172660,23,9.0,30.0,5.31,15.0,23200.1848,0.0107,9.3924,196,2499,0,0,0,49,48461,8869,48,69755.0,33.26
14,14402,川崎市宮前区,2144434,25,9.0,9.0,3.31,7.0,23551.1571,0.011,1.2706,58,1508,0,0,0,0,1945552,7424,56,25393.0,92.75
14,14402,横浜市都筑区,2139736,31,17.0,20.0,3.64,14.0,30055.2986,0.014,2.8918,116,14094,0,116,0,0,310068,26332,99,25393.0,118.36
13,13808,八王子市,2135826,43,15.8,123.0,3.74,26.0,45189.9305,0.0212,2.9528,40365,74934,8211,207,1104,69,206310,156906,293,22553.0,200.37
27,27383,大阪市淀川区,2117736,29,18.35,144.0,4.19,39.0,26650.2214,0.0126,3.1332,12384,193464,144,216,144,576,1862784,66744,108,10963.0,243.09
23,23801,弥富市,2100350,17,,,3.35,11.0,31992.5948,0.0152,8.5509,0,1400,0,0,0,0,199850,2660,13,91832.0,34.84
20,20602,中野市,2096864,22,,,1.58,4.0,34356.4001,0.0164,1.4913,0,31878,0,0,0,0,385,31185,90,97847.0,35.11
31,31403,鳥取市,2085022,37,10.0,10.0,1.93,15.0,22931.6935,0.011,1.5402,19,36537,0,0,0,38,1682336,11856,144,76531.0,29.96
23,23801,名古屋市昭和区,2076550,32,8.66,101.2,2.2,16.0,24222.5124,0.0117,0.8709,1569400,1290310,0,0,1568770,0,2035250,19530,52,91832.0,26.38
12,12801,松戸市,2073420,45,24.19,84.89,3.1,26.0,33111.2095,0.016,2.0498,600,140760,0,120,120,240,585900,98820,134,36816.0,89.94
23,23801,岡崎市,2067030,33,6.46,9.0,3.32,20.0,42382.7655,0.0205,6.8464,140,22470,0,0,0,0,41650,55370,97,91832.0,46.15
13,13808,調布市,2057304,35,17.05,118.0,3.42,19.0,27975.0997,0.0136,1.4769,14421,45195,0,345,138,1242,121440,29601,359,22553.0,124.04
4,04606,登米市,2055651,24,,,1.38,3.0,39623.5324,0.0193,2.6855,0,1638,0,0,0,0,14469,14157,83,80500.0,49.22
14,14402,川崎市中原区,2054650,36,54.49,203.5,4.85,59.0,23987.262,0.0117,3.7166,3886,19720,0,116,58,58,1411952,20590,100,25393.0,94.46
1,01700,せたな町,2038358,6,10.0,10.0,2.33,3.0,25558.4186,0.0125,0.537,388,582,0,0,0,388,388,17072,17,147751.0,17.3
27,27383,吹田市,2037816,37,28.93,75.0,3.94,20.0,41634.2233,0.0204,4.1899,1008,124128,0,288,0,216,190944,137808,229,10963.0,379.77
11,11465,日高市,2030616,20,,,1.5,2.0,24067.6795,0.0119,3.1419,0,288,0,0,0,0,1955376,8640,25,57789.0,41.65
41,41441,佐賀市,2024340,42,4.12,58.9,2.02,15.0,29851.3703,0.0147,4.9955,1200,23320,200,180,0,140,107900,16260,90,48760.0,61.22
11,11465,さいたま市大宮区,2016792,36,74.97,92.43,2.9,28.0,24306.387,0.0121,2.2273,576,498240,0,0,72,144,528336,169632,64,57789.0,42.06
29,29453,生駒市,2012595,31,13.08,30.0,3.26,11.0,18976.6967,0.0094,1.8222,1443,9672,0,0,0,0,1640964,30693,76,67238.0,28.22
5,05464,大館市,2010875,29,59.12,59.12,3.29,11.0,21962.1342,0.0109,2.3215,25,2650,0,0,0,0,1650,29275,28,120959.0,18.16
1,01700,厚岸町,1989276,10,,,2.0,2.0,24822.5165,0.0125,0.5274,0,388,0,0,0,0,188762,11834,27,147751.0,16.8
27,27383,柏原市,1988064,14,,,3.11,9.0,19901.7704,0.01,1.9243,0,648,0,0,0,0,9360,3960,27,10963.0,181.54
14,14402,横浜市緑区,1982730,30,11.67,35.0,4.45,21.0,21996.0105,0.0111,2.1384,174,18038,0,0,0,0,417774,47676,74,25393.0,86.62
14,14402,横浜市南区,1982672,24,,,2.44,11.0,17304.6656,0.0087,1.1987,0,6902,0,0,0,0,1918582,6960,46,25393.0,68.15
1,01700,湧別町,1981322,12,,,1.0,1.0,37771.7967,0.0191,1.04,0,1358,0,0,0,0,1971040,7566,10,147751.0,25.56
13,13808,渋谷区,1977885,42,63.15,229.71,6.28,47.0,31166.2278,0.0158,1.5888,6348,93219,0,1587,345,2622,1556847,132825,318,22553.0,138.19
27,27383,大阪市城東区,1968552,28,6.17,59.82,2.61,25.0,22308.0092,0.0113,1.4424,138456,83304,0,0,138312,0,1525968,11592,54,10963.0,203.48
1,01700,平取町,1968518,19,,,1.38,3.0,38161.157,0.0194,0.571,0,5626,0,0,0,0,551542,7372,45,147751.0,25.83
23,23801,豊田市,1965180,36,53.43,87.06,4.57,26.0,61450.6344,0.0313,31.0599,140,5810,0,0,70,0,62300,71190,114,91832.0,66.92
40,40801,小郡市,1958882,20,,,2.67,4.0,25188.8635,0.0129,3.8969,0,219,0,0,0,0,1578552,2336,68,48244.0,52.21
27,27383,大阪市西成区,1956096,19,7.47,59.99,2.31,20.0,19241.6931,0.0098,1.4324,871128,758016,0,0,871056,0,1134000,13032,59,10963.0,175.51
3,03524,一関市,1948452,24,10.38,30.0,1.97,14.0,28398.9268,0.0146,6.7075,957,10395,0,0,0,0,1133418,18315,134,125898.0,22.56
14,14402,横浜市戸塚区,1947640,24,14.12,40.0,4.34,14.0,26184.3917,0.0134,3.3442,33060,26158,0,0,58,58,255838,46574,85,25393.0,103.12
4,04606,栗原市,1939431,20,,,1.48,5.0,40363.2851,0.0208,4.7304,0,975,0,0,0,0,8424,3237,32,80500.0,50.14
14,14402,横浜市瀬谷区,1937490,16,0.0,0.0,3.5,14.0,18220.2167,0.0094,0.9995,58,7250,0,0,0,0,41644,9976,68,25393.0,71.75
35,35502,山口市,1930647,30,21.1,25.0,2.44,20.0,27835.9591,0.0144,2.7928,38,2204,0,0,0,0,894900,11761,78,102323.0,27.2
14,14402,川崎市高津区,1928732,31,8.0,12.0,4.09,13.0,21974.4301,0.0114,1.6392,116,11832,0,348,58,290,1530214,12354,69,25393.0,86.54
1,01700,岩内町,1901394,4,,,2.0,2.0,19159.6377,0.0101,1.0007,0,194,0,0,0,0,39576,17848,18,147751.0,12.97
22,22461,島田市,1900385,20,,,1.9,7.0,25053.2179,0.0132,2.3576,0,430,0,0,43,0,8987,10879,49,107405.0,23.33
11,11465,東松山市,1898568,31,5.62,9.0,1.98,9.0,23351.6211,0.0123,2.9684,2448,24984,0,0,0,0,106560,27864,50,57789.0,40.41
28,28586,豊岡市,1881453,31,2.0,2.0,1.7,10.0,24906.5595,0.0132,1.8829,98,50519,0,0,49,1029,1791440,47383,73,69755.0,35.71
1,01700,倶知安町,1878502,27,6.0,6.0,2.17,5.0,26210.1304,0.014,0.9121,194,2328,0,0,0,0,1279624,113490,50,147751.0,17.74
11,11465,ふじみ野市,1855368,24,,,2.02,23.0,17976.3967,0.0097,1.9802,0,69336,0,0,0,0,1644336,9864,33,57789.0,31.11
4,04606,仙台市宮城野区,1840956,35,12.23,64.95,2.4,21.0,32766.2094,0.0178,13.6909,507,405756,156,0,0,507,78078,224133,137,80500.0,40.7
12,12801,市川市,1836300,33,24.29,59.24,3.77,40.0,37892.483,0.0206,68.608,1080,26640,60,0,0,0,685140,17760,103,36816.0,102.92
13,13808,豊島区,1824153,45,42.99,158.28,4.81,42.0,21484.6058,0.0118,2.9397,3726,127926,138,1380,69,414,905694,82800,172,22553.0,95.26
36,36489,徳島市,1813968,29,13.5,15.0,2.92,18.0,20774.8179,0.0115,2.9243,48,3288,24,0,0,24,22776,32520,123,72142.0,28.8
40,40801,うきは市,1811349,17,4.51,30.9,1.42,8.0,27496.1326,0.0152,2.5075,1807115,1183403,0,1766746,1768863,117092,438,4672,16,48244.0,56.99
11,11465,杉戸町,1782216,13,,,2.04,5.0,19405.3943,0.0109,2.1623,0,6768,0,0,0,0,382536,3240,110,57789.0,33.58
1,01700,当麻町,1771026,5,,,,,24407.9108,0.0138,1.1953,0,0,0,0,0,0,1494964,1552,16,147751.0,16.52
1,01700,夕張市,1761326,14,,,3.0,3.0,20034.1577,0.0114,2.3729,0,194,0,0,0,0,388,14162,32,147751.0,13.56
43,43531,熊本市東区,1751309,16,10.0,10.0,3.18,12.0,23568.0654,0.0135,4.1234,49,1911,0,0,0,0,436884,7497,188,68382.0,34.47
28,28586,神戸市北区,1749594,27,5.85,22.6,2.8,8.0,20220.1335,0.0116,6.568,16709,1960,0,0,16709,98,37289,19992,78,69755.0,28.99
26,26465,京都市北区,1737540,33,6.68,13.0,2.9,11.0,12102.1638,0.007,1.208,3456,15300,3168,0,36,324,326052,23508,109,61640.0,19.63
1,01700,赤平市,1732614,8,,,,,18293.3887,0.0106,1.0341,0,0,0,0,0,0,970,9506,15,147751.0,12.38
13,13808,港区,1718169,44,73.07,332.6,8.31,64.0,41703.3065,0.0243,2.3614,23667,130134,2760,2415,759,2898,1262010,217212,364,22553.0,184.91
27,27383,大阪市阿倍野区,1716984,27,7.4,300.0,2.47,60.0,16236.0701,0.0095,3.2731,530208,420696,0,144,529992,216,663336,13392,66,10963.0,148.1
27,27383,堺市北区,1709712,36,22.5,80.0,2.34,26.0,20899.5475,0.0122,2.945,288,343584,0,144,72,38880,913608,56016,60,10963.0,190.64
5,05464,横手市,1698050,35,30.8,40.0,2.4,11.0,23437.8576,0.0138,3.3654,125,11500,0,0,150,1325,14000,61975,37,120959.0,19.38
12,12801,千葉市若葉区,1696380,18,40.0,40.0,2.99,11.0,17240.502,0.0102,2.0412,540,7560,0,0,0,0,246000,6720,54,36816.0,46.83
23,23801,安城市,1675800,31,5.36,63.25,1.45,20.0,32712.728,0.0195,15.083,807590,396620,0,0,807310,360430,3850,61250,62,91832.0,35.62
22,22461,袋井市,1672012,16,,,3.43,12.0,27749.0939,0.0166,4.6602,0,1978,0,0,516,0,2021,8901,53,107405.0,25.84
26,26465,京都市山科区,1671336,25,26.5,35.0,4.32,11.0,11974.4705,0.0072,0.7405,72,2664,0,0,72,180,53280,10980,62,61640.0,19.43
11,11465,入間市,1666512,24,,,2.33,5.0,24853.3151,0.0149,9.6875,0,864,0,0,0,0,548280,46296,57,57789.0,43.01
1,01700,足寄町,1661028,6,,,1.0,1.0,24408.4187,0.0147,0.5617,0,194,0,0,0,0,1081550,2522,22,147751.0,16.52
1,01700,安平町,1657536,9,,,1.2,3.0,30825.2957,0.0186,1.4839,0,37830,0,0,0,0,51216,16102,56,147751.0,20.86
34,34545,福山市,1653270,31,6.63,59.99,2.8,20.0,22968.1229,0.0139,5.2121,964830,9300,0,0,962370,30,1170570,46530,100,124649.0,18.43
31,31403,米子市,1649998,13,12.0,23.0,2.0,14.0,14274.6988,0.0087,2.1418,38,4123,0,0,0,0,6042,1767,30,76531.0,18.65
27,27383,大阪市旭区,1649376,25,3.86,11.7,2.61,23.0,13184.1441,0.008,0.3178,5328,337248,0,0,5328,0,181440,4464,33,10963.0,120.26
1,01700,厚真町,1646866,13,,,1.28,3.0,27899.5394,0.0169,3.2954,0,44038,0,0,0,0,290612,18430,94,147751.0,18.88
28,28586,神戸市東灘区,1645714,33,90.0,170.0,3.75,47.0,26225.4805,0.0159,3.8174,98,57526,0,49,0,0,117012,32340,72,69755.0,37.6
12,12801,浦安市,1639020,22,23.85,59.9,5.59,28.0,27255.55,0.0166,3.5132,4140,24300,0,0,0,60,279960,14100,83,36816.0,74.03
13,13808,板橋区,1629573,34,32.71,103.0,5.85,32.0,28220.6587,0.0173,1.9955,1035,16353,0,69,207,1587,103224,41469,132,22553.0,125.13
27,27383,豊中市,1623528,36,11.58,184.92,5.82,52.0,30259.2205,0.0186,1.8627,5256,17856,0,0,5112,1440,111312,66240,192,10963.0,276.01
27,27383,大阪市鶴見区,1614240,26,4.34,35.1,4.11,15.0,17365.0134,0.0108,3.3098,5400,29520,0,0,5400,0,76536,23544,44,10963.0,158.4
27,27383,泉大津市,1607472,18,13.3,24.6,3.49,36.0,23075.9222,0.0144,3.9451,288,12024,0,0,432,72,20232,14112,47,10963.0,210.49
34,34545,東広島市,1594590,34,5.16,9.0,3.55,15.0,24177.3559,0.0152,2.7677,540,12270,210,0,90,60,60690,12210,165,124649.0,19.4
14,14402,横浜市中区,1593782,37,48.51,220.0,3.12,59.0,26035.331,0.0163,4.6896,4234,87812,232,116,0,116,1489962,36540,120,25393.0,102.53
22,22461,伊東市,1590484,22,1.0,1.0,1.12,11.0,16889.9162,0.0106,0.9858,43,61361,0,0,0,0,15480,7052,48,107405.0,15.73
2,02450,むつ市,1590040,11,,,6.5,11.0,17519.747,0.011,2.1968,0,80,0,0,0,0,1464280,2920,38,86420.0,20.27
27,27383,羽曳野市,1583424,21,,,1.9,20.0,13921.0195,0.0088,2.0107,0,3600,0,0,0,0,79056,14544,52,10963.0,126.98
28,28586,宝塚市,1580152,38,,,3.5,30.0,19093.4089,0.0121,4.3842,0,19992,0,49,0,98,35672,26509,66,69755.0,27.37
27,27383,大阪市住之江区,1579752,29,7.46,256.0,2.38,55.0,33538.0694,0.0212,3.8198,667080,532800,0,0,666936,0,721656,9072,60,10963.0,305.92
23,23801,一宮市,1568700,23,12.67,16.0,2.67,21.0,24032.7721,0.0153,3.6499,210,31430,0,0,0,0,1230950,28490,79,91832.0,26.17
1,01700,士幌町,1563834,15,,,1.71,3.0,46655.7669,0.0298,2.607,0,1358,0,0,0,0,299148,6208,18,147751.0,31.58
1,01700,本別町,1551612,8,,,1.0,1.0,23779.3318,0.0153,0.8633,0,194,0,0,0,194,3298,8730,14,147751.0,16.09
1,01700,洞爺湖町,1550836,12,,,1.11,2.0,21742.2386,0.014,1.0548,0,6984,0,0,0,0,72944,10476,26,147751.0,14.72
38,38506,今治市,1549640,29,3.0,3.0,2.85,8.0,23340.5394,0.0151,3.965,20,1180,0,0,0,40,7500,18500,73,58369.0,39.99
1,01700,松前町,1549284,7,,,2.0,2.0,15411.6258,0.0099,0.386,0,194,0,0,0,194,17460,10282,21,147751.0,10.43
27,27383,大阪市西淀川区,1545840,22,8.42,43.0,3.86,15.0,23818.7909,0.0154,3.7558,26064,33480,0,0,72,504,282528,29088,46,10963.0,217.27
27,27383,大阪市東成区,1545696,22,7.36,50.1,2.31,15.0,14365.0104,0.0093,0.4169,437328,367488,0,0,437256,0,1191528,43272,49,10963.0,131.03
4,04606,仙台市若林区,1523769,28,6.98,78.72,2.07,30.0,21359.3923,0.014,2.4951,585,562263,0,0,39,858,81471,174876,104,80500.0,26.53
11,11465,鶴ヶ島市,1522728,22,,,4.54,10.0,18103.9255,0.0119,2.5722,0,1728,0,0,0,0,16560,3240,28,57789.0,31.33
28,28586,神戸市長田区,1520862,19,,,3.69,27.0,13368.5736,0.0088,2.7612,0,6125,0,0,0,0,15386,6321,30,69755.0,19.17
11,11465,さいたま市見沼区,1518264,32,2.0,2.0,2.51,15.0,18400.5994,0.0121,0.9388,360,234000,0,0,0,0,15624,100656,45,57789.0,31.84
1,01700,白糠町,1516886,10,,,2.25,4.0,20830.5413,0.0137,0.9425,0,2328,0,0,0,194,1472654,8536,20,147751.0,14.1
1,01700,大樹町,1512424,7,,,,,29985.8991,0.0198,1.7274,0,0,0,0,0,0,39576,5820,15,147751.0,20.29
26,26465,京都市中京区,1489464,31,20.97,31.0,4.26,15.0,10711.2248,0.0072,0.8884,396,22068,0,216,0,504,118008,25956,148,61640.0,17.38
4,04606,気仙沼市,1484379,26,,,2.57,13.0,21235.4452,0.0143,2.2198,0,4524,0,0,0,273,15288,11076,203,80500.0,26.38
26,26465,京都市西京区,1483560,29,5.24,10.0,2.32,7.0,13392.5841,0.009,6.8544,900,18612,0,0,36,0,74808,14472,89,61640.0,21.73
11,11465,熊谷市,1480176,28,3.0,3.0,2.4,14.0,24472.6826,0.0165,28.5066,72,21888,0,0,216,0,602568,48456,220,57789.0,42.35
1,01700,羽幌町,1475952,9,,,,,16905.653,0.0115,0.6201,0,0,0,0,0,0,132890,12804,30,147751.0,11.44
11,11465,寄居町,1474632,25,,,2.33,3.0,18622.3328,0.0126,9.2579,0,216,0,0,0,72,1410480,3888,18,57789.0,32.22
11,11465,新座市,1473984,21,6.56,44.8,3.58,13.0,15983.5778,0.0108,1.2334,576000,3744,0,72,575928,216,133776,5328,53,57789.0,27.66
1,01700,三笠市,1465864,8,,,1.0,1.0,18688.3327,0.0127,2.811,0,388,0,0,0,0,1552,12416,21,147751.0,12.65
1,01700,弟子屈町,1451508,13,,,1.17,2.0,23403.8296,0.0161,0.6436,0,1164,0,0,0,0,705966,10476,24,147751.0,15.84
28,28586,神戸市西区,1446627,26,5.84,23.4,2.09,4.0,23310.4036,0.0161,2.5291,125342,3626,0,0,125293,49,167384,8820,59,69755.0,33.42
1,01700,標茶町,1443360,10,,,1.5,2.0,31276.1929,0.0217,0.8616,0,776,0,0,0,0,802190,3492,14,147751.0,21.17
1,01700,池田町,1439868,7,,,4.0,4.0,20716.5851,0.0144,0.4832,0,194,0,194,0,0,888908,2134,15,147751.0,14.02
22,22461,浜松市浜北区,1432072,18,,,1.11,2.0,19654.2579,0.0137,4.5685,0,387,0,0,0,0,2150,12814,44,107405.0,18.3
1,01700,由仁町,1430944,9,,,1.33,2.0,19281.1542,0.0135,0.5861,0,1164,0,0,0,0,1358,9506,20,147751.0,13.05
1,01700,鷹栖町,1428810,7,,,,,18122.6834,0.0127,0.6629,0,0,0,0,0,194,1425706,1358,14,147751.0,12.27
7,07564,南相馬市,1422372,27,,,2.18,4.0,22304.8118,0.0157,1.9026,0,649,0,0,0,0,909957,50150,129,123184.0,18.11
39,39428,高知市,1421438,36,27.8,27.8,2.6,14.0,18659.4639,0.0131,3.497,34,4998,0,0,0,68,12172,33286,84,64228.0,29.05
1,01700,上富良野町,1416200,7,,,,,18277.4378,0.0129,1.921,0,0,0,0,0,0,1335302,3104,17,147751.0,12.37
22,22461,浜松市北区,1410056,22,,,1.48,4.0,23022.3316,0.0163,3.7156,0,989,0,0,0,86,14835,38743,45,107405.0,21.44
1,01700,新冠町,1409216,29,,,1.38,3.0,20865.1937,0.0148,1.3741,0,63632,0,0,194,0,182554,14356,19,147751.0,14.12
23,23801,北名古屋市,1407350,23,7.2,11.2,1.96,4.0,15506.2659,0.011,2.5565,2310,1890,0,0,2310,0,223230,6160,29,91832.0,16.89
1,01700,新十津川町,1400680,6,,,1.0,1.0,16339.9317,0.0117,0.666,0,194,0,0,0,0,1164,4462,10,147751.0,11.06
12,12801,鴨川市,1395540,29,1.0,1.0,1.68,33.0,16665.9018,0.0119,1.1743,60,36360,0,120,0,0,40800,16320,164,36816.0,45.27
1,01700,佐呂間町,1388846,18,,,1.11,2.0,25215.2255,0.0182,0.7335,0,3686,0,0,194,0,1381280,17460,11,147751.0,17.07
1,01700,広尾町,1388652,5,,,1.5,2.0,21710.1768,0.0156,2.1764,0,388,0,0,0,0,1131020,3686,14,147751.0,14.69
23,23801,名古屋市熱田区,1380610,22,11.14,55.9,3.33,14.0,16660.6493,0.0121,3.1407,30170,21350,0,0,30100,0,92400,9240,50,91832.0,18.14
1,01700,浦幌町,1370804,7,,,,,22906.7607,0.0167,0.8957,0,0,0,0,0,0,0,5238,15,147751.0,15.5
29,29453,大和郡山市,1361724,19,,,2.13,4.0,16164.1272,0.0119,3.7698,0,585,0,39,0,78,18564,4329,46,67238.0,24.04
14,14402,川崎市幸区,1361376,22,95.47,158.4,4.87,47.0,14727.4746,0.0108,1.3579,406,10788,0,58,0,0,462724,16298,58,25393.0,58.0
12,12801,茂原市,1359540,25,,,2.33,8.0,14723.1215,0.0108,5.0513,0,1080,0,0,0,0,2220,16620,47,36816.0,39.99
13,13808,足立区,1358265,26,24.95,110.0,4.32,30.0,30109.0596,0.0222,2.2319,1311,130134,0,0,0,4002,218592,44643,150,22553.0,133.5
1,01700,南幌町,1343838,16,26.0,26.0,1.82,6.0,16522.0911,0.0123,0.916,194,8730,0,0,0,0,13580,9312,25,147751.0,11.18
12,12801,流山市,1342860,28,,,2.97,11.0,21176.4503,0.0158,5.9061,0,14760,0,0,0,300,13800,21300,87,36816.0,57.52
47,47801,宮古島市,1341102,25,30.0,30.0,2.94,11.0,24674.3884,0.0184,4.8634,42,756,0,0,0,0,84,4494,264,33440.0,73.79
11,11465,毛呂山町,1312128,23,7.9,14.8,1.75,7.0,12248.8572,0.0093,0.8767,144,2016,0,0,0,0,1213200,5256,18,57789.0,21.2
13,13808,墨田区,1308999,30,32.27,634.0,4.89,31.0,17023.6007,0.013,2.4255,3933,38916,0,69,0,276,425730,63687,133,22553.0,75.48
11,11465,戸田市,1306872,19,2.0,2.0,2.19,6.0,20031.8617,0.0153,2.7354,72,1872,0,0,0,0,22968,5688,63,57789.0,34.66
13,13808,清瀬市,1306377,17,7.0,62.0,3.93,20.0,13244.5377,0.0101,1.1854,12282,5175,0,1035,12213,0,4554,9315,33,22553.0,58.73
26,26465,京都市上京区,1302552,40,6.21,14.64,3.99,11.0,9065.6236,0.007,0.7998,108,18252,0,108,0,360,256428,17388,119,61640.0,14.71
1,01700,小清水町,1299412,15,,,1.4,2.0,23514.2114,0.0181,0.5695,0,1940,0,0,0,0,559496,7760,11,147751.0,15.91
1,01700,斜里町,1295920,24,,,2.18,5.0,20051.8705,0.0155,2.6006,0,10864,0,0,0,0,1222006,32398,38,147751.0,13.57
1,01700,上士幌町,1289518,15,,,1.0,1.0,27485.5477,0.0213,1.4767,0,776,0,0,0,0,699564,9700,19,147751.0,18.6
19,19443,甲府市,1288467,26,,,2.28,12.0,15339.9646,0.0119,1.1714,0,1917,0,0,0,0,134757,10530,67,60248.0,25.46
27,27383,大阪市北区,1282536,39,108.05,200.0,7.6,56.0,21863.9026,0.017,2.7038,5256,74880,0,1008,72,504,1143288,153504,119,10963.0,199.43
22,22461,伊豆の国市,1281185,17,,,1.09,11.0,15345.6985,0.012,1.6633,0,230609,0,0,0,0,628187,1591,28,107405.0,14.29
27,27383,大阪市中央区,1278720,37,82.2,169.0,7.49,54.0,23393.99,0.0183,1.5176,7200,124200,0,1368,0,792,1184832,119448,146,10963.0,213.39
43,43531,熊本市中央区,1272922,33,36.07,60.0,2.91,15.0,20145.2468,0.0158,1.2273,196,3430,0,0,0,49,284641,18767,244,68382.0,29.46
26,26465,京都市南区,1261296,35,28.63,55.0,3.61,21.0,13711.691,0.0109,3.9571,864,12024,0,0,180,360,83700,11664,82,61640.0,22.24
4,04606,名取市,1245543,29,8.0,8.0,1.37,14.0,17816.3903,0.0143,2.5714,39,64350,0,0,0,39,18798,9087,184,80500.0,22.13
1,01700,長万部町,1243734,13,6.5,10.0,2.27,3.0,14131.6462,0.0114,0.5961,388,2134,0,0,194,194,25608,8536,26,147751.0,9.56
27,27383,四條畷市,1243368,15,,,4.7,10.0,10811.3418,0.0087,3.4983,0,720,0,0,72,0,648,3816,28,10963.0,98.62
29,29453,橿原市,1235871,30,1.67,5.0,2.17,10.0,13689.7183,0.0111,4.7182,117,14040,0,0,0,39,46449,17472,57,67238.0,20.36
13,13808,葛飾区,1228200,33,65.35,127.66,4.08,37.0,20716.7264,0.0169,4.5432,345,123303,0,0,0,690,331200,16767,91,22553.0,91.86
28,28586,川西市,1226421,19,5.96,10.7,4.43,11.0,12528.5447,0.0102,2.3247,539,1127,0,49,539,0,8673,6664,53,69755.0,17.96
22,22461,御殿場市,1226360,22,5.97,9.4,1.9,8.0,21430.5988,0.0175,4.1856,387,5977,0,0,344,0,7697,5719,66,107405.0,19.95
1,01700,新得町,1224916,14,,,3.0,3.0,23404.9919,0.0191,1.3714,0,194,0,0,0,194,283240,17460,30,147751.0,15.84
5,05464,能代市,1215050,19,2.0,2.0,3.25,8.0,15784.2564,0.013,3.2677,25,1100,0,0,0,25,425,15600,23,120959.0,13.05
1,01700,鹿追町,1214052,8,,,,,27332.5259,0.0225,1.2048,0,0,0,0,0,0,2716,8148,20,147751.0,18.5
33,33681,総社市,1208504,20,10.0,10.0,1.75,2.0,15709.8507,0.013,2.2696,31,124,0,0,0,0,103106,2046,297,82853.0,18.96
12,12801,船橋市,1205340,35,14.45,59.99,4.8,30.0,37176.9626,0.0308,4.1797,4080,176940,0,60,60,120,396900,38040,124,36816.0,100.98
33,33681,岡山市北区,1204877,38,22.66,134.0,2.77,37.0,18938.3767,0.0157,3.8829,2883,58931,0,124,372,62,193068,30969,114,82853.0,22.86
8,08564,神栖市,1203708,16,,,2.0,3.0,21077.9928,0.0175,9.7059,0,616,0,0,0,0,4796,17952,53,37199.0,56.66
23,23801,大治町,1200640,10,,,3.5,5.0,9601.5781,0.008,1.2368,0,420,0,0,0,0,31570,140,5,91832.0,10.46
7,07564,本宮市,1200591,5,,,2.75,4.0,17189.821,0.0143,2.8227,0,236,0,0,0,0,6903,1770,18,123184.0,13.95
9,09411,佐野市,1196600,29,78.0,78.0,2.12,4.0,17050.4248,0.0142,9.0982,25,2100,0,0,0,0,42550,9025,317,144983.0,11.76
1,01700,知内町,1191354,15,,,2.0,3.0,16796.2498,0.0141,1.1448,0,582,0,0,0,0,582,8730,17,147751.0,11.37
23,23801,豊橋市,1189580,39,22.57,93.55,2.07,24.0,30275.4845,0.0255,7.0637,560,68390,70,0,0,70,82390,59850,139,91832.0,32.97
20,20602,須坂市,1188880,22,,,1.68,4.0,18749.2264,0.0158,2.8706,0,6314,0,0,0,0,54131,9933,216,97847.0,19.16
22,22461,牧之原市,1183016,14,,,2.0,5.0,19353.8542,0.0164,4.9972,0,602,0,0,0,0,1677,4601,17,107405.0,18.02
11,11465,さいたま市北区,1172736,31,13.0,44.0,2.89,17.0,17854.3015,0.0152,2.1319,288,221184,0,0,0,0,75024,100224,45,57789.0,30.9
1,01700,大空町,1167880,24,,,1.36,2.0,21174.0493,0.0181,0.5457,0,4268,0,0,0,0,1035766,12998,18,147751.0,14.33
1,01700,美瑛町,1166716,7,,,,,18857.0479,0.0162,5.6054,0,0,0,0,0,0,1034214,5626,22,147751.0,12.76
1,01700,今金町,1166522,3,,,,,16028.5947,0.0137,0.5281,0,0,0,0,0,0,194,6402,11,147751.0,10.85
23,23801,名古屋市中区,1159830,34,17.38,180.0,4.93,40.0,19437.0756,0.0168,0.8004,132720,147420,70,770,130760,0,863380,71470,102,91832.0,21.17
40,40801,北九州市若松区,1158510,9,,,3.39,15.0,18231.2356,0.0157,3.884,0,5840,0,0,0,0,2190,1460,23,48244.0,37.79
14,14402,寒川町,1147820,14,,,1.56,5.0,13217.8091,0.0115,2.6131,0,3016,0,0,0,174,3712,8932,32,25393.0,52.05
3,03524,奥州市,1147377,17,,,1.87,2.0,17541.5368,0.0153,1.3016,0,759,0,0,0,33,1123419,4851,41,125898.0,13.93
22,22461,伊豆市,1146423,16,,,1.06,11.0,11453.2899,0.01,0.7263,0,238048,0,0,0,43,794167,2623,34,107405.0,10.66
12,12801,成田市,1145760,35,15.29,33.0,3.45,16.0,26949.3159,0.0235,13.6803,840,42660,60,0,0,180,93840,22680,89,36816.0,73.2
22,22461,浜松市南区,1143069,34,,,2.05,14.0,14967.3864,0.0131,2.3407,0,41323,0,0,129,86,11223,22016,41,107405.0,13.94
34,34545,広島市西区,1139970,30,14.61,413.0,2.88,23.0,15777.2173,0.0138,3.4455,1080,55530,0,90,60,30,611010,8550,44,124649.0,12.66
1,01700,浜中町,1136646,6,,,,,13939.1654,0.0123,0.534,0,0,0,0,0,0,279942,11446,14,147751.0,9.43
11,11465,蓮田市,1133208,23,,,2.52,14.0,13924.2119,0.0123,2.7403,0,12960,0,0,0,0,1089864,10944,30,57789.0,24.09
43,43531,阿蘇市,1128274,19,18.0,18.0,1.0,1.0,20865.5625,0.0185,2.3704,49,49,0,0,0,49,175567,4214,173,68382.0,30.51
23,23801,名古屋市東区,1122870,33,10.79,100.8,2.78,23.0,15943.1103,0.0142,4.0426,714980,557060,0,70,714700,0,806400,17430,51,91832.0,17.36
1,01700,枝幸町,1118022,11,,,,,17952.4248,0.0161,0.8519,0,0,0,0,0,0,1049152,5820,21,147751.0,12.15
11,11465,所沢市,1115280,30,13.48,111.0,2.58,31.0,19648.0792,0.0176,1.6612,9648,51048,0,6264,8856,936,77904,23040,130,57789.0,34.0
13,13808,江戸川区,1110486,37,28.14,115.0,4.47,29.0,22632.7035,0.0204,2.8682,2208,66723,0,0,0,138,77211,35880,149,22553.0,100.35
11,11465,川島町,1106208,19,,,5.0,6.0,15001.7414,0.0136,2.0695,0,288,0,0,0,0,1084104,4104,20,57789.0,25.96
1,01700,共和町,1106188,6,,,,,16843.447,0.0152,1.031,0,0,0,0,0,0,2522,7178,13,147751.0,11.4
27,27383,大阪市都島区,1103976,30,7.66,59.7,5.05,15.0,12764.6401,0.0116,1.289,2376,12744,0,0,2160,792,1045224,63000,57,10963.0,116.43
40,40801,みやま市,1101278,10,1.55,5.0,1.0,1.0,18051.3657,0.0164,0.8403,8906,9344,146,0,0,0,11899,1752,160,48244.0,37.42
7,07564,会津美里町,1088314,14,10.44,19.0,1.52,3.0,13704.6018,0.0126,0.4914,472,22007,413,0,0,0,727116,6903,20,123184.0,11.13
1,01700,中富良野町,1084072,6,,,0.0,0.0,13930.1566,0.0128,1.6512,0,194,0,0,0,0,369570,2134,14,147751.0,9.43
26,26465,城陽市,1084032,26,,,2.03,10.0,10060.5821,0.0093,2.3531,0,128628,0,0,0,36,61668,8100,33,61640.0,16.32
27,27383,大阪市大正区,1080504,20,6.12,41.13,3.32,14.0,17024.2402,0.0158,3.6214,2232,16056,0,0,2160,72,94968,7848,31,10963.0,155.29
26,26465,木津川市,1074816,23,,,2.93,9.0,13041.84,0.0121,2.6059,0,1008,0,0,0,0,46908,5400,52,61640.0,21.16
1,01700,標津町,1072238,7,,,,,21099.0807,0.0197,0.6112,0,0,0,0,0,0,461526,6402,18,147751.0,14.28
15,15586,南魚沼市,1066562,18,,,2.28,4.0,16329.9559,0.0153,2.1171,0,2923,0,0,0,0,10915,9842,35,117053.0,13.95
40,40801,福岡市東区,1061274,39,48.14,161.0,2.92,48.0,33398.8836,0.0315,3.0118,1898,358211,0,0,0,0,121691,190603,94,48244.0,69.23
23,23801,蟹江町,1050210,13,,,2.14,3.0,12210.3977,0.0116,1.675,0,490,0,0,0,0,922880,3430,17,91832.0,13.3
11,11465,さいたま市浦和区,1048608,30,35.45,67.9,4.12,20.0,13858.5775,0.0132,1.0705,144,135144,0,72,0,0,208368,83664,70,57789.0,23.98
34,34545,広島市安佐北区,1047150,17,5.0,5.0,2.44,10.0,11991.6547,0.0115,1.1907,60,6540,0,0,0,0,860610,3330,59,124649.0,9.62
1,01700,東川町,1046436,19,,,1.88,4.0,16622.536,0.0159,1.0506,0,485582,0,0,0,0,9894,13968,24,147751.0,11.25
1,01700,美深町,1044884,9,,,,,14124.6992,0.0135,0.6173,0,0,0,0,0,0,662122,10864,20,147751.0,9.56
1,01700,東神楽町,1044884,11,,,2.0,3.0,13080.4091,0.0125,1.8118,0,388,0,0,0,0,1008412,2134,19,147751.0,8.85
24,24562,名張市,1042492,28,4.5,13.0,2.13,6.0,13453.2755,0.0129,1.999,116,1566,0,0,0,87,211758,17052,119,71118.0,18.92
12,12801,野田市,1038060,20,3.32,6.0,2.0,7.0,20502.0371,0.0198,7.1144,300,5160,120,0,900,0,5400,15240,62,36816.0,55.69
1,01700,蘭越町,1036348,8,,,,,12894.2713,0.0124,0.5988,0,0,0,0,0,0,27548,12610,19,147751.0,8.73
11,11465,さいたま市岩槻区,1033992,26,8.0,8.0,2.41,17.0,14307.7248,0.0138,2.3512,72,84600,0,0,0,0,93816,27864,43,57789.0,24.76
27,27383,箕面市,1033704,31,11.27,99.9,3.41,31.0,18006.8589,0.0174,1.6651,4968,18360,0,216,4680,1224,59616,59040,104,10963.0,164.25
14,14402,横浜市港南区,1022018,23,42.5,113.0,3.01,14.0,13088.5953,0.0128,1.083,580,4234,0,0,0,174,27028,55390,47,25393.0,51.54
1,01700,奈井江町,1019470,12,,,,,14658.3019,0.0144,1.7663,0,0,0,0,0,0,1552,6014,14,147751.0,9.92
28,28586,太子町,1017926,6,,,3.33,5.0,8017.9806,0.0079,1.4685,0,147,0,0,0,0,1016750,1813,20,69755.0,11.49
22,22461,菊川市,1016993,20,,,3.6,10.0,17444.0362,0.0172,6.0478,0,1290,0,0,43,0,43,20253,24,107405.0,16.24
14,14402,横浜市西区,1010708,29,87.53,295.8,7.99,70.0,12602.8557,0.0125,3.0952,4872,15370,116,406,0,522,961640,19894,90,25393.0,49.63
27,27383,大阪市港区,1010016,26,99.0,99.0,5.41,54.0,13978.4686,0.0138,2.2554,72,12528,0,0,0,72,139680,21384,46,10963.0,127.51
1,01700,比布町,1005890,6,,,,,13814.7798,0.0137,0.6925,0,0,0,0,0,0,910054,2910,14,147751.0,9.35
26,26465,京都市下京区,991908,33,28.07,31.0,5.01,16.0,9408.1845,0.0095,5.6323,432,25128,0,360,108,972,196092,20016,193,61640.0,15.26
1,01700,月形町,991534,8,,,1.0,1.0,17124.4328,0.0173,0.8862,0,388,0,0,0,0,1746,2134,13,147751.0,11.59
1,01700,津別町,989788,18,,,1.52,4.0,17652.202,0.0178,2.5815,0,12416,0,0,194,776,692774,10864,8,147751.0,11.95
1,01700,訓子府町,984550,12,,,1.52,3.0,17951.6548,0.0182,1.1805,0,6402,0,0,0,0,739334,7566,7,147751.0,12.15
22,22461,湖西市,984356,24,5.6,9.2,2.27,11.0,17521.2689,0.0178,16.8976,86,9804,0,0,86,0,56760,8557,49,107405.0,16.31
27,27383,摂津市,982008,26,35.6,118.0,3.25,35.0,20182.1619,0.0206,4.0056,2448,37872,0,0,0,72,11520,18144,136,10963.0,184.09
27,27383,大阪市此花区,977976,27,80.99,110.6,5.97,32.0,20001.9759,0.0205,4.0153,288,7200,0,0,0,0,123912,12312,50,10963.0,182.45
13,13808,中央区,970485,28,88.9,220.0,10.03,58.0,18918.536,0.0195,1.5439,5382,59616,0,1587,0,6831,655776,81696,234,22553.0,83.88
32,32528,出雲市,966511,23,24.0,24.0,2.6,13.0,18275.5442,0.0189,3.8151,19,475,0,0,0,38,4940,6707,69,73319.0,24.93
1,01700,江差町,965732,18,,,2.38,6.0,14934.9342,0.0155,1.568,0,16684,0,0,0,0,815382,48500,35,147751.0,10.11
47,47801,石垣市,952938,16,,,3.6,11.0,15745.8821,0.0165,1.028,0,210,0,0,0,126,4914,3654,147,33440.0,47.09
22,22461,裾野市,952235,23,7.05,20.0,2.02,6.0,14237.1725,0.015,7.5767,473,2623,0,43,258,0,105178,17157,57,107405.0,13.26
9,09411,宇都宮市,952100,41,57.4,108.45,3.78,31.0,23750.7123,0.0249,7.921,375,7950,0,25,25,75,15950,54025,140,144983.0,16.38
22,22461,御前崎市,951891,16,10.0,10.0,2.07,10.0,15812.8945,0.0166,2.4638,86,1161,0,0,86,0,4300,3268,23,107405.0,14.72
1,01700,中札内村,950600,7,,,,,16425.8838,0.0173,0.8706,0,0,0,0,0,0,104372,6790,13,147751.0,11.12
40,40801,大川市,947248,30,,,1.96,11.0,18459.3374,0.0195,1.2085,0,6570,0,0,0,0,125341,14308,123,48244.0,38.26
1,01700,木古内町,946332,14,,,,,11141.4545,0.0118,0.7244,0,0,0,0,0,0,39576,5626,18,147751.0,7.54
1,01700,清水町,945944,7,,,,,13866.5114,0.0147,0.928,0,0,0,0,0,0,231054,6402,18,147751.0,9.39
14,14402,綾瀬市,942558,22,11.26,15.7,1.99,14.0,14264.1188,0.0151,3.0958,696,24302,0,58,0,290,60842,15834,58,25393.0,56.17
1,01700,えりも町,942064,10,,,1.64,2.0,11588.0167,0.0123,0.4186,0,2134,0,0,0,194,915874,2716,11,147751.0,7.84
13,13808,西東京市,942057,36,19.02,28.1,3.09,20.0,12261.6745,0.013,0.9668,207,75555,0,207,0,1518,80868,14145,66,22553.0,54.37
27,27383,大阪市天王寺区,939672,32,9.23,124.4,6.33,41.0,12084.6241,0.0129,1.8005,8352,42480,0,0,7920,72,888696,47016,71,10963.0,110.23
9,09411,那須町,939625,15,,,2.0,3.0,12606.4114,0.0134,1.1149,0,75,0,0,50,0,875,7025,33,144983.0,8.7
25,25443,草津市,939018,33,27.2,99.0,4.8,35.0,11950.8068,0.0127,3.7361,76,6403,0,19,0,19,773357,11647,111,69305.0,17.24
1,01700,福島町,931394,7,,,2.0,2.0,9016.6148,0.0097,0.4123,0,1164,0,0,0,0,0,8342,13,147751.0,6.1
28,28586,神戸市須磨区,930657,26,,,5.69,33.0,13062.4155,0.014,2.7735,0,6713,0,0,0,0,395234,28714,56,69755.0,18.73
28,28586,三田市,926933,24,6.18,27.2,2.07,25.0,12260.9829,0.0132,8.1192,20433,151900,0,0,20433,0,25676,19502,68,69755.0,17.58
25,25443,大津市,920778,41,4.48,12.0,2.35,19.0,10259.6533,0.0111,2.4771,1501,6859,247,0,0,38,59584,14972,142,69305.0,14.8
26,26465,京田辺市,904500,26,15.0,15.0,3.03,13.0,10512.4627,0.0116,3.4036,36,5220,0,0,0,0,72756,11556,62,61640.0,17.05
1,01700,和寒町,903458,11,,,1.25,2.0,10151.1183,0.0112,0.4526,0,776,0,0,0,0,426024,3298,9,147751.0,6.87
4,04606,塩竈市,900198,19,0.83,2.0,1.36,14.0,10785.1618,0.012,1.7319,234,115167,0,39,0,156,2262,13494,125,80500.0,13.4
41,41441,唐津市,899740,31,,,3.82,13.0,14886.5561,0.0165,1.6505,0,340,0,20,0,20,57080,3680,47,48760.0,30.53
1,01700,下川町,899578,14,,,2.13,3.0,10150.4909,0.0113,0.5273,0,2910,0,0,0,194,585880,10282,17,147751.0,6.87
7,07564,三春町,892139,7,,,,,10392.8505,0.0116,1.0408,0,0,0,0,0,0,5133,649,18,123184.0,8.44
15,15586,上越市,891959,23,,,3.45,5.0,15525.2805,0.0174,5.6646,0,407,0,0,0,37,2368,24124,44,117053.0,13.26
13,13808,三鷹市,890652,37,14.26,97.92,2.54,26.0,14471.7857,0.0162,1.3682,1863,141174,0,207,0,138,119301,36363,147,22553.0,64.17
1,01700,清里町,890460,19,,,1.5,2.0,16080.2509,0.0181,0.7778,0,1552,0,0,0,0,572300,9506,12,147751.0,10.88
47,47801,浦添市,890106,28,42.08,80.47,3.96,20.0,17669.49,0.0199,4.7703,294,37086,84,42,126,168,4032,13188,45,33440.0,52.84
38,38506,宇和島市,888040,17,10.01,16.0,3.98,15.0,9813.5617,0.0111,0.9646,40,1060,0,0,0,0,51720,2780,39,58369.0,16.81
7,07564,猪苗代町,884646,16,22.0,50.0,1.36,8.0,11266.2839,0.0127,1.9061,177,9617,0,0,0,354,869719,4071,23,123184.0,9.15
43,43531,熊本市南区,884254,24,25.5,25.5,1.0,2.0,15765.2502,0.0178,2.3757,49,490,0,0,0,0,40229,3381,175,68382.0,23.05
47,47801,宜野湾市,883638,27,26.95,59.68,3.69,17.0,14951.4834,0.0169,1.6156,252,24948,42,0,42,84,5040,12012,32,33440.0,44.71
12,12801,八千代市,882300,24,33.56,57.12,9.43,30.0,15922.6558,0.018,2.5625,120,2640,0,0,0,60,27840,14100,47,36816.0,43.25
1,01700,増毛町,881342,9,,,,,10437.9353,0.0118,0.5622,0,0,0,0,0,0,707518,5626,13,147751.0,7.06
5,05464,北秋田市,880025,23,,,2.49,6.0,11007.2708,0.0125,1.0572,0,1625,0,0,25,25,5225,11375,34,120959.0,9.1
43,43531,人吉市,878031,15,,,1.22,2.0,11604.6349,0.0132,0.8387,0,441,0,0,49,0,23863,3234,133,68382.0,16.97
26,26465,八幡市,867600,26,,,3.57,15.0,9541.9269,0.011,2.6565,0,3240,0,36,0,36,8100,18324,42,61640.0,15.48
1,01700,剣淵町,862912,5,,,,,10253.7761,0.0119,0.338,0,0,0,0,0,0,385866,582,9,147751.0,6.94
5,05464,鹿角市,859350,18,,,2.34,6.0,11448.5293,0.0133,0.7202,0,3500,0,0,0,25,125,15550,21,120959.0,9.46
27,27383,堺市東区,858960,30,78.83,109.0,2.32,35.0,8421.5013,0.0098,1.052,432,91368,0,288,0,17712,431784,14328,19,10963.0,76.82
27,27383,堺市堺区,858240,36,53.5,85.0,2.65,43.0,25684.4966,0.0299,14.8786,216,80136,0,72,0,5184,314424,29160,87,10963.0,234.28
20,20602,坂城町,857472,21,,,2.0,2.0,12265.7592,0.0143,1.1631,0,385,0,0,0,0,154,26719,10,97847.0,12.54
13,13808,荒川区,856773,23,39.83,153.0,5.84,40.0,11651.1518,0.0136,0.8984,1035,14007,0,69,0,414,282900,14835,91,22553.0,51.66
12,12801,千葉市中央区,853800,30,84.1,151.5,3.88,43.0,23815.8579,0.0279,13.3668,420,33180,0,0,0,120,277140,28920,94,36816.0,64.69
1,01700,厚沢部町,853794,13,,,,,14683.7882,0.0172,0.514,0,0,0,0,0,0,75660,16296,20,147751.0,9.94
27,27383,大阪市福島区,852840,25,87.17,177.0,6.77,49.0,10662.5262,0.0125,5.6993,648,10440,0,72,0,0,817776,22824,50,10963.0,97.26
27,27383,大阪市西区,846648,29,81.34,189.55,6.68,52.0,13203.0796,0.0156,3.4105,1656,35280,0,216,0,144,806616,79272,68,10963.0,120.43
7,07564,会津坂下町,843995,10,,,1.56,4.0,10745.3391,0.0127,0.7705,0,1888,0,0,0,0,758740,5251,18,123184.0,8.72
5,05464,大仙市,843725,28,35.0,35.0,2.97,11.0,12054.7592,0.0143,3.185,25,4500,0,0,0,75,5825,17250,34,120959.0,9.97
28,28586,芦屋市,842261,25,,,4.83,24.0,11600.0645,0.0138,1.0886,0,8281,0,98,0,0,12691,13377,51,69755.0,16.63
34,34545,広島市安芸区,841320,18,,,2.91,14.0,9368.8301,0.0111,1.4629,0,330,0,0,0,0,666870,3120,87,124649.0,7.52
7,07564,南会津町,840042,16,,,1.67,2.0,10417.1212,0.0124,0.9611,0,177,0,0,0,0,571002,5192,17,123184.0,8.46
1,01700,豊富町,839826,16,,,1.67,2.0,16230.3617,0.0193,0.8448,0,582,0,0,0,0,46172,15326,20,147751.0,10.98
12,12801,香取市,838560,29,6.0,7.0,1.69,4.0,12215.9165,0.0146,1.2841,120,22200,0,0,0,60,239040,25140,68,36816.0,33.18
14,14402,横浜市磯子区,838042,18,30.0,30.0,3.87,11.0,12343.7882,0.0147,4.5914,58,2262,0,0,0,0,560860,22794,41,25393.0,48.61
1,01700,雄武町,837304,3,,,,,16717.7434,0.02,1.03,0,0,0,0,0,0,723232,1940,12,147751.0,11.31
22,22461,函南町,835963,16,3.34,4.7,1.15,11.0,9358.8331,0.0112,1.2941,215,83807,0,0,215,0,175741,1978,35,107405.0,8.71
4,04606,白石市,833898,12,,,1.73,10.0,12473.3683,0.015,1.6432,0,1014,0,0,0,0,3042,1677,26,80500.0,15.49
11,11465,志木市,832176,23,10.6,24.6,3.33,14.0,8326.4229,0.01,0.7743,432,3312,0,0,432,0,24192,13104,34,57789.0,14.41
18,18501,鯖江市,831810,14,49.5,55.0,2.62,10.0,9526.5347,0.0115,2.4819,34,663,0,17,0,0,51391,3383,64,87243.0,10.92
10,10525,高崎市,829815,43,23.86,99.91,2.23,28.0,16319.9371,0.0197,10.961,2135,79730,0,0,35,0,321055,43190,100,78108.0,20.89
13,13808,千代田区,821583,39,64.65,212.0,6.92,45.0,21400.3675,0.026,1.6576,13731,123096,690,2829,0,3105,658122,169326,266,22553.0,94.89
1,01700,上ノ国町,815770,10,,,,,10493.2381,0.0129,2.6037,0,0,0,0,0,0,706548,12028,19,147751.0,7.1
8,08564,日立市,812460,26,,,3.0,9.0,17027.2681,0.021,6.2244,0,396,0,44,0,0,13684,19756,55,37199.0,45.77
13,13808,狛江市,811095,23,10.66,45.0,2.33,6.0,10576.8962,0.013,0.6824,12006,1863,0,0,0,0,26220,8694,78,22553.0,46.9
27,27383,岸和田市,810432,33,8.21,40.0,1.9,14.0,11573.4605,0.0143,2.2256,4248,123408,0,72,4032,1080,66384,42408,104,10963.0,105.57
1,01700,更別村,804324,10,,,,,17521.4251,0.0218,0.8555,0,0,0,0,0,194,23668,7760,11,147751.0,11.86
1,01700,様似町,803548,8,,,1.75,2.0,10040.2847,0.0125,0.4357,0,2328,0,0,0,194,779880,3298,13,147751.0,6.8
40,40801,福岡市博多区,803000,41,24.06,94.2,7.17,16.0,22117.1168,0.0275,3.6193,2920,35624,0,730,73,438,127020,33288,120,48244.0,45.84
17,17463,七尾市,798893,21,,,2.95,6.0,10739.1651,0.0134,1.6101,0,380,0,0,0,19,46835,1520,225,75492.0,14.23
4,04606,東松島市,798681,20,36.0,36.0,1.95,5.0,10518.5354,0.0132,1.5607,39,4797,0,0,0,39,104559,1248,51,80500.0,13.07
1,01700,苫前町,788998,4,,,,,10371.4018,0.0131,0.488,0,0,0,0,0,0,359676,2328,12,147751.0,7.02
44,44462,別府市,788202,32,0.0,0.0,3.32,13.0,9714.6409,0.0123,1.7803,18,666,0,0,0,72,23688,3996,269,90314.0,10.76
4,04606,多賀城市,784875,25,,,1.37,15.0,10735.8517,0.0137,3.3525,0,52533,0,0,0,39,1599,53391,72,80500.0,13.34
27,27383,和泉市,782496,36,7.43,19.6,2.39,19.0,14620.0432,0.0187,3.6549,1944,34560,0,216,1584,1080,179424,35064,103,10963.0,133.36
12,12801,木更津市,781560,37,4.68,27.0,2.06,14.0,14379.2279,0.0184,3.4488,2760,33540,180,180,0,120,84840,40860,95,36816.0,39.06
1,01700,ニセコ町,779298,9,,,4.0,10.0,11181.2527,0.0143,0.4475,0,776,0,0,0,0,318160,7566,27,147751.0,7.57
1,01700,天塩町,779298,15,,,2.0,3.0,14202.9183,0.0182,0.6192,0,3880,0,0,0,0,355214,19788,17,147751.0,9.61
3,03524,久慈市,772332,17,0.0,0.0,1.81,5.0,10833.6991,0.014,1.5546,33,3696,0,0,0,0,330,13530,180,125898.0,8.61
33,33681,津山市,766940,25,20.0,20.0,2.63,9.0,10713.7331,0.014,2.0134,31,2604,0,0,62,31,120621,8153,84,82853.0,12.93
14,14402,横浜市栄区,766644,24,74.95,74.95,4.67,21.0,8956.8319,0.0117,4.3228,58,2262,0,0,0,116,12064,35496,44,25393.0,35.27
1,01700,羅臼町,765912,3,,,1.0,1.0,9308.9656,0.0122,0.333,0,388,0,0,0,0,750780,2522,16,147751.0,6.3
3,03524,盛岡市,762564,30,0.67,2.0,2.84,25.0,12601.3152,0.0165,4.8468,99,13068,0,0,0,33,27687,32175,101,125898.0,10.01
27,27383,堺市中区,757080,34,,,2.13,19.0,10139.8899,0.0134,1.4567,0,254016,0,288,0,36216,598248,27792,46,10963.0,92.49
13,13808,小平市,755136,22,7.94,15.9,2.25,7.0,9813.9534,0.013,1.1847,4692,8832,0,3312,4554,0,26082,10350,125,22553.0,43.52
26,26465,京都市東山区,754488,37,11.09,46.0,2.91,7.0,5911.1253,0.0078,0.7938,396,7668,0,0,0,1044,175896,25812,144,61640.0,9.59
4,04606,角田市,753636,21,,,1.78,2.0,10973.3545,0.0146,3.5545,0,2535,0,0,0,0,26832,1131,267,80500.0,13.63
1,01700,新篠津村,753302,5,,,,,11234.0453,0.0149,0.3897,0,0,0,0,0,0,152096,776,16,147751.0,7.6
24,24562,桑名市,751361,24,18.0,18.0,2.77,10.0,10646.6656,0.0142,9.4945,29,377,0,0,0,29,95004,9976,52,71118.0,14.97
34,34545,広島市南区,750930,22,54.29,167.9,4.98,46.0,12941.1726,0.0172,5.0141,390,7950,30,30,0,0,612630,5790,92,124649.0,10.38
40,40801,福岡市中央区,750878,34,31.68,111.0,7.58,28.0,18670.6096,0.0249,3.6701,3504,15695,73,1022,73,73,132933,31390,104,48244.0,38.7
8,08564,古河市,750552,26,,,4.13,14.0,16032.2554,0.0214,5.5378,0,352,0,0,0,0,2112,30008,56,37199.0,43.1
28,28586,稲美町,750190,18,5.51,19.6,1.81,4.0,9280.1901,0.0124,1.22,38808,3528,0,0,38416,147,187082,2254,28,69755.0,13.3
15,15586,長岡市,750027,34,5.13,41.5,2.17,6.0,15744.5946,0.021,3.5907,444,8584,0,0,0,407,6068,34151,66,117053.0,13.45
11,11465,嵐山町,739728,14,,,1.0,1.0,9518.45,0.0129,1.5916,0,72,0,0,0,0,719064,1368,17,57789.0,16.47
43,43531,大津町,738920,13,,,2.0,2.0,15054.0569,0.0204,5.9404,0,49,0,0,0,0,26264,1764,164,68382.0,22.01
22,22461,浜松市天竜区,733064,17,,,1.18,2.0,9937.1444,0.0136,2.1264,0,473,0,0,0,0,11137,5633,44,107405.0,9.25
1,01700,仁木町,731768,6,,,,,8714.7444,0.0119,0.6098,0,0,0,0,0,0,5044,7372,13,147751.0,5.9
12,12801,千葉市花見川区,731760,20,,,2.98,15.0,10296.5375,0.0141,2.928,0,7320,0,0,0,0,534780,22020,51,36816.0,27.97
4,04606,富谷市,730821,16,,,1.12,4.0,9418.7762,0.0129,2.0109,0,3588,0,0,0,39,312,13494,27,80500.0,11.7
28,28586,神戸市垂水区,730149,25,12.92,20.0,6.28,32.0,11168.406,0.0153,2.6187,637,4165,0,0,0,49,156996,13230,66,69755.0,16.01
43,43531,益城町,730100,14,,,3.0,4.0,11214.0418,0.0154,2.8237,0,637,0,0,0,0,330505,686,139,68382.0,16.4
38,38506,大洲市,726200,19,4.0,4.0,1.5,2.0,8435.8866,0.0116,1.0184,20,80,0,0,0,0,69000,2260,266,58369.0,14.45
11,11465,白岡市,726192,17,,,,,7521.6584,0.0104,1.422,0,0,0,0,0,0,44208,6264,20,57789.0,13.02
6,06461,新庄市,726075,9,,,3.0,3.0,11088.6172,0.0153,1.0905,0,35,0,0,0,0,2975,1085,19,131439.0,8.44
43,43531,熊本市北区,725494,19,,,1.6,3.0,10953.8502,0.0151,4.6706,0,245,0,0,0,0,7497,14602,71,68382.0,16.02
1,01700,置戸町,724590,10,,,1.36,2.0,11113.0588,0.0153,0.5978,0,2134,0,0,0,0,620800,4074,5,147751.0,7.52
1,01700,興部町,719546,4,,,,,15464.0415,0.0215,0.838,0,0,0,0,0,0,499550,1164,13,147751.0,10.47
4,04606,柴田町,714051,17,,,1.65,3.0,10256.9886,0.0144,2.6345,0,2574,0,0,0,0,22347,1248,114,80500.0,12.74
1,01700,豊浦町,713920,9,,,2.0,2.0,10688.1056,0.015,0.4363,0,194,0,0,0,0,467540,1164,16,147751.0,7.23
43,43531,菊池市,712852,16,,,1.7,2.0,11852.3573,0.0166,1.6237,0,1127,0,0,0,0,8624,7252,52,68382.0,17.33
34,34545,竹原市,705720,25,5.82,72.4,1.82,15.0,8021.7814,0.0114,1.9595,703470,682260,0,1410,703470,299640,702240,1800,14,124649.0,6.44
12,12801,柏市,703320,35,12.79,129.0,3.62,43.0,21876.921,0.0311,4.2133,10500,19320,0,60,0,60,32040,32160,146,36816.0,59.42
4,04606,岩沼市,701337,24,17.5,20.0,1.65,15.0,12874.3157,0.0184,10.5241,78,6006,0,0,0,0,6669,15600,61,80500.0,15.99
34,34545,尾道市,700680,30,9.72,17.6,2.58,15.0,10181.5002,0.0145,1.5827,180,3960,0,0,180,30,114360,18780,86,124649.0,8.17
14,14402,厚木市,696696,33,48.96,130.0,2.38,26.0,25853.9334,0.0371,3.07,638,41702,0,174,0,0,47444,53070,92,25393.0,101.82
44,44462,日田市,694728,22,,,2.17,3.0,10180.9989,0.0147,4.2605,0,108,0,0,0,0,37944,1782,190,90314.0,11.27
34,34545,広島市安佐南区,692190,27,,,2.47,14.0,9480.1097,0.0137,2.7718,0,12120,0,0,30,0,523080,3450,51,124649.0,7.61
1,01700,遠別町,690058,8,,,,,8452.1681,0.0122,0.4163,0,0,0,0,0,0,356184,970,11,147751.0,5.72
19,19443,富士吉田市,689985,19,22.25,25.0,2.6,5.0,9010.7189,0.0131,3.9992,54,135,0,0,702,54,685665,2808,64,60248.0,14.96
11,11465,小川町,685584,17,,,,,7745.6168,0.0113,4.8063,0,0,0,0,0,0,612720,3024,17,57789.0,13.4
4,04606,亘理町,683592,16,,,1.31,3.0,10303.143,0.0151,1.4968,0,1131,0,0,0,0,312,1950,80,80500.0,12.8
26,26465,向日市,681840,29,,,2.05,15.0,6271.9113,0.0092,1.7167,0,653040,0,0,0,36,649836,51120,34,61640.0,10.18
20,20602,小布施町,681296,13,,,1.6,2.0,8841.9114,0.013,0.5323,0,385,0,0,0,0,4697,2695,103,97847.0,9.04
34,34545,広島市中区,680880,25,68.84,178.07,5.43,53.0,10196.2901,0.015,3.1351,780,32340,0,150,0,150,584340,10140,83,124649.0,8.18
30,30801,田辺市,676482,30,6.0,6.0,2.04,6.0,7164.0618,0.0106,0.8475,31,868,0,0,31,0,12834,10230,94,102691.0,6.98
13,13808,多摩市,673302,25,76.74,112.83,4.26,33.0,17165.9367,0.0255,1.4625,276,24288,0,0,0,345,13524,20562,77,22553.0,76.11
9,09411,那須塩原市,670250,19,,,2.5,10.0,11478.1291,0.0171,13.943,0,150,0,0,0,0,1300,6375,44,144983.0,7.92
8,08564,常総市,669900,18,,,2.23,10.0,10711.9981,0.016,5.881,0,968,0,44,0,0,428472,6776,82,37199.0,28.8
4,04606,加美町,667563,5,,,,,11666.0654,0.0175,3.4829,0,0,0,0,0,0,0,780,15,80500.0,14.49
27,27383,大阪市浪速区,664920,21,89.27,149.4,6.02,46.0,10640.1272,0.016,2.296,720,31392,0,72,0,288,594720,25056,87,10963.0,97.05
1,01700,乙部町,662898,6,,,,,7533.0045,0.0114,0.5506,0,0,0,0,0,0,64020,9118,11,147751.0,5.1
32,32528,松江市,654512,40,15.75,30.0,2.77,14.0,12818.0326,0.0196,2.5454,76,10621,0,0,19,114,46835,72542,132,73319.0,17.48
1,01700,滝上町,649318,10,2.0,2.5,1.68,3.0,9815.0024,0.0151,0.5958,388,4268,0,194,0,0,632828,3298,10,147751.0,6.64
1,01700,浦臼町,646796,7,,,,,9390.1162,0.0145,0.7235,0,0,0,0,0,0,176928,2522,11,147751.0,6.36
1,01700,鹿部町,644468,2,,,5.0,5.0,9449.5373,0.0147,0.6905,0,388,0,0,0,194,195358,1164,11,147751.0,6.4
20,20602,諏訪市,642642,19,5.94,10.8,2.08,14.0,6890.5541,0.0107,0.7925,1309,11011,0,1001,1309,231,609994,9009,43,97847.0,7.04
22,22461,熱海市,641130,19,50.7,97.39,2.79,30.0,7950.3732,0.0124,1.0463,86,21457,0,43,0,86,30530,4601,57,107405.0,7.4
20,20602,高森町,641102,19,,,1.88,2.0,9541.0506,0.0149,0.9135,0,616,0,0,0,77,0,9625,11,97847.0,9.75
12,12801,旭市,638520,18,,,1.59,10.0,11358.6083,0.0178,1.6754,0,45600,0,0,0,0,780,2340,38,36816.0,30.85
21,21604,海津市,635544,14,65.0,65.0,,,9320.0031,0.0147,2.6104,42,0,0,0,0,0,36834,12894,20,217761.0,4.28
1,01700,豊頃町,633604,6,,,,,13357.4688,0.0211,0.5954,0,0,0,0,0,0,194,5820,8,147751.0,9.04
13,13808,武蔵野市,631074,24,28.73,62.0,3.28,30.0,11431.0489,0.0181,1.4326,1035,73416,345,276,0,0,69345,30981,84,22553.0,50.69
24,24562,津市,623239,34,1.0,1.0,2.44,13.0,12784.8701,0.0205,9.2187,29,8149,0,0,0,29,21344,23026,100,71118.0,17.98
1,01700,陸別町,623128,5,,,1.5,2.0,10796.0505,0.0173,0.7321,0,388,0,0,0,0,332128,2134,12,147751.0,7.31
1,01700,浜頓別町,621188,6,,,2.0,2.0,11301.0659,0.0182,1.1852,0,388,0,194,0,0,426994,5238,22,147751.0,7.65
13,13808,羽村市,620724,27,5.32,20.95,1.96,14.0,9402.2627,0.0151,3.1263,345,60789,207,759,0,5589,33327,17733,26,22553.0,41.69
1,01700,雨竜町,620218,5,,,2.0,2.0,7752.765,0.0125,0.56,0,582,0,0,0,0,2134,5626,9,147751.0,5.25
26,26465,福知山市,619200,35,1.9,2.0,2.01,9.0,10105.4079,0.0163,3.4748,108,12348,0,0,0,36,29340,13680,52,61640.0,16.39
41,41441,鳥栖市,618000,24,1.84,5.5,1.07,6.0,10255.6893,0.0166,2.4021,320,4120,40,0,0,0,387880,2560,128,48760.0,21.03
1,01700,沼田町,615950,6,,,,,8381.7884,0.0136,0.9178,0,0,0,0,0,0,313116,1358,10,147751.0,5.67
23,23801,豊山町,609420,9,6.9,6.9,1.5,2.0,7467.2881,0.0123,2.617,70,140,0,0,70,0,592550,1050,20,91832.0,8.13
20,20602,飯田市,604527,37,2.0,2.0,2.21,10.0,13492.6042,0.0223,2.0716,77,7700,0,0,77,0,29876,60445,76,97847.0,13.79
40,40801,八女市,602542,12,5.0,15.0,1.52,16.0,9603.2721,0.0159,1.5888,876,5767,365,146,146,0,1533,5475,20,48244.0,19.91
1,01700,妹背牛町,601788,9,,,2.0,2.0,7898.8039,0.0131,0.5266,0,194,0,0,0,0,776,6402,13,147751.0,5.35
1,01700,上川町,601594,14,,,1.14,2.0,8387.6529,0.0139,0.4774,0,1358,0,0,194,0,426606,6014,22,147751.0,5.68
11,11465,鳩山町,592632,17,28.0,28.0,1.75,4.0,6394.3923,0.0108,3.1402,72,288,0,0,0,0,562176,3024,12,57789.0,11.07
27,27383,阪南市,589896,14,,,2.67,6.0,6821.8764,0.0116,1.2561,0,432,0,0,0,0,10440,4104,30,10963.0,62.23
1,01700,小平町,588790,7,,,,,6584.5356,0.0112,0.3516,0,0,0,0,0,0,281882,4850,11,147751.0,4.46
43,43531,御船町,587363,10,,,,,7823.821,0.0133,1.9921,0,0,0,0,0,0,20972,735,137,68382.0,11.44
1,01700,愛別町,586268,6,,,,,8922.5337,0.0152,0.799,0,0,0,0,0,0,970,6790,14,147751.0,6.04
22,22461,下田市,586047,20,,,2.77,10.0,5812.9594,0.0099,0.4559,0,8858,0,0,0,43,102985,4343,49,107405.0,5.41
28,28586,たつの市,585599,17,5.0,5.0,1.81,4.0,10459.1304,0.0179,2.21,49,7791,0,0,0,0,35231,4606,105,69755.0,14.99
6,06461,酒田市,585095,26,8.86,30.0,1.97,11.0,10409.6077,0.0178,3.1562,245,5075,0,0,0,0,13685,26390,278,131439.0,7.92
15,15586,加茂市,583749,18,,,2.2,4.0,6490.1732,0.0111,1.9129,0,5809,0,0,0,0,2331,7289,20,117053.0,5.54
11,11465,越生町,581040,24,,,1.0,1.0,5933.9375,0.0102,0.5978,0,72,0,0,0,0,537696,2448,17,57789.0,10.27
43,43531,あさぎり町,578886,7,,,1.67,2.0,8893.2553,0.0154,1.0938,0,147,0,0,0,0,137249,147,88,68382.0,13.01
28,28586,伊丹市,576730,37,6.4,11.6,3.35,15.0,14928.9962,0.0259,5.5588,1078,15729,0,0,1078,441,42532,20678,81,69755.0,21.4
43,43531,宇土市,576289,13,,,2.95,5.0,8589.0685,0.0149,2.8368,0,1078,0,0,0,0,20335,1323,89,68382.0,12.56
28,28586,香美町,575456,17,,,1.88,4.0,8656.4198,0.015,0.6915,0,5537,0,0,98,49,4802,6762,34,69755.0,12.41
26,26465,京丹後市,575100,27,5.0,5.0,1.61,12.0,7627.3593,0.0133,0.8337,72,10620,0,0,0,36,26640,13932,52,61640.0,12.37
4,04606,美里町,574587,10,,,2.18,4.0,9122.7428,0.0159,4.8645,0,429,0,0,0,0,1404,351,20,80500.0,11.33
29,29453,田原本町,568854,9,,,1.33,2.0,7184.8258,0.0126,1.4744,0,117,0,0,0,0,5382,1014,21,67238.0,10.69
27,27383,豊能町,567288,8,,,,,4856.0734,0.0086,0.3764,0,0,0,0,0,0,5544,1224,29,10963.0,44.3
10,10525,前橋市,565915,36,22.63,153.8,4.33,32.0,14292.2453,0.0253,9.255,490,7840,0,0,0,0,140350,30975,115,78108.0,18.3
3,03524,宮古市,565818,20,,,2.15,7.0,8982.3741,0.0159,3.5461,0,15246,0,0,0,0,39897,5214,205,125898.0,7.13
27,27383,忠岡町,562752,16,6.73,45.36,1.86,10.0,7083.8235,0.0126,1.3287,559728,404424,0,216,559584,394344,288,1296,8,10963.0,64.62
29,29453,広陵町,561405,12,,,4.54,5.0,6645.0477,0.0118,1.594,0,1014,0,0,0,0,2964,1833,21,67238.0,9.88
28,28586,神戸市中央区,560168,39,98.24,190.0,6.62,54.0,17601.3181,0.0314,4.1986,1029,47187,0,147,147,686,244216,54292,144,69755.0,25.23
27,27383,堺市美原区,559296,22,,,1.95,10.0,8149.0794,0.0146,3.0709,0,4464,0,72,0,2160,50328,3960,19,10963.0,74.33
7,07564,浪江町,558199,10,,,4.0,5.0,8668.6118,0.0155,1.9684,0,118,0,0,0,59,83190,1357,113,123184.0,7.04
1,01700,幌延町,556586,13,,,,,10709.5424,0.0192,0.6307,0,0,0,0,0,0,128816,13968,15,147751.0,7.25
11,11465,富士見市,554184,31,2.0,2.0,3.09,12.0,6975.876,0.0126,4.5489,72,8424,0,72,0,0,33768,32184,31,57789.0,12.07
16,16343,富山市,553395,33,8.59,85.62,2.74,23.0,13521.3623,0.0244,3.9043,5865,24435,0,60,15,15,265065,15780,130,124176.0,10.89
43,43531,南阿蘇村,553308,13,,,,,9030.4552,0.0163,0.794,0,0,0,0,0,0,131908,2450,146,68382.0,13.21
1,01700,利尻富士町,552706,4,,,6.0,6.0,6093.0853,0.011,0.2067,0,194,0,0,0,0,532724,4462,23,147751.0,4.12
22,22461,長泉町,548422,12,3.0,3.0,2352.95,1234567.0,8494.4868,0.0155,2.8889,43,22575,0,0,0,0,53750,1935,25,107405.0,7.91
19,19443,大月市,545373,8,,,1.5,2.0,5607.6336,0.0103,0.7937,0,54,0,0,0,0,544131,621,47,60248.0,9.31
38,38506,西予市,540540,20,,,3.12,7.0,6116.5667,0.0113,0.7289,0,520,0,0,0,0,1100,3320,121,58369.0,10.48
20,20602,松本市,540001,36,2.42,7.0,1.83,15.0,16337.8447,0.0303,3.4616,924,80080,0,77,77,308,62524,27566,94,97847.0,16.7
21,21604,多治見市,539826,29,96.49,96.49,1.88,29.0,10412.9353,0.0193,2.7042,42,2058,0,0,0,42,2814,12138,35,217761.0,4.78
13,13808,大島町,537027,10,,,1.46,4.0,5862.2679,0.0109,0.2688,0,15180,0,0,0,0,514947,2967,52,22553.0,25.99
17,17463,輪島市,536693,22,19.0,23.0,1.02,4.0,5966.6057,0.0111,1.4182,38,10906,0,0,0,0,23598,1387,178,75492.0,7.9
4,04606,利府町,536640,20,,,1.17,10.0,7815.2514,0.0146,6.4177,0,12090,0,0,0,39,9048,13572,57,80500.0,9.71
5,05464,三種町,535600,14,,,2.38,5.0,7512.2467,0.014,0.6275,0,200,0,0,0,0,325,5925,9,120959.0,6.21
22,22461,吉田町,535307,6,,,4.5,5.0,9460.6352,0.0177,3.0546,0,86,0,0,0,0,387,1591,12,107405.0,8.81
13,13808,小金井市,533301,21,48.59,99.58,2.84,26.0,7610.1204,0.0143,0.9989,414,12006,0,0,0,69,109089,18699,63,22553.0,33.74
29,29453,大和高田市,532311,19,,,2.01,5.0,5755.0427,0.0108,0.8698,0,3042,0,0,0,0,12402,3822,26,67238.0,8.56
4,04606,大和町,532038,12,1.0,1.0,1.17,5.0,11030.3354,0.0207,5.5758,39,2262,0,0,0,0,39,5304,30,80500.0,13.7
15,15586,糸魚川市,530543,10,8.5,10.0,2.55,8.0,7428.2904,0.014,1.2266,74,814,0,0,0,0,103674,7696,45,117053.0,6.35
40,40801,添田町,530053,9,,,,,6743.773,0.0127,0.626,0,0,0,0,0,0,146,876,60,48244.0,13.98
40,40801,大刀洗町,529031,10,,,,,8875.1552,0.0168,3.0261,0,0,0,0,0,0,26207,0,105,48244.0,18.4
1,01700,歌志内市,528456,5,,,,,5238.318,0.0099,0.4473,0,0,0,0,0,0,0,1164,11,147751.0,3.55
33,33681,高梁市,527961,23,9.5,16.0,1.78,4.0,7533.2173,0.0143,13.5048,62,279,0,0,62,248,138880,4123,74,82853.0,9.09
1,01700,積丹町,524576,4,,,,,5766.3485,0.011,0.2984,0,0,0,0,0,0,238426,2522,14,147751.0,3.9
11,11465,和光市,517464,24,16.0,30.0,3.86,15.0,8978.6316,0.0174,1.5146,288,9720,72,288,0,72,11304,9144,44,57789.0,15.54
2,02450,弘前市,516520,34,14.4,14.4,3.5,15.0,11388.7733,0.022,2.7921,40,880,0,0,0,280,53360,30920,62,86420.0,13.18
10,10525,桐生市,510650,39,,,2.81,11.0,8532.333,0.0167,11.9274,0,4725,0,0,0,0,420,6125,36,78108.0,10.92
14,14402,箱根町,508312,20,8.99,52.4,1.52,12.0,7223.6873,0.0142,0.753,267206,287564,0,58,267206,348,257346,9512,76,25393.0,28.45
18,18501,小浜市,506804,26,,,1.36,5.0,5263.629,0.0104,0.5622,0,1683,0,0,0,0,210443,9979,18,87243.0,6.03
26,26465,精華町,506520,25,,,2.67,14.0,5977.874,0.0118,1.9746,0,1836,0,0,0,0,19980,3564,34,61640.0,9.7
15,15586,新潟市中央区,506197,40,41.83,59.99,4.23,31.0,10916.5461,0.0216,3.0154,111,9731,0,0,0,148,200096,34928,121,117053.0,9.33
14,14402,秦野市,503382,35,,,2.31,11.0,11774.4075,0.0234,4.2318,0,40136,0,116,58,1914,180148,51156,60,25393.0,46.37
1,01700,古平町,502848,4,,,,,5845.9987,0.0116,0.3791,0,0,0,0,0,0,0,6014,11,147751.0,3.96
22,22461,清水町,499918,7,,,1.19,6.0,6332.2437,0.0127,3.5059,0,23306,0,0,0,0,132698,731,15,107405.0,5.9
22,22461,浜松市東区,499832,21,8.0,8.0,2.32,10.0,10301.3182,0.0206,5.7505,43,1763,0,0,0,86,1935,22489,45,107405.0,9.59
7,07564,白河市,499612,10,8.52,18.0,2.68,13.0,9889.8761,0.0198,3.0284,944,5369,649,0,0,59,378780,3304,28,123184.0,8.03
38,38506,松山市,498780,36,43.36,59.73,3.99,52.0,10336.6594,0.0207,2.3851,120,2840,40,20,0,60,37320,14980,148,58369.0,17.71
29,29453,天理市,498342,19,,,2.83,4.0,7991.3817,0.016,2.2957,0,234,0,0,0,78,9321,3705,44,67238.0,11.89
13,13808,稲城市,495075,22,17.33,30.0,2.74,14.0,8423.2414,0.017,1.4386,207,10833,0,0,0,69,91563,7935,128,22553.0,37.35
23,23801,設楽町,494060,4,,,1.0,1.0,5452.5318,0.011,0.7002,0,70,0,0,0,0,7140,18620,26,91832.0,5.94
1,01700,利尻町,493924,7,,,,,5064.0194,0.0103,0.3439,0,0,0,0,0,0,485582,5238,16,147751.0,3.43
1,01700,上砂川町,492178,6,,,1.29,2.0,5822.3656,0.0118,0.5722,0,1358,0,0,0,0,0,5820,7,147751.0,3.94
19,19443,都留市,489105,9,,,1.4,3.0,5936.4429,0.0121,1.1326,0,270,0,0,0,0,488511,810,31,60248.0,9.85
14,14402,平塚市,488186,33,6.0,8.0,2.74,14.0,14341.8005,0.0294,4.2408,116,8294,0,58,0,58,60958,24186,80,25393.0,56.48
17,17463,加賀市,487749,25,,,2.19,8.0,7339.7513,0.015,3.0912,0,2983,0,0,0,0,476824,1748,38,75492.0,9.72
1,01700,礼文町,485970,12,11.0,11.0,1.71,2.0,5294.656,0.0109,0.3089,194,2716,0,0,0,0,351140,13386,24,147751.0,3.58
16,16343,氷見市,484425,21,,,1.95,9.0,6892.3414,0.0142,3.5735,0,4260,0,0,0,0,5835,1770,365,124176.0,5.55
1,01700,初山別村,484418,4,,,,,4733.0199,0.0098,0.2456,0,0,0,0,0,0,0,2134,8,147751.0,3.2
22,22461,森町,479192,13,,,3.67,7.0,7106.784,0.0148,1.5381,0,129,0,0,0,0,5074,2967,18,107405.0,6.62
12,12801,鋸南町,471000,14,4.0,4.0,1.3,14.0,5374.7292,0.0114,0.3107,60,9660,0,0,0,0,7380,2160,132,36816.0,14.6
12,12801,大網白里市,468900,12,,,3.53,13.0,5437.0065,0.0116,0.9912,0,1020,0,0,0,0,120,660,17,36816.0,14.77
9,09411,足利市,467000,26,,,2.73,14.0,8087.3017,0.0173,13.8817,0,275,0,0,0,50,163900,8400,131,144983.0,5.58
44,44462,由布市,465138,23,6.0,6.0,1.5,2.0,6089.2527,0.0131,1.7536,18,36,0,0,0,0,26028,1890,236,90314.0,6.74
30,30801,和歌山市,465124,38,16.99,81.29,2.61,28.0,11394.0184,0.0245,22.0482,372,42532,0,31,31,62,21204,42842,404,102691.0,11.1
29,29453,桜井市,464451,21,,,2.04,3.0,6379.6149,0.0137,1.1714,0,1989,0,0,0,0,33462,7449,36,67238.0,9.49
11,11465,さいたま市中央区,462960,33,81.36,168.3,2.52,35.0,8261.4873,0.0178,4.3123,432,283392,0,0,0,0,58680,64800,46,57789.0,14.3
29,29453,斑鳩町,461058,7,32.0,32.0,2.0,5.0,4453.9282,0.0097,1.4915,39,273,0,0,0,195,4212,3276,19,67238.0,6.62
40,40801,柳川市,459608,16,,,2.27,7.0,8149.5904,0.0177,0.7961,0,2409,0,0,0,0,6497,9855,88,48244.0,16.89
37,37406,高松市,457402,44,69.92,150.0,2.53,30.0,8798.1753,0.0192,3.4164,68,39440,0,0,17,272,248710,13532,116,37554.0,23.43
1,01700,京極町,455512,7,,,,,7631.4083,0.0168,1.0689,0,0,0,0,0,0,7954,6596,18,147751.0,5.17
6,06461,南陽市,453880,12,,,2.0,3.0,7232.1595,0.0159,0.9251,0,280,0,0,0,0,239750,2765,35,131439.0,5.5
4,04606,大河原町,450489,8,,,1.36,2.0,5969.3874,0.0133,1.6082,0,429,0,0,0,0,0,1677,9,80500.0,7.42
23,23801,飛島村,449680,5,,,,,18419.2785,0.041,7.9897,0,0,0,0,0,0,119630,140,6,91832.0,20.06
3,03524,大船渡市,446490,20,3.0,3.0,1.89,3.0,7409.6724,0.0166,1.7334,33,3795,0,0,0,0,3069,3234,121,125898.0,5.89
27,27383,藤井寺市,445032,9,,,2.0,3.0,4210.8554,0.0095,1.9374,0,432,0,0,0,0,42768,4104,19,10963.0,38.41
1,01700,黒松内町,443872,15,,,2.0,2.0,6744.3953,0.0152,0.4148,0,1164,0,0,0,0,53156,11252,15,147751.0,4.56
1,01700,南富良野町,443678,14,,,1.5,2.0,6761.2378,0.0152,0.436,0,1552,0,0,0,0,160050,8730,21,147751.0,4.58
1,01700,真狩村,443290,4,,,,,6998.2881,0.0158,0.4442,0,0,0,0,0,0,8148,3298,13,147751.0,4.74
11,11465,横瀬町,443016,13,,,1.73,4.0,5325.2944,0.012,0.8636,0,1080,0,72,0,0,1152,1656,95,57789.0,9.22
4,04606,丸森町,442884,11,14.0,14.0,1.6,3.0,6389.0511,0.0144,0.7464,39,585,0,0,0,0,60879,663,103,80500.0,7.94
43,43531,熊本市西区,442372,21,34.5,108.75,6.04,30.0,8113.9779,0.0183,1.1199,343,1225,98,0,0,0,18620,6174,171,68382.0,11.87
27,27383,堺市南区,440568,26,,,3.15,15.0,8945.9182,0.0203,1.6267,0,23904,0,0,0,3456,89352,9216,42,10963.0,81.6
40,40801,福岡市早良区,439314,30,33.2,234.0,4.95,40.0,11616.0346,0.0264,1.3652,1825,5329,292,0,0,219,6643,37741,53,48244.0,24.08
24,24562,松阪市,438973,16,,,2.18,6.0,5953.2727,0.0136,2.6868,0,2900,0,0,0,0,12209,3741,41,71118.0,8.37
40,40801,大木町,438949,6,,,,,8863.4003,0.0202,2.1853,0,0,0,0,0,0,2993,949,99,48244.0,18.37
25,25443,長浜市,437570,25,1.73,2.46,1.2,15.0,6727.2518,0.0154,4.6544,38,13566,0,0,0,95,35682,6498,71,69305.0,9.71
17,17463,志賀町,437456,18,,,1.0,1.0,6167.1363,0.0141,1.1681,0,133,0,0,0,0,13699,722,180,75492.0,8.17
47,47801,西原町,436800,12,5.25,6.0,3.56,14.0,7709.3085,0.0176,1.7961,84,5460,0,0,0,0,924,2394,21,33440.0,23.05
12,12801,富里市,436560,12,,,4.29,11.0,7256.8821,0.0166,1.6616,0,1260,0,0,0,0,1440,1500,25,36816.0,19.71
45,45443,宮崎市,436176,34,16.0,16.0,6.91,18.0,9329.552,0.0214,6.9126,26,4810,0,0,0,52,65546,32682,88,86802.0,10.75
17,17463,かほく市,435537,27,,,1.36,2.0,6213.7841,0.0143,3.8275,0,209,0,19,0,0,38798,1083,166,75492.0,8.23
13,13808,日野市,434838,25,24.25,35.0,2.5,14.0,10839.3061,0.0249,5.7646,414,45954,0,69,0,0,132825,22977,85,22553.0,48.06
1,01700,猿払村,433784,7,,,,,10071.9529,0.0232,0.955,0,0,0,0,0,0,38800,3298,13,147751.0,6.82
27,27383,貝塚市,430992,20,,,2.95,14.0,11424.567,0.0265,4.293,0,2808,0,216,0,0,2952,18576,48,10963.0,104.21
7,07564,下郷町,429048,14,6.84,7.0,1.53,3.0,5135.7076,0.012,0.3541,8968,38409,0,0,0,0,230336,5782,17,123184.0,4.17
26,26465,長岡京市,428220,31,6.82,20.0,2.26,21.0,5199.1838,0.0121,2.9351,504,24912,0,0,0,0,139068,6660,42,61640.0,8.43
23,23801,西尾市,427840,23,6.56,14.1,2.22,20.0,12804.5655,0.0299,7.9783,2800,4690,0,0,2240,770,69790,25200,64,91832.0,13.94
7,07564,新地町,426688,11,,,1.75,4.0,6583.4736,0.0154,3.1937,0,236,0,0,0,0,42008,2183,174,123184.0,5.34
17,17463,津幡町,426455,20,,,2.14,3.0,5267.1988,0.0124,2.4922,0,133,0,0,0,0,27265,931,209,75492.0,6.98
19,19443,富士河口湖町,425952,17,,,3.63,7.0,6471.7351,0.0152,2.2132,0,1458,0,0,0,0,412479,3510,69,60248.0,10.74
12,12801,佐倉市,417480,23,,,2.68,31.0,10713.8791,0.0257,4.8935,0,19200,0,0,0,60,20100,11940,48,36816.0,29.1
1,01700,壮瞥町,416906,8,,,2.0,2.0,6722.3619,0.0161,0.6703,0,388,0,0,0,0,4850,8148,13,147751.0,4.55
26,26465,亀岡市,415296,21,,,2.27,19.0,4742.9726,0.0114,1.2973,0,3276,0,0,36,36,40968,6084,83,61640.0,7.69
28,28586,新温泉町,412531,24,5.73,24.0,1.89,8.0,5087.8405,0.0123,0.3808,25039,29253,0,0,49,49,3920,13475,31,69755.0,7.29
12,12801,千葉市緑区,409560,12,4.1,4.1,4.76,15.0,7046.7041,0.0172,2.9442,180,1740,60,0,0,0,360720,3300,38,36816.0,19.14
12,12801,我孫子市,408420,23,,,2.23,12.0,6190.2536,0.0152,2.2583,0,3660,0,0,0,0,82200,8580,40,36816.0,16.81
13,13808,府中市,407928,24,25.23,66.0,5.23,30.0,13824.6832,0.0339,2.041,1794,21045,0,0,69,138,79971,32292,138,22553.0,61.3
43,43531,山都町,406700,9,,,,,6248.3612,0.0154,1.1084,0,0,0,0,0,0,52822,441,143,68382.0,9.14
27,27383,交野市,406368,21,,,3.29,8.0,5088.2934,0.0125,2.7608,0,2016,0,0,0,0,5112,22464,27,10963.0,46.41
27,27383,島本町,406080,22,5.0,7.0,4.76,15.0,5352.0021,0.0132,1.2017,360,2376,0,0,0,0,4680,6480,63,10963.0,48.82
1,01700,寿都町,405072,7,,,2.0,3.0,6032.923,0.0149,0.7155,0,776,0,0,0,0,5626,7760,11,147751.0,4.08
16,16343,黒部市,402120,14,,,2.14,8.0,7282.521,0.0181,17.4603,0,5460,0,0,0,75,150,3255,36,124176.0,5.86
15,15586,妙高市,400488,15,,,1.67,2.0,6349.4411,0.0159,1.5628,0,222,0,0,0,0,2331,8547,38,117053.0,5.42
21,21604,大垣市,400302,25,,,2.29,6.0,6764.0056,0.0169,3.3974,0,2730,0,0,0,42,68502,21420,58,217761.0,3.11
1,01700,中川町,398670,6,,,,,6366.266,0.016,0.2392,0,0,0,0,0,0,354826,6402,14,147751.0,4.31
11,11465,さいたま市南区,398592,20,81.67,99.86,4.29,32.0,7108.8634,0.0178,1.497,144,29376,0,0,0,0,46872,30096,63,57789.0,12.3
12,12801,銚子市,397920,21,,,1.88,13.0,7088.9021,0.0178,2.5803,0,66360,0,0,0,0,2940,2880,31,36816.0,19.25
11,11465,越谷市,397872,21,80.0,80.0,3.38,9.0,11209.778,0.0282,6.2147,72,2664,0,0,0,0,21960,7920,71,57789.0,19.4
30,30801,岩出市,395467,14,,,1.91,15.0,5147.1481,0.013,1.5452,0,8835,0,0,0,0,5828,3038,31,102691.0,5.01
41,41441,小城市,395000,28,13.4,38.0,1.89,10.0,5881.672,0.0149,0.7382,100,5740,0,0,0,0,12340,2460,39,48760.0,12.06
12,12801,長柄町,392940,11,,,1.0,1.0,5513.2477,0.014,1.5142,0,120,0,0,0,0,0,780,126,36816.0,14.98
28,28586,播磨町,391657,17,,,1.56,3.0,5995.4667,0.0153,2.6092,0,784,0,0,0,0,2548,2597,15,69755.0,8.6
3,03524,釜石市,390654,21,,,2.29,9.0,6910.2484,0.0177,1.6999,0,15708,0,0,33,0,214764,11286,182,125898.0,5.49
4,04606,涌谷町,389805,15,,,1.71,3.0,6881.483,0.0177,2.2811,0,1209,0,0,0,0,273,1131,32,80500.0,8.55
43,43531,多良木町,385728,7,7.0,7.0,1.0,1.0,4635.133,0.012,0.8649,49,98,0,0,0,0,133623,441,45,68382.0,6.78
7,07564,大熊町,385388,15,,,2.67,3.0,7568.2566,0.0196,3.0687,0,177,0,0,0,0,40179,3953,110,123184.0,6.14
41,41441,伊万里市,384980,21,,,1.0,1.0,6492.9183,0.0169,9.5483,0,60,0,0,0,0,16500,560,14,48760.0,13.32
11,11465,宮代町,383256,18,,,2.2,3.0,5234.0862,0.0137,4.2025,0,720,0,0,0,0,4032,15336,41,57789.0,9.06
34,34545,廿日市市,381450,34,4.84,4.84,2.23,15.0,5691.7319,0.0149,1.0822,30,12780,0,240,0,60,114510,12030,86,124649.0,4.57
28,28586,朝来市,381024,15,6.28,27.0,1.78,5.0,5924.8587,0.0155,1.4063,342118,18816,0,49,342118,147,317324,6125,23,69755.0,8.49
12,12801,横芝光町,379620,21,,,1.95,14.0,5208.0166,0.0137,0.6922,0,5760,0,0,0,180,29580,8640,22,36816.0,14.15
17,17463,珠洲市,379506,26,6.0,6.0,1.14,4.0,4418.3619,0.0116,0.4103,19,3249,0,0,0,0,34865,4598,109,75492.0,5.85
11,11465,朝霞市,377064,22,8.83,32.6,3.38,15.0,7928.1913,0.021,1.9558,2664,31032,0,0,2664,0,12168,8352,50,57789.0,13.72
12,12801,東金市,376980,13,0.0,0.0,2.71,15.0,7650.4463,0.0203,2.1116,60,3780,0,0,0,0,8940,2340,28,36816.0,20.78
29,29453,大淀町,375843,8,,,2.0,2.0,4478.4963,0.0119,0.7536,0,39,0,0,0,0,819,585,15,67238.0,6.66
31,31403,八頭町,375117,12,,,1.67,3.0,3704.9448,0.0099,0.3204,0,2546,0,0,0,0,359993,437,12,76531.0,4.84
42,42411,大村市,374472,25,,,,,6034.8738,0.0161,1.6237,0,0,0,0,0,21,1281,2352,26,70742.0,8.53
40,40801,福津市,372081,24,4.5,6.0,4.09,14.0,5114.9535,0.0137,3.5187,292,3212,0,0,0,0,361277,17009,14,48244.0,10.6
28,28586,丹波市,371224,23,10.0,10.0,2.0,4.0,7825.5648,0.0211,2.3585,98,2842,0,0,0,0,229712,4410,35,69755.0,11.22
18,18501,若狭町,371025,15,,,2.33,3.0,3787.5381,0.0102,1.4022,0,51,0,0,0,17,95438,2414,11,87243.0,4.34
1,01700,喜茂別町,370540,13,,,1.43,3.0,5433.3149,0.0147,0.7275,0,25608,0,0,0,0,0,17460,13,147751.0,3.68
28,28586,猪名川町,369313,8,0.0,0.0,2.17,4.0,3566.072,0.0097,3.8226,49,294,0,0,0,0,392,1274,19,69755.0,5.11
13,13808,国分寺市,368115,15,129.92,134.87,9.27,36.0,5522.746,0.015,0.8487,138,759,0,0,0,69,11454,6900,75,22553.0,24.49
17,17463,能登町,366586,25,,,1.71,4.0,4451.0477,0.0121,0.6641,0,399,0,0,0,0,64904,1235,122,75492.0,5.9
28,28586,宍粟市,366471,10,,,2.0,3.0,5382.9659,0.0147,1.2024,0,931,0,0,0,0,231917,2205,18,69755.0,7.72
7,07564,大玉村,365269,4,,,,,5406.8926,0.0148,2.3311,0,0,0,0,0,0,6726,354,8,123184.0,4.39
12,12801,匝瑳市,364860,16,,,1.78,5.0,5845.036,0.016,1.914,0,11400,0,0,0,0,1800,1080,16,36816.0,15.88
1,01700,北竜町,362974,4,,,,,4748.7568,0.0131,0.4139,0,0,0,0,0,0,0,5238,9,147751.0,3.21
22,22461,小山町,362490,11,,,1.0,1.0,6788.5163,0.0187,3.3268,0,43,0,0,43,0,23951,2279,32,107405.0,6.32
30,30801,串本町,362018,28,22.67,40.0,3.07,15.0,3665.6347,0.0101,0.6045,93,434,0,0,0,0,8773,3596,46,102691.0,3.57
1,01700,奥尻町,360646,8,,,,,6492.1293,0.018,0.4826,0,0,0,0,0,0,336978,6596,14,147751.0,4.39
15,15586,新潟市西区,356717,28,9.66,35.0,3.13,14.0,7968.5889,0.0223,2.623,4292,1961,0,0,0,0,10138,22533,57,117053.0,6.81
11,11465,草加市,354024,30,25.05,105.27,4.66,30.0,9211.5142,0.026,4.1024,360,10296,0,72,0,0,68472,11448,53,57789.0,15.94
1,01700,秩父別町,353662,7,,,,,5023.2536,0.0142,0.5956,0,0,0,0,0,0,194,3492,12,147751.0,3.4
7,07564,飯舘村,353410,4,,,,,5290.7318,0.015,1.0415,0,0,0,0,0,0,218064,118,74,123184.0,4.29
1,01700,島牧村,352692,3,,,,,3610.8037,0.0102,0.2012,0,0,0,0,0,0,146082,2716,8,147751.0,2.44
20,20602,山形村,352044,5,,,3.0,3.0,5925.9135,0.0168,1.7315,0,77,0,0,0,0,0,5544,6,97847.0,6.06
23,23801,瀬戸市,350630,21,7.04,17.3,2.14,12.0,7599.8953,0.0217,2.2248,1050,1540,0,0,210,0,6720,5600,53,91832.0,8.28
10,10525,太田市,350175,36,,,2.06,15.0,18570.5739,0.053,27.3481,0,4200,0,0,35,0,94920,15225,76,78108.0,23.78
4,04606,蔵王町,348855,7,,,1.4,3.0,6341.3013,0.0182,2.3963,0,195,0,0,0,39,1248,351,15,80500.0,7.88
11,11465,羽生市,346536,25,,,2.64,9.0,11419.1657,0.033,2.7377,0,9792,0,0,0,72,51840,11232,50,57789.0,19.76
20,20602,松川村,346115,9,,,,,4711.6231,0.0136,0.4667,0,0,0,0,0,0,0,462,10,97847.0,4.82
7,07564,相馬市,345563,14,,,3.29,7.0,6998.1436,0.0203,2.9468,0,413,0,0,0,0,88618,3599,98,123184.0,5.68
31,31403,倉吉市,344926,12,,,2.2,6.0,4844.227,0.014,1.2768,0,1026,0,0,0,0,159752,380,166,76531.0,6.33
1,01700,中頓別町,343768,2,,,,,5671.5617,0.0165,0.47,0,0,0,0,0,0,229308,1358,14,147751.0,3.84
24,24562,四日市市,343476,29,100.0,100.0,2.34,14.0,9303.3491,0.0271,4.7772,29,11687,0,0,667,29,84245,14790,79,71118.0,13.08
17,17463,羽咋市,342817,18,,,2.0,3.0,4989.6364,0.0146,1.6524,0,38,0,0,0,19,35549,1292,175,75492.0,6.61
4,04606,南三陸町,341874,15,12.0,12.0,1.5,5.0,4498.4465,0.0132,0.6368,39,936,0,0,0,39,18057,1443,141,80500.0,5.59
23,23801,大口町,338520,27,,,1.68,6.0,10253.5985,0.0303,5.7865,0,126980,0,0,0,0,118580,9940,16,91832.0,11.17
13,13808,三宅村,337962,2,,,,,3020.5644,0.0089,0.2966,0,0,0,0,0,0,0,2277,10,22553.0,13.39
15,15586,村上市,336885,18,0.0,0.0,2.0,2.0,5836.0342,0.0173,2.7013,37,37,0,0,0,37,148,11951,28,117053.0,4.99
1,01700,泊村,336202,2,,,1.0,1.0,4703.9289,0.014,0.5433,0,194,0,0,0,0,0,3298,10,147751.0,3.18
41,41441,神埼市,335800,16,0.0,0.0,1.83,3.0,5211.3037,0.0155,1.7218,20,120,0,0,0,0,3940,680,95,48760.0,10.69
43,43531,高森町,335748,8,,,,,5697.251,0.017,1.118,0,0,0,0,0,0,64778,490,97,68382.0,8.33
1,01700,留寿都村,334844,10,,,1.57,4.0,6142.0051,0.0183,0.3771,0,28130,0,0,0,0,4656,3880,17,147751.0,4.16
1,01700,幌加内町,330188,6,,,1.13,2.0,5627.6215,0.017,1.8206,0,1552,0,0,0,0,272764,3686,13,147751.0,3.81
47,47801,読谷村,329700,22,18.38,28.0,1.83,13.0,5543.8272,0.0168,1.1072,84,1764,0,0,0,126,6132,7140,26,33440.0,16.58
15,15586,田上町,328264,10,,,2.03,3.0,3491.3354,0.0106,0.5152,0,2960,0,0,0,0,3219,3293,9,117053.0,2.98
23,23801,犬山市,325710,12,,,1.81,3.0,9672.8861,0.0297,2.9425,0,1120,0,0,0,140,142310,14490,55,91832.0,10.53
41,41441,白石町,325700,25,,,1.5,2.0,4891.2783,0.015,0.6117,0,40,0,0,0,0,0,980,9,48760.0,10.03
12,12801,八街市,325320,15,,,2.04,7.0,7048.4379,0.0217,1.6774,0,11580,0,0,0,0,900,1140,12,36816.0,19.15
27,27383,堺市西区,325008,32,8.94,39.0,2.74,15.0,12607.7039,0.0388,9.6926,4896,15768,0,72,0,1512,118584,16704,73,10963.0,115.0
4,04606,七ヶ浜町,324675,10,,,1.04,2.0,3860.5881,0.0119,1.4264,0,2145,0,0,0,0,3705,4446,21,80500.0,4.8
20,20602,阿智村,324247,12,,,1.33,2.0,4663.1637,0.0144,0.6478,0,231,0,0,847,0,385,7238,21,97847.0,4.77
22,22461,川根本町,323145,7,,,1.45,3.0,3619.1683,0.0112,0.6735,0,1247,0,0,0,43,86,1032,23,107405.0,3.37
6,06461,寒河江市,322455,10,,,1.5,2.0,7225.8255,0.0224,4.4605,0,70,0,0,0,0,735,2065,21,131439.0,5.5
8,08564,水戸市,322080,25,49.9,100.0,2.88,19.0,10668.986,0.0331,4.2915,176,9328,0,0,0,0,170852,41272,89,37199.0,28.68
15,15586,新潟市東区,320864,22,,,,,7182.0149,0.0224,7.6278,0,0,0,0,0,0,1480,9435,28,117053.0,6.14
33,33681,矢掛町,320726,6,,,2.0,2.0,3568.722,0.0111,0.9137,0,62,0,0,0,0,4433,372,82,82853.0,4.31
41,41441,武雄市,320040,32,4.0,7.0,2.05,12.0,5019.8088,0.0157,1.4633,80,9460,0,20,0,0,360,2980,24,48760.0,10.29
40,40801,北九州市八幡西区,319083,21,61.76,63.82,4.46,19.0,10252.1194,0.0321,6.2027,146,9052,0,0,0,0,13140,5986,46,48244.0,21.25
20,20602,木曽町,318318,8,,,2.14,6.0,4812.7111,0.0151,2.9959,0,539,0,0,154,0,4004,3850,23,97847.0,4.92
7,07564,富岡町,318010,13,,,5.5,7.0,5684.6263,0.0179,1.0767,0,118,0,0,0,0,45489,1534,120,123184.0,4.61
11,11465,秩父市,316440,20,,,1.55,4.0,5106.3568,0.0161,1.1185,0,3960,0,0,0,0,101952,7272,82,57789.0,8.84
11,11465,上里町,315504,11,,,1.77,3.0,5800.4436,0.0184,3.3244,0,10728,0,0,0,0,0,4680,10,57789.0,10.04
17,17463,金沢市,315438,47,45.66,59.95,3.31,31.0,10396.057,0.033,2.2694,95,11020,0,57,0,323,58197,17784,221,75492.0,13.77
23,23801,東栄町,312830,3,,,,,2941.8137,0.0094,0.4918,0,0,0,0,0,0,0,9520,18,91832.0,3.2
14,14402,南足柄市,312156,13,14.35,30.0,1.28,2.0,3935.0391,0.0126,6.3756,1334,1450,0,0,0,0,2378,2610,125,25393.0,15.5
17,17463,中能登町,311258,10,,,1.8,5.0,4618.1758,0.0148,1.692,0,190,0,0,0,0,4883,532,90,75492.0,6.12
8,08564,大洗町,310244,9,13.07,60.0,2.33,3.0,3846.142,0.0124,5.4199,880,132,0,0,484,0,126764,8844,27,37199.0,10.34
4,04606,松島町,309582,12,,,1.83,2.0,4619.7631,0.0149,1.1839,0,2574,0,0,0,39,39,3237,19,80500.0,5.74
15,15586,柏崎市,308247,15,,,2.33,3.0,5427.7603,0.0176,1.8641,0,111,0,0,0,37,2035,6771,34,117053.0,4.64
42,42411,諫早市,308049,14,10.0,10.0,1.94,14.0,4246.7624,0.0138,2.1389,21,2982,0,0,21,0,1932,2100,32,70742.0,6.0
44,44462,中津市,306360,11,,,1.6,2.0,5842.9725,0.0191,14.4922,0,90,0,0,0,0,15894,990,111,90314.0,6.47
43,43531,芦北町,306054,14,3.86,4.0,0.95,1.0,4380.4969,0.0143,0.7983,1029,1029,0,0,0,0,343,1568,106,68382.0,6.41
20,20602,筑北村,305382,4,,,,,3191.817,0.0105,0.6756,0,0,0,0,0,0,0,2079,5,97847.0,3.26
10,10525,館林市,303520,20,,,3.8,10.0,5727.1431,0.0189,4.7265,0,525,0,0,0,0,23310,24535,51,78108.0,7.33
43,43531,錦町,303016,11,,,,,5097.7077,0.0168,1.8912,0,0,0,0,0,0,54145,5243,40,68382.0,7.45
20,20602,原村,302841,14,9.39,26.2,1.43,2.0,4411.5722,0.0146,0.7462,2310,539,0,2310,2310,0,2464,1617,14,97847.0,4.51
34,34545,海田町,302040,11,,,1.89,3.0,3687.5304,0.0122,1.4968,0,270,0,0,0,30,240540,1380,19,124649.0,2.96
41,41441,嬉野市,301540,22,,,1.11,2.0,4066.8705,0.0135,0.7715,0,180,0,0,0,0,200,560,11,48760.0,8.34
40,40801,太宰府市,299738,23,1.0,1.0,2.49,9.0,6093.122,0.0203,1.339,73,11242,0,0,0,146,91688,33288,38,48244.0,12.63
29,29453,河合町,298389,3,,,,,3256.222,0.0109,1.1563,0,0,0,0,0,0,24141,351,11,67238.0,4.84
15,15586,十日町市,297332,19,,,2.28,7.0,4795.8816,0.0161,1.587,0,11174,0,0,0,111,1295,4921,41,117053.0,4.1
4,04606,山元町,297297,11,,,1.8,3.0,5724.5858,0.0193,1.1268,0,195,0,0,0,0,4524,1599,168,80500.0,7.11
41,41441,みやき町,293660,18,,,1.67,3.0,4420.7767,0.0151,1.7129,0,60,0,0,0,0,180,460,135,48760.0,9.07
13,13808,立川市,291663,21,24.89,128.03,4.65,32.0,9306.0003,0.0319,3.7764,4278,28980,2070,3243,0,8832,68034,27048,90,22553.0,41.26
8,08564,下妻市,290972,28,,,2.2,5.0,5514.9081,0.019,6.1823,0,2156,0,0,0,0,64548,7524,51,37199.0,14.83
7,07564,西会津町,289572,7,,,,,3624.1555,0.0125,0.5216,0,0,0,0,0,0,9794,3717,8,123184.0,2.94
29,29453,香芝市,289185,14,,,4.72,5.0,3594.7618,0.0124,2.39,0,1833,0,0,0,0,5343,2886,26,67238.0,5.35
43,43531,荒尾市,287140,13,6.38,10.4,2.67,3.0,4356.8269,0.0152,1.5332,343,147,0,0,343,0,14553,1764,56,68382.0,6.37
26,26465,久御山町,287028,22,,,2.59,9.0,6370.1507,0.0222,5.0342,0,3132,0,0,0,36,19440,11196,20,61640.0,10.33
34,34545,広島市東区,284220,14,57.02,109.75,5.8,35.0,3636.335,0.0128,1.7563,270,1680,0,0,60,30,184560,2820,31,124649.0,2.92
34,34545,熊野町,282750,9,,,2.0,2.0,2974.1361,0.0105,0.4839,0,30,0,0,0,0,30240,300,51,124649.0,2.39
14,14402,横浜市金沢区,282634,36,86.67,130.0,3.72,23.0,8783.5566,0.0311,7.5738,174,13688,0,0,0,232,173014,24360,94,25393.0,34.59
25,25443,高島市,282283,22,,,2.13,5.0,4251.0628,0.0151,3.2877,0,589,0,0,0,19,256557,2584,40,69305.0,6.13
18,18501,あわら市,281554,48,16.5,30.0,1.62,12.0,4616.59,0.0164,1.6123,34,198050,0,102,0,0,170,7837,25,87243.0,5.29
29,29453,五條市,280644,7,,,1.0,1.0,4122.124,0.0147,1.0722,0,117,0,0,0,0,14547,1092,25,67238.0,6.13
16,16343,入善町,277815,9,,,,,4633.7036,0.0167,5.3873,0,0,0,0,0,0,0,2685,16,124176.0,3.73
12,12801,神崎町,275040,5,,,1.0,1.0,3344.8435,0.0122,1.9243,0,60,0,0,0,0,1140,480,7,36816.0,9.09
3,03524,陸前高田市,274824,26,5.0,5.0,1.73,4.0,4624.8093,0.0168,0.904,66,2211,0,0,0,0,13134,7458,159,125898.0,3.67
3,03524,山田町,271986,19,,,2.06,6.0,3874.2297,0.0142,0.8004,0,3102,0,0,0,0,12837,1485,167,125898.0,3.08
19,19443,身延町,270756,14,21.0,21.0,3.0,5.0,3007.9352,0.0111,1.2426,27,54,0,0,0,27,255987,1404,29,60248.0,4.99
38,38506,内子町,270560,17,,,2.2,3.0,3160.2687,0.0117,1.5374,0,100,0,0,0,0,1000,1380,129,58369.0,5.41
15,15586,魚沼市,270248,16,,,2.0,5.0,4498.9632,0.0166,3.5157,0,19166,0,37,0,0,7067,8140,35,117053.0,3.84
7,07564,須賀川市,269807,18,,,1.67,12.0,6710.229,0.0249,3.3094,0,42008,0,0,0,0,649,6549,26,123184.0,5.45
5,05464,美郷町,269550,17,,,2.36,5.0,3866.4282,0.0143,1.4481,0,275,0,0,0,0,1875,4425,13,120959.0,3.2
34,34545,広島市佐伯区,269220,19,16.5,16.5,1.9,5.0,4096.9604,0.0152,1.4096,120,1740,120,0,0,0,74790,4080,26,124649.0,3.29
11,11465,滑川町,269064,13,30.0,30.0,2.0,3.0,4803.5411,0.0179,2.36,72,792,0,0,0,0,34416,3888,36,57789.0,8.31
28,28586,養父市,268275,17,6.95,9.7,1.93,4.0,3400.5722,0.0127,1.2901,196,3969,0,0,196,0,5929,4067,25,69755.0,4.88
5,05464,にかほ市,267700,16,,,2.25,3.0,3502.9916,0.0131,3.0269,0,200,0,0,0,0,150,5550,20,120959.0,2.9
22,22461,東伊豆町,267288,13,,,6.38,12.0,3267.6112,0.0122,0.586,0,1677,0,0,0,0,1806,2709,16,107405.0,3.04
1,01700,占冠村,266944,8,3.0,3.0,15.89,36.0,5108.3851,0.0191,0.8818,194,1746,0,0,0,0,25220,7566,22,147751.0,3.46
41,41441,有田町,266180,24,10.0,10.0,2.5,4.0,3807.6129,0.0143,0.9356,20,200,0,20,0,580,251460,2520,35,48760.0,7.81
15,15586,新潟市北区,263329,14,,,,,5355.4014,0.0203,2.3603,0,0,0,0,0,37,111,11951,28,117053.0,4.58
1,01700,鶴居村,263258,4,,,,,5202.2929,0.0198,0.2756,0,0,0,0,0,0,47530,3298,11,147751.0,3.52
4,04606,川崎町,260910,12,,,1.22,3.0,4993.2609,0.0191,1.4392,0,12012,0,0,0,0,0,1716,25,80500.0,6.2
20,20602,白馬村,260491,16,,,2.69,6.0,4060.5378,0.0156,0.8397,0,1001,0,0,154,0,70378,6622,40,97847.0,4.15
1,01700,赤井川村,259960,6,,,,,6937.9465,0.0267,3.4575,0,0,0,0,0,0,8148,4462,14,147751.0,4.7
6,06461,長井市,258720,13,,,1.5,2.0,3912.5464,0.0151,0.7104,0,70,0,0,0,0,35,5110,20,131439.0,2.98
33,33681,新見市,254541,13,8.5,10.0,1.86,3.0,3500.6876,0.0138,1.7213,124,217,0,0,31,0,36828,682,22,82853.0,4.23
34,34545,江田島市,253200,9,,,1.5,2.0,2812.526,0.0111,1.2355,0,60,0,0,0,0,10500,600,59,124649.0,2.26
28,28586,明石市,250537,25,83.03,124.05,4.42,34.0,11837.4623,0.0472,6.3334,98,11515,0,0,0,0,71148,16366,72,69755.0,16.97
12,12801,市原市,250380,20,,,2.17,15.0,8451.7636,0.0338,6.4058,0,2520,0,0,0,0,10440,6540,98,36816.0,22.96
40,40801,糸島市,250317,23,17.11,25.0,4.33,13.0,5918.4613,0.0236,1.8922,657,4015,0,0,0,73,46355,6789,39,48244.0,12.27
2,02450,おいらせ町,250000,9,,,2.5,4.0,4187.9642,0.0168,4.3838,0,160,0,0,0,0,5720,1520,13,86420.0,4.85
12,12801,千葉市美浜区,248580,19,54.35,177.0,8.47,50.0,12683.4988,0.051,8.3306,3480,9360,0,0,0,120,134820,12840,69,36816.0,34.45
43,43531,西原村,248577,8,,,,,4290.828,0.0173,0.8015,0,0,0,0,0,0,101969,147,71,68382.0,6.27
40,40801,福岡市西区,248054,35,7.0,10.0,3.53,19.0,12844.6789,0.0518,3.0281,146,7081,0,0,73,2336,33288,32923,64,48244.0,26.62
11,11465,さいたま市緑区,246168,26,13.68,24.0,2.69,15.0,6163.0445,0.025,3.2659,792,58392,0,0,0,0,9504,24552,52,57789.0,10.66
4,04606,村田町,244296,12,,,1.33,2.0,4704.869,0.0193,1.2843,0,351,0,0,0,0,39,1638,18,80500.0,5.84
5,05464,由利本荘市,244150,23,,,2.74,10.0,5458.9905,0.0224,4.0558,0,975,0,0,0,75,6975,13875,41,120959.0,4.51
27,27383,大阪狭山市,243288,19,2.0,2.0,4.44,11.0,3932.9036,0.0162,0.9839,72,648,0,0,0,72,63864,8352,51,10963.0,35.87
19,19443,山中湖村,242865,11,5.0,5.0,1.45,3.0,3814.4988,0.0157,2.4343,27,540,0,0,27,0,228474,1134,33,60248.0,6.33
11,11465,本庄市,242784,17,,,1.98,13.0,5977.7082,0.0246,7.9684,0,28800,0,0,0,0,216,14544,33,57789.0,10.34
21,21604,岐阜市,242550,30,99.01,132.64,5.85,35.0,9381.546,0.0387,4.3864,294,2226,0,0,0,84,30912,42588,102,217761.0,4.31
7,07564,只見町,242372,11,5.0,5.0,1.65,4.0,3157.7048,0.013,2.8194,118,5723,0,0,0,59,181189,3717,16,123184.0,2.56
40,40801,飯塚市,242141,25,,,4.95,20.0,12686.8652,0.0524,10.0987,0,1460,0,0,0,0,365,28908,24,48244.0,26.3
40,40801,北九州市小倉北区,241995,22,66.39,132.0,6.38,24.0,12196.3948,0.0504,5.8477,657,8833,0,146,0,0,146511,27448,43,48244.0,25.28
11,11465,さいたま市西区,241848,26,2.0,2.0,2.47,8.0,5008.4155,0.0207,0.9046,72,31320,0,0,0,0,2880,18648,41,57789.0,8.67
2,02450,つがる市,241720,12,,,1.33,2.0,4504.8393,0.0186,2.1873,0,120,0,0,0,0,680,4400,18,86420.0,5.21
18,18501,高浜町,241060,7,,,,,2345.6445,0.0097,3.2301,0,0,0,0,0,0,833,1785,7,87243.0,2.69
11,11465,深谷市,239760,33,,,1.96,14.0,8200.4163,0.0342,17.5627,0,23256,0,0,0,0,3312,16488,48,57789.0,14.19
7,07564,川俣町,237652,3,,,,,3450.7162,0.0145,0.9399,0,0,0,0,0,0,118531,59,23,123184.0,2.8
17,17463,宝達志水町,236436,14,,,1.13,2.0,3490.2894,0.0148,3.5836,0,152,0,0,0,0,15105,760,154,75492.0,4.62
30,30801,紀の川市,235352,26,,,2.0,10.0,4307.1445,0.0183,1.801,0,868,0,0,0,0,9207,7595,37,102691.0,4.19
41,41441,鹿島市,234840,24,4.52,25.0,1.91,10.0,3403.746,0.0145,1.0639,480,460,40,0,0,0,160,1100,13,48760.0,6.98
35,35502,宇部市,234764,32,10.38,37.0,2.83,15.0,5984.9421,0.0255,1.9771,76,437,0,0,0,0,84645,9405,61,102323.0,5.85
5,05464,仙北市,234750,28,,,2.54,6.0,3819.9652,0.0163,1.6197,0,325,0,0,0,75,3775,9075,45,120959.0,3.16
8,08564,土浦市,234696,17,60.0,60.0,2.9,20.0,10243.7133,0.0436,9.0291,44,1276,0,0,0,44,8228,6820,50,37199.0,27.54
24,24562,伊賀市,234610,29,15.0,15.0,2.66,7.0,4831.3571,0.0206,2.171,29,1798,0,0,0,0,3422,13398,60,71118.0,6.79
11,11465,さいたま市桜区,234144,22,5.62,20.0,2.05,10.0,6787.5183,0.029,1.4429,8712,44712,0,0,0,0,5904,20088,44,57789.0,11.75
15,15586,新発田市,231398,15,,,1.0,1.0,5512.1815,0.0238,2.8561,0,37,0,0,0,0,444,12617,41,117053.0,4.71
14,14402,逗子市,230782,15,,,2.32,10.0,2830.4028,0.0123,0.771,0,3248,0,0,0,58,153584,2088,32,25393.0,11.15
17,17463,内灘町,230774,16,,,,,2634.2527,0.0114,0.8695,0,0,0,0,0,19,133,931,103,75492.0,3.49
22,22461,南伊豆町,228588,8,,,1.04,2.0,2547.1094,0.0111,0.2721,0,2064,0,0,0,0,14663,817,18,107405.0,2.37
5,05464,五城目町,228475,9,,,,,3272.0608,0.0143,1.7354,0,0,0,0,0,25,125,4125,7,120959.0,2.71
46,46802,肝付町,228420,11,,,2.44,3.0,3428.4451,0.015,1.1471,0,405,0,0,0,0,142020,1710,23,68292.0,5.02
18,18501,坂井市,228327,44,,,1.8,9.0,5442.7856,0.0238,2.4875,0,152014,0,102,0,17,2652,7820,50,87243.0,6.24
16,16343,魚津市,226875,11,,,2.32,7.0,4222.5191,0.0186,2.1317,0,1155,0,0,0,0,1590,1440,28,124176.0,3.4
12,12801,鎌ケ谷市,226860,21,,,3.37,13.0,6577.7849,0.029,1.8311,0,9060,0,0,0,0,14100,2100,26,36816.0,17.87
40,40801,筑紫野市,226446,20,,,2.67,4.0,5976.0716,0.0264,2.5618,0,219,0,0,0,0,123954,16790,33,48244.0,12.39
7,07564,柳津町,225734,13,,,1.54,3.0,2574.6839,0.0114,0.611,0,7552,0,0,0,59,140184,3009,12,123184.0,2.09
40,40801,福岡市南区,225351,22,6.86,35.0,3.3,14.0,7088.2075,0.0315,1.2657,1022,14162,0,0,0,0,8103,45260,105,48244.0,14.69
47,47801,豊見城市,225330,21,,,4.03,14.0,5724.4112,0.0254,4.2561,0,10416,0,42,42,0,13566,5964,32,33440.0,17.12
33,33681,美作市,224471,20,16.0,16.0,2.05,7.0,2571.0355,0.0115,0.605,31,1271,0,0,62,0,40765,4030,30,82853.0,3.1
37,37406,丸亀市,223516,30,,,3.38,14.0,4944.7319,0.0221,5.5013,0,2890,0,0,0,0,17340,9163,45,37554.0,13.17
41,41441,多久市,223460,21,20.0,20.0,2.0,2.0,3544.6065,0.0159,1.6615,20,20,0,0,0,0,14520,280,4,48760.0,7.27
7,07564,磐梯町,222666,3,,,,,2961.1784,0.0133,0.9516,0,0,0,0,0,0,220955,590,12,123184.0,2.4
22,22461,西伊豆町,222095,6,,,1.22,10.0,2184.1657,0.0098,0.6218,0,4816,0,0,0,0,41710,1075,14,107405.0,2.03
7,07564,楢葉町,220778,13,12.16,31.0,2.44,8.0,4555.7812,0.0206,1.4028,649,944,0,0,0,177,6018,2242,46,123184.0,3.7
18,18501,おおい町,220065,8,,,,,2205.0608,0.01,2.2147,0,0,0,0,0,0,38301,2414,11,87243.0,2.53
11,11465,狭山市,219384,26,6.67,8.0,3.25,10.0,9307.8594,0.0424,8.7448,216,4032,0,0,0,0,30168,44424,56,57789.0,16.11
13,13808,新島村,218937,4,,,1.0,1.0,2777.2325,0.0127,0.2375,0,345,0,0,0,0,4623,621,56,22553.0,12.31
39,39428,津野町,218280,19,,,,,2141.0443,0.0098,0.4509,0,0,0,0,0,0,41242,3332,20,64228.0,3.33
15,15586,小千谷市,215932,12,,,2.13,5.0,3437.328,0.0159,2.9548,0,2257,0,0,0,0,12802,4255,26,117053.0,2.94
29,29453,三郷町,215826,12,,,2.4,4.0,1992.0179,0.0092,0.4226,0,195,0,0,0,0,1092,741,15,67238.0,2.96
6,06461,鶴岡市,215460,32,24.73,38.0,2.39,13.0,7117.6001,0.033,2.8491,105,15295,0,0,35,35,137585,33145,82,131439.0,5.42
29,29453,宇陀市,215124,8,,,2.0,2.0,2652.5502,0.0123,0.9037,0,663,0,0,0,0,31122,5421,31,67238.0,3.95
36,36489,海陽町,214056,9,,,3.0,4.0,2115.9979,0.0099,1.1303,0,72,0,0,0,0,240,1680,16,72142.0,2.93
6,06461,真室川町,212800,5,,,,,3011.8607,0.0142,0.8467,0,0,0,0,0,0,3500,140,9,131439.0,2.29
23,23801,東郷町,212590,12,7.36,10.7,2.14,3.0,3754.686,0.0177,1.4711,420,490,0,0,420,0,490,4480,19,91832.0,4.09
26,26465,舞鶴市,211824,30,,,2.39,15.0,5234.0193,0.0247,4.3642,0,8640,0,0,0,0,39312,10872,39,61640.0,8.49
45,45443,新富町,210678,12,,,3.07,4.0,3261.3541,0.0155,1.1306,0,364,0,0,0,0,390,7566,15,86802.0,3.76
24,24562,鈴鹿市,208394,25,10.0,10.0,2.03,9.0,8055.4531,0.0387,6.4081,29,8874,0,0,29,116,31146,26245,59,71118.0,11.33
4,04606,大郷町,208260,8,,,,,4728.8631,0.0227,1.381,0,0,0,0,0,0,0,624,11,80500.0,5.87
29,29453,上牧町,208104,7,,,,,2205.5824,0.0106,1.8392,0,0,0,0,0,0,2028,819,9,67238.0,3.28
6,06461,天童市,208005,10,,,2.0,3.0,5121.8489,0.0246,3.2929,0,70,0,0,0,0,7560,3500,27,131439.0,3.9
2,02450,中泊町,206800,18,,,,,3036.3432,0.0147,0.523,0,0,0,0,0,0,6160,3800,14,86420.0,3.51
22,22461,河津町,205282,12,0.43,0.6,1.07,11.0,2279.2773,0.0111,0.2523,129,12728,0,0,0,0,989,817,20,107405.0,2.12
21,21604,八百津町,204750,8,,,2.2,3.0,1714.9667,0.0084,0.3521,0,210,0,0,0,0,0,882,7,217761.0,0.79
1,01700,西興部村,202536,5,,,,,3732.3934,0.0184,0.8856,0,0,0,0,0,0,0,3298,12,147751.0,2.53
11,11465,幸手市,201528,18,,,1.8,2.0,6139.8857,0.0305,5.7528,0,1080,0,0,0,0,1440,3960,46,57789.0,10.62
20,20602,辰野町,200662,20,5.09,11.7,2.33,3.0,4413.4728,0.022,1.809,462,231,0,0,462,0,385,14091,17,97847.0,4.51
22,22461,松崎町,197585,6,,,1.91,6.0,2209.7912,0.0112,0.3869,0,946,0,0,0,0,1161,2494,18,107405.0,2.06
15,15586,胎内市,196322,17,,,1.0,1.0,3787.2721,0.0193,2.758,0,74,0,0,0,0,37,4403,20,117053.0,3.24
34,34545,坂町,195960,10,,,3.0,3.0,3027.7396,0.0155,5.9138,0,30,0,0,0,0,18690,1320,109,124649.0,2.43
20,20602,上田市,195734,29,,,1.87,10.0,9317.3606,0.0476,2.9114,0,34265,0,0,0,77,13013,19096,59,97847.0,9.52
2,02450,大間町,193760,14,,,,,2173.7152,0.0112,0.7611,0,0,0,0,0,0,160720,1800,13,86420.0,2.52
20,20602,伊那市,192423,25,7.65,14.3,2.35,8.0,5350.8258,0.0278,3.8431,154,1309,0,77,77,0,308,11858,41,97847.0,5.47
5,05464,男鹿市,192250,16,2.0,2.0,1.43,3.0,2749.757,0.0143,2.0336,25,175,0,0,0,50,300,3625,24,120959.0,2.27
3,03524,大槌町,191994,11,2.4,2.4,1.57,6.0,2724.947,0.0142,0.6475,33,3069,0,0,0,0,20757,726,153,125898.0,2.16
11,11465,行田市,191520,29,25.0,50.0,1.65,8.0,4822.4095,0.0252,2.0374,144,77328,0,0,0,0,52992,11808,45,57789.0,8.34
7,07564,田村市,190983,11,,,,,3468.4068,0.0182,1.5379,0,0,0,0,0,0,59885,885,34,123184.0,2.82
12,12801,山武市,190200,19,,,1.77,14.0,5168.0593,0.0272,1.6465,0,9900,0,0,0,0,5400,11280,32,36816.0,14.04
15,15586,燕市,189773,13,5.0,5.0,2.07,3.0,3544.8616,0.0187,1.0312,37,518,0,0,0,0,222,6290,27,117053.0,3.03
4,04606,色麻町,189501,5,,,1.0,1.0,4241.0996,0.0224,3.4737,0,39,0,0,0,0,0,312,9,80500.0,5.27
27,27383,高石市,189360,23,78.79,78.79,3.23,23.0,4856.9954,0.0256,1.1524,72,2880,0,0,0,144,4896,15336,46,10963.0,44.3
1,01700,神恵内村,189344,1,,,,,1878.1237,0.0099,0.3017,0,0,0,0,0,0,5626,1358,10,147751.0,1.27
26,26465,宇治田原町,188964,8,,,1.14,2.0,2839.6021,0.015,1.6192,0,252,0,0,0,0,684,324,15,61640.0,4.61
47,47801,竹富町,188874,19,,,1.5,2.0,2596.5022,0.0137,0.4305,0,84,0,0,0,0,51450,1638,56,33440.0,7.76
17,17463,穴水町,187074,18,1.0,1.0,1.94,6.0,2331.901,0.0125,0.7242,19,4617,0,0,0,0,28899,1862,112,75492.0,3.09
45,45443,延岡市,185224,23,,,2.67,8.0,4669.6673,0.0252,5.5982,0,156,0,0,0,0,33826,8398,26,86802.0,5.38
20,20602,塩尻市,184800,19,7.16,10.1,2.93,12.0,5612.3222,0.0304,2.6181,693,2233,0,0,693,0,616,4235,33,97847.0,5.74
21,21604,恵那市,184632,20,,,1.73,4.0,2737.3047,0.0148,1.0634,0,462,0,0,0,0,83958,1386,30,217761.0,1.26
34,34545,北広島町,184500,8,,,2.0,2.0,2973.1434,0.0161,1.9104,0,150,0,0,0,0,0,450,11,124649.0,2.39
7,07564,湯川村,183077,4,,,,,2463.8571,0.0135,0.5119,0,0,0,0,0,0,176764,944,9,123184.0,2.0
28,28586,神戸市兵庫区,182966,24,19.63,45.0,5.19,17.0,5779.1404,0.0316,4.0622,147,12201,0,0,49,147,23128,14210,47,69755.0,8.28
28,28586,南あわじ市,182672,14,,,1.71,3.0,3540.7606,0.0194,1.3209,0,833,0,0,0,0,16709,3822,33,69755.0,5.08
40,40801,東峰村,182135,3,,,,,2381.1083,0.0131,0.9015,0,0,0,0,0,0,73,0,31,48244.0,4.94
31,31403,岩美町,182134,12,3.0,3.0,1.72,3.0,1619.5693,0.0089,0.7873,19,874,0,0,0,0,3781,247,16,76531.0,2.12
20,20602,小川村,181412,14,,,1.5,2.0,3044.1738,0.0168,0.3895,0,154,0,0,0,0,0,4004,7,97847.0,3.11
11,11465,三郷市,181080,24,,,2.66,18.0,9405.9033,0.0519,7.3828,0,34560,0,0,0,72,91872,6768,41,57789.0,16.28
33,33681,岡山市南区,180296,29,17.44,430.0,1.92,10.0,5751.4753,0.0319,1.6601,1395,5239,0,0,0,0,22971,22258,38,82853.0,6.94
5,05464,湯沢市,179675,19,,,2.77,4.0,3198.1459,0.0178,1.9216,0,325,0,0,0,50,4750,8575,27,120959.0,2.64
3,03524,遠野市,179058,17,,,2.01,3.0,2889.0305,0.0161,1.0465,0,4158,0,0,0,0,7557,1518,37,125898.0,2.29
24,24562,木曽岬町,178901,4,,,,,3181.8993,0.0178,3.7934,0,0,0,0,0,0,58,58,3,71118.0,4.47
46,46802,姶良市,177660,17,,,3.26,7.0,8124.0075,0.0457,12.2823,0,6210,0,0,0,0,585,15930,21,68292.0,11.9
28,28586,神戸市灘区,177576,24,5.0,5.0,4.15,15.0,7031.01,0.0396,12.8385,49,10241,0,49,49,49,25431,14504,51,69755.0,10.08
46,46802,与論町,177165,10,7.0,7.0,4.0,6.0,2679.6087,0.0151,0.4689,45,135,45,0,0,0,0,270,56,68292.0,3.92
10,10525,みどり市,175875,31,,,2.42,21.0,3404.8541,0.0194,2.7387,0,2275,0,0,0,35,105,2555,24,78108.0,4.36
44,44462,大分市,174384,37,16.27,200.0,4.2,19.0,7762.6756,0.0445,19.0433,1206,9666,0,54,18,198,62622,28116,129,90314.0,8.6
23,23801,武豊町,173950,11,,,4.67,10.0,5878.674,0.0338,6.3592,0,210,0,0,0,0,70,2660,17,91832.0,6.4
19,19443,上野原市,173421,15,,,3.14,5.0,2127.5671,0.0123,0.6924,0,189,0,0,0,0,30321,918,74,60248.0,3.53
21,21604,本巣市,172284,16,,,2.05,3.0,4809.3768,0.0279,7.5189,0,4452,0,0,0,0,1050,14322,42,217761.0,2.21
40,40801,筑前町,171915,4,,,,,2978.4469,0.0173,0.7718,0,0,0,0,0,0,47669,657,37,48244.0,6.17
41,41441,基山町,171780,18,,,2.0,2.0,2511.8847,0.0146,2.522,0,20,0,0,0,0,128240,360,16,48760.0,5.15
11,11465,小鹿野町,171720,2,,,,,2013.0456,0.0117,0.2685,0,0,0,0,0,0,72,360,10,57789.0,3.48
23,23801,扶桑町,171640,9,,,2.1,4.0,2262.3511,0.0132,2.4402,0,700,0,0,0,0,280,1960,10,91832.0,2.46
28,28586,淡路市,171206,24,10.0,10.0,4.22,9.0,3401.0436,0.0199,1.0217,245,441,0,0,0,0,106575,6272,35,69755.0,4.88
43,43531,嘉島町,171157,6,,,2.0,2.0,3419.0506,0.02,6.3242,0,49,0,0,0,0,3479,490,44,68382.0,5.0
14,14402,愛川町,169824,14,13.0,13.0,1.5,2.0,6656.8402,0.0392,2.3061,58,696,0,0,0,0,6554,3132,52,25393.0,26.22
12,12801,東庄町,169800,12,,,2.0,5.0,2173.5549,0.0128,1.0879,0,1440,0,0,0,0,600,1980,16,36816.0,5.9
47,47801,八重瀬町,168252,14,,,3.56,6.0,2558.4668,0.0152,1.0518,0,378,0,0,0,0,9870,4242,14,33440.0,7.65
43,43531,湯前町,166355,12,,,1.29,2.0,2263.3336,0.0136,0.5009,0,343,0,0,0,0,149352,4998,30,68382.0,3.31
18,18501,美浜町,166158,7,,,,,1852.6713,0.0112,1.5205,0,0,0,0,0,0,89692,799,18,87243.0,2.12
28,28586,小野市,165816,15,5.88,29.6,2.23,9.0,5189.9531,0.0313,3.7333,43365,1078,0,0,43365,0,47089,2058,33,69755.0,7.44
29,29453,三宅町,165243,6,,,,,1803.494,0.0109,0.3645,0,0,0,0,0,0,1404,156,7,67238.0,2.68
41,41441,吉野ヶ里町,164120,21,,,2.0,2.0,2833.2151,0.0173,1.6645,0,20,0,0,0,0,69020,480,49,48760.0,5.81
33,33681,真庭市,163494,16,,,1.25,2.0,3026.8776,0.0185,2.5184,0,124,0,0,93,0,1395,3162,34,82853.0,3.65
8,08564,守谷市,163196,13,,,1.13,2.0,2679.4622,0.0164,3.3109,0,352,0,0,0,0,1144,1540,37,37199.0,7.2
7,07564,金山町,162309,10,,,1.45,2.0,1905.2561,0.0117,0.4891,0,3422,0,0,0,0,118413,1947,15,123184.0,1.55
24,24562,志摩市,161414,26,12.7,12.7,2.43,7.0,2744.7637,0.017,1.3515,29,3045,0,0,0,58,4727,2436,32,71118.0,3.86
21,21604,神戸町,161028,12,,,,,3079.11,0.0191,6.2493,0,0,0,0,0,0,42,11970,9,217761.0,1.41
6,06461,最上町,161000,5,,,,,2695.4359,0.0167,1.5959,0,0,0,0,0,0,0,385,7,131439.0,2.05
33,33681,岡山市東区,160704,36,8.88,35.0,2.07,11.0,3735.1245,0.0232,5.7946,1798,3565,0,0,930,0,83638,12183,37,82853.0,4.51
24,24562,伊勢市,160370,34,3.5,4.5,2.22,12.0,5192.6334,0.0324,8.7502,58,3741,0,0,0,0,22852,19372,72,71118.0,7.3
27,27383,太子町,158544,21,,,1.89,5.0,1770.8853,0.0112,0.7083,0,17568,0,0,0,0,18072,3960,26,10963.0,16.15
28,28586,洲本市,158466,20,,,1.75,3.0,3113.4129,0.0196,1.0524,0,392,0,0,0,0,7252,3920,34,69755.0,4.46
11,11465,三芳町,157536,16,5.25,7.5,2.71,9.0,3373.9638,0.0214,2.447,144,504,0,0,144,0,3096,4320,21,57789.0,5.84
8,08564,ひたちなか市,157256,21,17.67,213.5,3.86,14.0,12479.6327,0.0794,4.1338,1936,2772,0,0,0,132,968,12892,56,37199.0,33.55
5,05464,小坂町,156875,12,,,3.0,5.0,2390.6418,0.0152,0.7219,0,75,0,0,0,0,200,1975,13,120959.0,1.98
20,20602,南木曽町,156772,6,,,1.5,2.0,1985.5316,0.0127,0.7274,0,154,0,0,77,0,5159,1078,13,97847.0,2.03
34,34545,大竹市,156390,16,0.0,0.0,2.33,5.0,2591.1221,0.0166,2.4859,30,2190,0,30,0,0,3720,1650,12,124649.0,2.08
23,23801,蒲郡市,156310,26,45.0,45.0,1.39,13.0,5687.348,0.0364,2.5874,70,4970,0,0,0,0,9520,13860,43,91832.0,6.19
4,04606,大衡村,156273,8,,,1.0,1.0,4568.4706,0.0292,3.6635,0,39,0,0,0,0,0,390,13,80500.0,5.68
29,29453,王寺町,156273,9,,,,,1419.0081,0.0091,0.8439,0,0,0,0,0,0,2808,1248,17,67238.0,2.11
40,40801,宗像市,154468,15,,,3.16,15.0,3430.1896,0.0222,1.8544,0,5621,0,0,0,0,36427,11534,21,48244.0,7.11
42,42411,南島原市,153405,27,13.5,13.5,2.7,5.0,2597.7986,0.0169,1.4523,21,210,0,0,0,21,41937,5943,19,70742.0,3.67
11,11465,蕨市,153360,16,,,3.39,11.0,2736.2359,0.0178,2.1391,0,6768,0,0,0,0,104040,3744,22,57789.0,4.73
46,46802,薩摩川内市,153090,17,,,1.43,3.0,3951.9077,0.0258,2.6801,0,315,0,0,0,0,4770,8100,36,68292.0,5.79
26,26465,宮津市,152532,18,,,2.17,6.0,2590.8345,0.017,1.1242,0,12600,0,0,0,36,18288,5616,44,61640.0,4.2
38,38506,八幡浜市,151920,14,,,6.0,6.0,1554.9679,0.0102,0.8043,0,20,0,0,0,0,19620,840,77,58369.0,2.66
28,28586,加西市,151312,23,,,1.75,3.0,4375.4966,0.0289,2.2756,0,196,0,0,0,0,10731,5880,36,69755.0,6.27
43,43531,菊陽町,150430,10,,,1.0,1.0,4359.3507,0.029,4.4181,0,196,0,0,0,0,48706,1813,69,68382.0,6.37
7,07564,北塩原村,150214,9,,,3.0,3.0,2410.829,0.016,1.168,0,118,0,0,0,0,26727,1711,18,123184.0,1.96
16,16343,朝日町,150210,10,,,1.9,7.0,2549.546,0.017,3.0081,0,4785,0,0,0,0,60,5205,20,124176.0,2.05
23,23801,田原市,150010,17,,,1.4,7.0,12492.6446,0.0833,10.8433,0,6160,0,0,0,0,19110,10220,42,91832.0,13.6
3,03524,岩手町,149424,11,6.75,8.0,1.42,3.0,2318.0132,0.0155,1.2106,132,792,0,0,0,0,0,2904,68,125898.0,1.84
21,21604,郡上市,149352,17,,,2.0,5.0,2902.0502,0.0194,1.2444,0,24150,0,0,0,0,17514,4200,46,217761.0,1.33
1,01700,音威子府村,148992,3,,,4.0,4.0,2498.5912,0.0168,0.4004,0,194,0,0,0,0,2716,7760,11,147751.0,1.69
6,06461,東根市,148260,12,,,1.33,2.0,4209.5362,0.0284,2.4556,0,105,0,0,0,0,3885,3150,32,131439.0,3.2
33,33681,浅口市,148118,18,9.16,12.0,1.86,4.0,1958.3826,0.0132,1.3981,589,2015,0,0,0,0,1023,3162,37,82853.0,2.36
13,13808,東久留米市,146280,12,7.19,11.5,2.71,14.0,4094.3734,0.028,2.646,11937,12696,0,4968,11937,414,16974,4278,41,22553.0,18.15
2,02450,三沢市,145800,16,,,6.89,9.0,6407.7063,0.0439,1.6539,0,720,0,0,0,40,9680,18840,35,86420.0,7.41
2,02450,十和田市,144480,11,,,4.29,6.0,4933.5872,0.0341,3.1506,0,280,0,0,0,40,2640,3200,31,86420.0,5.71
6,06461,金山町,143430,2,,,2.0,2.0,2079.9924,0.0145,0.6753,0,35,0,0,0,0,0,210,6,131439.0,1.58
26,26465,井手町,142308,8,1.8,1.8,2.5,3.0,1690.5192,0.0119,1.2413,36,72,0,0,0,0,0,252,11,61640.0,2.74
29,29453,安堵町,140868,4,,,2.0,2.0,1763.6169,0.0125,2.1065,0,39,0,0,0,0,117,39,5,67238.0,2.62
12,12801,多古町,140700,20,5.0,6.0,1.54,3.0,3576.9237,0.0254,1.1552,120,780,0,0,0,0,240,1380,11,36816.0,9.72
23,23801,幸田町,140560,8,,,3.22,11.0,4516.1566,0.0321,6.6794,0,630,0,0,0,0,700,3290,22,91832.0,4.92
11,11465,飯能市,140256,26,10.0,10.0,2.76,15.0,4218.8301,0.0301,1.8005,72,2376,0,72,0,0,57528,13608,49,57789.0,7.3
24,24562,東員町,140128,10,,,,,1269.6302,0.0091,2.9246,0,0,0,0,0,0,145,174,13,71118.0,1.79
18,18501,福井市,139910,37,56.68,120.0,2.88,28.0,6048.5958,0.0432,3.3928,153,19125,17,85,0,0,23307,15453,83,87243.0,6.93
27,27383,泉佐野市,139536,26,81.2,81.2,2.51,22.0,5871.7826,0.0421,2.506,72,3384,0,0,0,1152,7272,9792,62,10963.0,53.56
5,05464,大潟村,138575,10,,,7.0,7.0,3214.7183,0.0232,0.7382,0,25,0,0,0,0,50,675,5,120959.0,2.66
16,16343,高岡市,138330,28,22.47,59.84,2.22,19.0,3543.7377,0.0256,4.0291,90,14475,0,0,0,0,76410,3780,85,124176.0,2.85
3,03524,平泉町,138270,13,,,1.0,1.0,2157.2826,0.0156,1.8053,0,33,0,0,0,66,134475,2343,21,125898.0,1.71
4,04606,女川町,137982,13,5.46,15.0,1.9,3.0,2256.1427,0.0164,2.5214,507,2340,0,0,0,0,11037,663,29,80500.0,2.8
21,21604,高山市,137676,22,9.0,9.0,2.27,25.0,3892.844,0.0283,1.4512,42,13986,42,0,84,84,30366,6426,72,217761.0,1.79
29,29453,平群町,137592,16,,,2.0,3.0,1694.703,0.0123,3.2514,0,78,0,0,0,0,3003,1287,22,67238.0,2.52
7,07564,昭和村,137352,4,,,,,1452.3303,0.0106,0.2511,0,0,0,0,0,0,113103,177,5,123184.0,1.18
15,15586,三条市,136641,15,,,2.33,5.0,4894.3447,0.0358,4.0051,0,1221,0,0,0,0,7437,10841,34,117053.0,4.18
14,14402,三浦市,136474,17,,,2.38,4.0,2359.1917,0.0173,1.0015,0,754,58,0,0,174,60146,3364,39,25393.0,9.29
12,12801,千葉市稲毛区,136200,21,73.33,80.0,4.69,37.0,6502.9448,0.0477,2.6776,360,9780,0,0,0,0,48900,8880,64,36816.0,17.66
14,14402,湯河原町,135836,16,6.68,14.4,2.21,6.0,1837.8482,0.0135,0.6909,580,6554,0,0,522,0,3306,1392,19,25393.0,7.24
43,43531,宇城市,135534,19,,,1.38,3.0,3526.8041,0.026,4.0097,0,637,0,0,0,98,1421,4312,44,68382.0,5.16
40,40801,上毛町,134612,3,,,1.0,1.0,2412.8451,0.0179,1.4621,0,73,0,0,0,0,0,146,29,48244.0,5.0
46,46802,曽於市,134595,7,,,2.25,3.0,3019.0637,0.0224,1.1051,0,180,0,0,0,0,630,270,47,68292.0,4.42
38,38506,鬼北町,133360,11,,,3.0,3.0,1456.4951,0.0109,0.6435,0,60,0,0,0,0,0,500,21,58369.0,2.5
42,42411,佐世保市,132762,31,136.0,136.0,2.2,6.0,4317.4007,0.0325,5.1814,63,1386,0,0,0,0,37086,8190,62,70742.0,6.1
12,12801,四街道市,132660,14,20.0,20.0,2.23,20.0,2826.9871,0.0213,3.7478,60,11760,0,0,0,0,660,3300,32,36816.0,7.68
16,16343,射水市,132540,18,14.63,30.0,1.97,10.0,3893.3006,0.0294,5.3381,135,5310,0,0,15,15,2805,1905,33,124176.0,3.14
11,11465,ときがわ町,132480,7,,,,,2259.8394,0.0171,1.3425,0,0,0,0,0,0,118656,1440,12,57789.0,3.91
47,47801,中城村,132132,8,8.0,8.0,3.55,9.0,2129.8136,0.0161,0.5331,42,924,0,0,0,0,504,1512,18,33440.0,6.37
42,42411,時津町,132048,12,,,2.0,4.0,2212.2357,0.0168,2.4741,0,105,0,0,0,0,1197,4011,17,70742.0,3.13
20,20602,小諸市,131670,22,4.93,15.8,2.73,7.0,3347.4775,0.0254,5.1104,10934,847,0,0,10934,308,96019,12166,35,97847.0,3.42
40,40801,北九州市小倉南区,131035,25,18.68,59.72,2.96,19.0,6095.3517,0.0465,3.2161,292,7738,0,0,0,0,44384,8468,39,48244.0,12.63
2,02450,階上町,130160,8,,,1.76,2.0,2280.6984,0.0175,3.9107,0,1480,0,0,0,0,40,800,8,86420.0,2.64
39,39428,須崎市,129710,22,,,,,1790.3497,0.0138,1.1143,0,0,0,0,0,0,60248,3332,17,64228.0,2.79
15,15586,新潟市西蒲区,129537,10,,,3.33,5.0,2897.5554,0.0224,2.4943,0,111,0,0,0,0,4514,4366,20,117053.0,2.48
15,15586,湯沢町,129463,14,,,3.46,30.0,2457.7391,0.019,2.2553,0,2960,0,0,37,0,6179,4921,36,117053.0,2.1
11,11465,加須市,128880,17,,,3.88,15.0,10749.7256,0.0834,2.3199,0,576,0,0,0,0,936,5256,50,57789.0,18.6
12,12801,習志野市,128820,20,21.78,161.04,3.38,44.0,9665.2081,0.075,4.1768,2760,8940,0,0,240,0,39660,7980,55,36816.0,26.25
7,07564,三島町,128797,10,,,1.63,3.0,1369.7166,0.0106,0.2215,0,7080,0,0,0,0,94636,649,7,123184.0,1.11
14,14402,葉山町,128064,17,,,2.08,5.0,1598.3508,0.0125,0.6277,0,1392,0,0,0,0,33524,1218,38,25393.0,6.29
44,44462,佐伯市,126900,27,8.26,30.0,2.2,11.0,3171.4959,0.025,25.3693,1224,1890,0,0,0,0,17118,4914,33,90314.0,3.51
11,11465,久喜市,126864,20,,,3.88,7.0,7723.8538,0.0609,3.7523,0,2952,0,0,0,72,5832,6264,61,57789.0,13.37
5,05464,八郎潟町,126425,7,,,1.0,1.0,1634.0827,0.0129,0.5123,0,25,0,0,0,0,0,1950,5,120959.0,1.35
19,19443,忍野村,126387,7,,,,,2469.1793,0.0195,3.7216,0,0,0,0,0,0,124524,729,15,60248.0,4.1
29,29453,川西町,126126,8,,,1.67,2.0,1745.5097,0.0138,1.7627,0,117,0,0,0,0,858,2028,11,67238.0,2.6
19,19443,北杜市,125658,19,7.7,10.6,1.75,6.0,2919.2534,0.0232,3.3796,54,864,0,54,81,0,92880,3078,66,60248.0,4.85
8,08564,五霞町,125180,4,,,2.0,3.0,3705.5493,0.0296,4.6003,0,88,0,0,0,0,0,616,5,37199.0,9.96
2,02450,蓬田村,125000,7,,,,,1616.0288,0.0129,1.0514,0,0,0,0,0,0,124640,120,5,86420.0,1.87
43,43531,球磨村,124264,1,,,,,1304.0357,0.0105,0.1885,0,0,0,0,0,0,0,392,42,68382.0,1.91
21,21604,安八町,124152,9,,,2.0,2.0,2785.6484,0.0224,3.5658,0,84,0,0,0,0,0,7728,8,217761.0,1.28
23,23801,新城市,123830,16,,,1.5,3.0,4519.8693,0.0365,2.649,0,420,0,0,0,0,15680,25410,55,91832.0,4.92
38,38506,伊予市,123040,16,,,1.0,1.0,1791.4779,0.0146,1.9469,0,40,0,0,0,0,3040,540,66,58369.0,3.07
10,10525,明和町,122920,10,1.52,5.0,1.03,2.0,1975.7003,0.0161,1.9976,9975,17780,35,0,0,0,490,560,11,78108.0,2.53
46,46802,錦江町,122445,5,,,,,1456.0982,0.0119,0.4357,0,0,0,0,0,0,180,360,6,68292.0,2.13
46,46802,屋久島町,122040,14,,,2.06,4.0,2211.4799,0.0181,0.4457,0,765,0,0,0,0,9090,3465,34,68292.0,3.24
40,40801,北九州市戸畑区,121253,10,59.9,59.9,3.66,19.0,2123.9449,0.0175,1.6732,73,3869,0,0,0,0,5402,1168,20,48244.0,4.4
27,27383,千早赤阪村,120600,4,,,2.0,3.0,1062.1314,0.0088,0.9286,0,144,0,0,0,0,216,4896,15,10963.0,9.69
33,33681,笠岡市,119598,15,8.0,12.0,1.82,4.0,1930.1118,0.0161,1.6506,62,341,0,0,31,0,86428,5084,44,82853.0,2.33
5,05464,井川町,119350,6,,,,,1594.5502,0.0134,2.2141,0,0,0,0,0,0,150,2175,7,120959.0,1.32
9,09411,栃木市,118950,22,,,2.13,4.0,7363.0268,0.0619,21.2109,0,400,0,0,0,0,3025,12325,82,144983.0,5.08
23,23801,豊根村,118510,2,,,,,1492.31,0.0126,2.1297,0,0,0,0,0,0,0,4760,12,91832.0,1.63
2,02450,五戸町,117400,5,,,2.0,3.0,2219.0904,0.0189,1.06,0,160,0,0,0,0,0,1120,6,86420.0,2.57
23,23801,知立市,116480,14,,,3.19,21.0,3486.1254,0.0299,2.7183,0,2590,0,0,0,0,8050,15260,36,91832.0,3.8
10,10525,伊勢崎市,115640,32,,,1.0,1.0,6552.9764,0.0567,9.8452,0,245,0,0,0,0,490,13300,45,78108.0,8.39
5,05464,潟上市,115175,12,41.15,59.8,3.0,4.0,2206.9985,0.0192,1.2401,50,50,0,0,100,25,100,2800,16,120959.0,1.82
36,36489,北島町,115008,9,,,,,1317.9484,0.0115,1.7368,0,0,0,0,0,0,0,1200,20,72142.0,1.83
6,06461,高畠町,114660,11,,,1.25,2.0,2750.4688,0.024,2.5282,0,140,0,0,0,0,0,4165,22,131439.0,2.09
34,34545,庄原市,114360,16,,,1.91,3.0,2385.559,0.0209,0.9881,0,4200,0,0,30,0,34440,3570,24,124649.0,1.91
8,08564,筑西市,114224,22,,,1.71,5.0,4407.3681,0.0386,2.9403,0,308,0,0,0,0,7568,5236,39,37199.0,11.85
47,47801,国頭村,114114,12,15.0,15.0,1.67,5.0,1846.3943,0.0162,0.4812,42,378,0,0,42,42,1260,1680,22,33440.0,5.52
31,31403,北栄町,113430,6,,,1.0,1.0,1534.5591,0.0135,0.8552,0,342,0,0,0,0,10526,95,86,76531.0,2.01
20,20602,王滝村,113344,1,,,,,1289.4194,0.0114,0.253,0,0,0,0,0,0,31416,847,14,97847.0,1.32
11,11465,伊奈町,113256,14,,,,,4392.0233,0.0388,1.3267,0,0,0,0,0,0,49896,2880,19,57789.0,7.6
13,13808,小笠原村,112953,7,,,1.0,1.0,1922.5389,0.017,0.3729,0,138,0,0,0,0,621,966,47,22553.0,8.52
14,14402,伊勢原市,112868,25,59.31,80.0,2.42,14.0,6513.0997,0.0577,1.6987,406,11252,0,232,0,1276,11542,11832,54,25393.0,25.65
29,29453,吉野町,112281,14,20.3,20.3,1.53,2.0,1499.2002,0.0134,0.4475,39,741,0,0,39,39,5421,3822,29,67238.0,2.23
46,46802,奄美市,111465,18,,,7.67,10.0,2633.2329,0.0236,0.7173,0,135,0,0,0,0,18585,13455,22,68292.0,3.86
36,36489,松茂町,110832,10,,,2.08,4.0,1907.4233,0.0172,1.2854,0,888,0,0,0,0,0,1512,15,72142.0,2.64
26,26465,和束町,110412,8,,,1.0,1.0,1492.0741,0.0135,0.3733,0,72,0,0,0,0,72,1116,22,61640.0,2.42
23,23801,高浜市,109760,6,,,,,2222.3921,0.0202,1.1246,0,0,0,0,0,0,0,1120,10,91832.0,2.42
18,18501,永平寺町,109123,12,,,1.5,3.0,1596.7486,0.0146,1.0587,0,102,0,0,0,0,1904,952,17,87243.0,1.83
26,26465,大山崎町,108864,17,3.0,3.0,2.38,5.0,1543.2821,0.0142,1.6585,36,6228,0,0,0,36,11520,2484,30,61640.0,2.5
39,39428,室戸市,107882,10,,,1.25,3.0,1272.698,0.0118,0.6912,0,136,0,0,0,0,442,1020,18,64228.0,1.98
30,30801,すさみ町,107818,7,,,1.0,1.0,1238.7078,0.0115,0.5137,0,62,0,0,0,0,62,93,12,102691.0,1.21
47,47801,うるま市,107730,15,7.88,25.0,2.86,9.0,4333.0144,0.0402,1.9004,714,2772,0,0,0,0,7896,5418,45,33440.0,12.96
35,35502,山陽小野田市,106381,18,6.92,20.0,1.87,5.0,2164.2607,0.0203,3.0409,114,285,0,0,0,0,25460,2679,37,102323.0,2.12
11,11465,吉見町,106128,7,,,2.75,5.0,3075.7416,0.029,4.3953,0,288,0,0,0,0,3600,864,20,57789.0,5.32
6,06461,上山市,106050,9,,,41.0,41.0,2501.1235,0.0236,2.5563,0,35,0,0,0,0,245,1855,25,131439.0,1.9
7,07564,伊達市,105905,11,,,1.76,2.0,2708.6194,0.0256,1.479,0,8909,0,0,0,0,8791,4130,37,123184.0,2.2
15,15586,新潟市江南区,105154,12,,,,,3460.3379,0.0329,2.9674,0,0,0,0,0,0,0,7289,19,117053.0,2.96
21,21604,下呂市,105042,11,,,1.81,4.0,1584.3282,0.0151,0.8787,0,3150,0,0,0,0,20328,3612,25,217761.0,0.73
23,23801,日進市,104580,25,7.51,27.0,1.98,6.0,4020.6382,0.0384,3.0612,8540,8330,0,0,8610,0,16380,11060,59,91832.0,4.38
40,40801,直方市,104244,5,,,1.0,1.0,2599.3751,0.0249,4.165,0,73,0,0,0,0,98842,730,14,48244.0,5.39
30,30801,橋本市,104191,20,,,2.42,10.0,1967.6352,0.0189,2.7935,0,6107,0,0,0,0,65348,4650,47,102691.0,1.92
30,30801,みなべ町,103478,7,,,,,1071.9111,0.0104,0.6595,0,0,0,0,0,0,899,124,9,102691.0,1.04
2,02450,南部町,102640,10,,,3.0,3.0,1948.1432,0.019,0.5594,0,40,0,0,0,0,0,1000,10,86420.0,2.25
28,28586,赤穂市,102606,17,8.67,16.0,2.31,7.0,3499.5533,0.0341,2.7993,147,784,0,0,196,0,49294,4508,25,69755.0,5.02
5,05464,藤里町,102550,10,,,,,1298.9853,0.0127,0.402,0,0,0,0,0,0,50,3225,5,120959.0,1.07
16,16343,滑川市,102315,9,,,2.09,4.0,2581.5647,0.0252,4.2268,0,1500,0,0,0,0,15,345,15,124176.0,2.08
12,12801,芝山町,102180,12,,,1.78,3.0,4256.3256,0.0417,1.7479,0,540,0,0,0,0,2820,1020,21,36816.0,11.56
30,30801,白浜町,101866,18,,,4.63,14.0,1689.1641,0.0166,2.9166,0,248,0,0,0,62,744,3720,28,102691.0,1.64
14,14402,二宮町,100282,12,,,,,1046.0454,0.0104,0.5228,0,0,0,0,0,58,3828,2204,34,25393.0,4.12
23,23801,豊明市,99540,18,7.5,29.8,1.85,8.0,5310.6801,0.0534,6.1515,11760,9590,0,0,11760,0,15820,29680,27,91832.0,5.78
20,20602,大鹿村,99407,23,2.25,3.0,1.63,3.0,1387.6831,0.014,0.2802,308,1232,0,0,77,0,0,5390,5,97847.0,1.42
40,40801,川崎町,99061,5,,,,,1533.7434,0.0155,0.9129,0,0,0,0,0,0,584,73,25,48244.0,3.18
17,17463,白山市,98743,31,,,2.11,7.0,5829.2445,0.059,14.2957,0,6517,0,0,0,19,418,7220,71,75492.0,7.72
2,02450,横浜町,98520,9,,,,,2387.9448,0.0242,2.2316,0,0,0,0,0,0,67000,560,8,86420.0,2.76
46,46802,霧島市,98235,20,,,2.08,7.0,4290.3887,0.0437,2.9758,0,2385,0,0,0,90,3780,9630,49,68292.0,6.28
10,10525,草津町,97720,21,15.0,15.0,2.75,9.0,1668.0769,0.0171,1.1601,105,2975,0,0,0,70,525,3570,22,78108.0,2.14
25,25443,甲賀市,97432,29,,,2.39,9.0,3592.3057,0.0369,5.5754,0,532,0,0,0,19,171,5871,58,69305.0,5.18
36,36489,上板町,97368,7,,,,,1285.9626,0.0132,0.8461,0,0,0,0,0,0,0,288,12,72142.0,1.78
46,46802,鹿屋市,97290,15,,,1.0,1.0,3644.7292,0.0375,1.7463,0,180,0,0,0,0,3555,5850,35,68292.0,5.34
27,27383,河南町,96840,5,9.8,9.8,1.17,2.0,1179.6953,0.0122,0.7915,72,864,0,0,0,0,2880,216,13,10963.0,10.76
28,28586,丹波篠山市,95795,18,,,2.23,3.0,2225.5377,0.0232,0.8498,0,1470,0,49,0,0,51352,5145,21,69755.0,3.19
36,36489,阿波市,95664,19,,,1.82,2.0,1815.9085,0.019,1.0258,0,264,0,0,0,0,2736,3312,35,72142.0,2.52
35,35502,周南市,95475,17,60.0,60.0,7.33,18.0,4315.8991,0.0452,2.7767,19,57,0,0,0,0,361,14896,50,102323.0,4.22
5,05464,八峰町,94950,12,,,2.0,4.0,1250.281,0.0132,0.5861,0,500,0,0,25,0,0,1425,14,120959.0,1.03
8,08564,東海村,94380,14,,,2.5,6.0,3709.0111,0.0393,1.375,0,352,0,0,44,0,10956,5764,32,37199.0,9.97
44,44462,宇佐市,94374,15,3.0,3.0,1.56,3.0,1701.1687,0.018,1.5287,18,162,0,0,0,0,504,1638,68,90314.0,1.88
21,21604,中津川市,93912,16,,,1.33,2.0,2379.7512,0.0253,2.4151,0,378,0,0,0,0,6510,3570,45,217761.0,1.09
9,09411,日光市,93625,34,18.83,34.46,2.39,9.0,3298.6059,0.0352,3.2416,50,575,0,0,0,100,4075,12325,111,144983.0,2.28
43,43531,相良村,92561,2,,,,,1499.2643,0.0162,0.3513,0,0,0,0,0,0,24598,2058,24,68382.0,2.19
29,29453,御所市,92430,13,,,1.27,2.0,1096.0506,0.0119,0.8855,0,429,0,0,78,0,18915,2379,27,67238.0,1.63
15,15586,阿賀町,91353,6,,,,,1563.7307,0.0171,0.9346,0,0,0,0,0,74,259,1517,17,117053.0,1.34
21,21604,羽島市,91266,24,,,7.75,12.0,2592.8005,0.0284,2.7808,0,168,0,0,0,0,20034,3654,33,217761.0,1.19
30,30801,かつらぎ町,90985,17,,,2.15,6.0,1543.72,0.017,1.9151,0,403,0,0,0,0,10726,2945,26,102691.0,1.5
30,30801,印南町,89962,7,,,,,1352.1504,0.015,0.5037,0,0,0,0,0,0,1953,31,6,102691.0,1.32
27,27383,泉南市,89424,15,,,1.56,3.0,5413.3381,0.0605,4.7417,0,648,0,0,0,0,144,4968,36,10963.0,49.38
36,36489,鳴門市,88584,25,,,1.89,15.0,1954.2387,0.0221,3.2007,0,20928,0,0,0,0,432,5064,58,72142.0,2.71
20,20602,平谷村,88550,4,,,1.0,1.0,874.6937,0.0099,0.299,0,77,0,0,77,0,77,1848,3,97847.0,0.89
7,07564,西郷村,88382,12,,,1.62,5.0,3365.3349,0.0381,4.0715,0,20886,0,0,0,0,46020,1475,18,123184.0,2.73
3,03524,西和賀町,88308,22,89.5,89.5,1.95,6.0,1844.2426,0.0209,2.7256,33,16005,0,33,0,0,3960,5742,19,125898.0,1.46
6,06461,米沢市,88130,11,,,2.17,3.0,2480.4063,0.0281,3.705,0,210,0,0,70,70,48545,4060,42,131439.0,1.89
33,33681,岡山市中区,87854,19,13.0,46.0,2.45,14.0,2164.1602,0.0246,3.4722,1674,5580,0,0,155,0,8370,5735,35,82853.0,2.61
40,40801,春日市,87819,15,,,2.23,7.0,4221.4582,0.0481,1.6409,0,2263,0,0,0,0,2044,7884,35,48244.0,8.75
7,07564,双葉町,87497,5,,,3.0,3.0,2532.4954,0.0289,2.6854,0,59,0,0,0,118,9676,531,48,123184.0,2.06
28,28586,佐用町,87220,14,,,1.97,3.0,2418.0158,0.0277,5.6523,0,1617,0,0,0,0,12446,1764,19,69755.0,3.47
41,41441,江北町,86880,14,,,1.59,8.0,1581.2278,0.0182,1.2245,0,3340,0,0,0,0,20,60,7,48760.0,3.24
23,23801,常滑市,85680,23,86.8,86.8,3.93,13.0,6705.2327,0.0783,8.9398,70,980,0,0,0,140,7210,7910,49,91832.0,7.3
38,38506,上島町,85600,8,,,3.38,5.0,1105.7581,0.0129,1.4743,0,160,0,0,0,0,920,360,8,58369.0,1.89
47,47801,沖縄市,85218,22,8.71,22.0,3.92,15.0,3944.289,0.0463,1.4896,294,6090,0,0,42,42,47670,5754,52,33440.0,11.8
33,33681,備前市,85002,20,8.8,26.0,2.0,8.0,1849.8174,0.0218,3.6546,465,1023,0,0,124,0,372,1643,22,82853.0,2.23
41,41441,上峰町,84700,8,,,2.5,11.0,1831.5381,0.0216,9.5719,0,200,0,0,0,0,460,280,41,48760.0,3.76
29,29453,葛城市,84552,12,,,2.63,5.0,1302.5613,0.0154,1.1722,0,741,0,0,0,0,27612,2730,23,67238.0,1.94
12,12801,印西市,84060,18,,,2.24,15.0,8644.8707,0.1028,3.977,0,6660,0,0,0,0,26460,4380,44,36816.0,23.48
21,21604,七宗町,83832,6,,,2.0,2.0,798.4083,0.0095,0.6673,0,252,0,0,0,0,39858,462,12,217761.0,0.37
2,02450,五所川原市,83360,19,,,2.51,10.0,2915.7419,0.035,2.5623,0,5040,0,0,0,0,3560,19560,30,86420.0,3.37
31,31403,湯梨浜町,83201,11,,,2.19,22.0,1362.6433,0.0164,0.8485,0,1292,0,0,0,0,21850,342,81,76531.0,1.78
2,02450,佐井村,83080,3,,,,,802.7318,0.0097,0.3488,0,0,0,0,0,0,67640,320,8,86420.0,0.93
36,36489,三好市,82944,17,,,3.67,7.0,1133.2549,0.0137,1.1909,0,72,0,0,24,0,1584,3504,47,72142.0,1.57
13,13808,あきる野市,82731,25,15.0,15.0,1.92,10.0,2933.0939,0.0355,1.4637,69,5451,0,0,0,0,12765,9936,43,22553.0,13.01
20,20602,富士見町,82467,11,5.98,11.1,1.09,2.0,2522.7654,0.0306,2.0007,693,847,462,77,154,0,16940,4158,29,97847.0,2.58
23,23801,碧南市,82250,11,2.98,2.98,1.55,2.0,1592.4668,0.0194,3.0867,140,770,0,0,140,70,13160,3430,22,91832.0,1.73
47,47801,名護市,82110,25,3.0,3.0,3.29,13.0,3684.675,0.0449,2.4723,42,5208,0,0,0,168,35700,8736,47,33440.0,11.02
12,12801,いすみ市,82080,8,,,1.0,1.0,1841.5714,0.0224,0.7641,0,360,0,0,0,0,660,600,21,36816.0,5.0
20,20602,山ノ内町,81851,13,,,2.06,11.0,2382.4464,0.0291,0.4395,0,38577,0,0,77,0,21175,8932,34,97847.0,2.43
31,31403,智頭町,81681,15,,,1.87,8.0,815.5736,0.01,0.3671,0,5586,0,0,19,38,32870,1729,14,76531.0,1.07
35,35502,萩市,81643,10,,,,,1165.9613,0.0143,3.6462,0,0,0,0,0,0,41477,1140,23,102323.0,1.14
31,31403,境港市,80902,21,43.0,43.0,2.23,12.0,1983.8742,0.0245,2.3693,19,2945,0,0,0,0,37240,1311,21,76531.0,2.59
39,39428,檮原町,80648,4,,,,,887.5355,0.011,0.7531,0,0,0,0,0,0,0,34,15,64228.0,1.38
35,35502,下関市,80047,29,62.21,153.0,1.91,10.0,2336.477,0.0292,2.7403,57,1786,0,0,0,38,21394,7581,58,102323.0,2.28
20,20602,東御市,79541,23,4.0,14.3,1.85,6.0,3420.459,0.043,1.2007,4851,19096,0,0,4774,0,1078,11011,25,97847.0,3.5
20,20602,飯山市,78309,19,,,2.16,5.0,2857.1105,0.0365,1.1111,0,9240,0,0,0,0,0,7392,22,97847.0,2.92
29,29453,十津川村,77922,7,,,,,1226.4374,0.0157,0.731,0,0,0,0,0,0,66183,702,26,67238.0,1.82
3,03524,野田村,77913,6,,,2.0,2.0,1033.1703,0.0133,0.5374,0,99,0,0,0,0,0,363,32,125898.0,0.82
36,36489,美馬市,77640,19,,,2.04,4.0,1244.9319,0.016,0.8635,0,1944,0,0,0,0,912,3192,24,72142.0,1.73
5,05464,上小阿仁村,77550,7,,,,,950.1287,0.0123,0.4526,0,0,0,0,0,0,0,1425,5,120959.0,0.79
25,25443,近江八幡市,77463,24,,,1.86,4.0,1826.8897,0.0236,2.9632,0,551,0,0,19,0,22781,6384,75,69305.0,2.64
3,03524,洋野町,77451,7,,,1.9,2.0,1838.2539,0.0237,0.4867,0,990,0,0,0,0,0,462,38,125898.0,1.46
43,43531,五木村,77077,2,,,,,767.2102,0.01,0.1642,0,0,0,0,0,0,0,49,3,68382.0,1.12
20,20602,大町市,76769,25,,,2.06,5.0,5461.411,0.0711,11.5487,0,1232,0,0,77,154,43890,5390,36,97847.0,5.58
47,47801,北谷町,76566,24,45.5,81.0,3.81,23.0,3250.8166,0.0425,1.4264,84,22008,0,0,42,42,23604,8358,28,33440.0,9.72
20,20602,佐久穂町,76538,16,4.79,18.9,,,1447.9353,0.0189,0.7402,19404,0,0,308,19404,0,15939,2772,17,97847.0,1.48
15,15586,阿賀野市,76109,11,,,,,2273.4302,0.0299,2.6741,0,0,0,0,0,0,296,4144,20,117053.0,1.94
2,02450,六戸町,75680,5,,,9.0,12.0,1651.338,0.0218,2.4142,0,80,0,0,0,0,480,480,12,86420.0,1.91
40,40801,北九州市門司区,75482,16,58.58,59.95,10.17,19.0,3878.3144,0.0514,1.664,146,438,0,0,0,0,16571,7154,38,48244.0,8.04
34,34545,大崎上島町,75450,4,,,,,1120.1855,0.0148,1.1528,0,0,0,0,0,0,30,60,44,124649.0,0.9
19,19443,南部町,75033,6,,,1.0,1.0,1502.0306,0.02,1.1181,0,27,0,0,0,0,1269,1647,14,60248.0,2.49
4,04606,七ヶ宿町,74841,1,,,1.0,1.0,1071.2577,0.0143,0.3336,0,39,0,0,0,0,429,156,8,80500.0,1.33
2,02450,外ヶ浜町,74680,24,,,1.17,2.0,914.9536,0.0123,0.2778,0,240,0,0,0,0,64920,1280,21,86420.0,1.06
17,17463,能美市,74442,18,,,2.06,4.0,3002.1701,0.0403,1.8058,0,1900,0,0,19,38,1311,8056,32,75492.0,3.98
33,33681,井原市,74431,10,12.23,16.5,1.5,2.0,1475.6477,0.0198,1.3581,186,124,0,0,186,0,961,1674,54,82853.0,1.78
13,13808,国立市,74382,16,3.0,5.0,3.74,15.0,3136.7775,0.0422,1.4426,207,13110,0,0,0,690,30153,9729,59,22553.0,13.91
40,40801,苅田町,74314,12,,,1.67,2.0,12602.8727,0.1696,13.3092,0,219,0,0,0,0,0,3285,19,48244.0,26.12
20,20602,根羽村,73997,4,,,,,1100.4555,0.0149,0.6344,0,0,0,0,0,0,0,1540,6,97847.0,1.12
19,19443,鳴沢村,73953,3,,,,,1161.1826,0.0157,0.7563,0,0,0,0,0,0,73035,270,10,60248.0,1.93
5,05464,羽後町,73550,9,,,,,1261.7119,0.0172,0.6645,0,0,0,0,0,0,0,2050,9,120959.0,1.04
7,07564,小野町,73396,1,,,2.0,2.0,1427.4914,0.0194,1.8869,0,59,0,0,0,0,0,177,15,123184.0,1.16
20,20602,阿南町,72380,8,,,,,1114.5055,0.0154,0.6419,0,0,0,0,0,0,0,2849,6,97847.0,1.14
2,02450,風間浦村,72320,14,,,,,757.0829,0.0105,0.3466,0,0,0,0,0,0,39600,3040,7,86420.0,0.88
32,32528,浜田市,72143,26,,,2.25,3.0,2232.6067,0.0309,1.3922,0,76,0,0,0,0,1064,6707,24,73319.0,3.05
18,18501,越前市,72097,22,11.67,15.0,2.62,8.0,2054.1166,0.0285,4.7335,51,1241,17,0,0,0,153,2686,35,87243.0,2.35
40,40801,古賀市,71978,11,,,2.88,10.0,4341.8718,0.0603,2.0104,0,2409,0,0,0,0,23214,3650,18,48244.0,9.0
19,19443,西桂町,71253,3,,,,,860.2154,0.0121,0.2252,0,0,0,0,0,0,71172,54,8,60248.0,1.43
34,34545,三次市,70740,16,,,2.0,5.0,2388.5073,0.0338,3.9712,0,900,0,0,0,0,7560,6630,28,124649.0,1.92
23,23801,南知多町,70700,9,,,,,2090.5261,0.0296,0.5216,0,0,0,0,0,0,1400,3570,16,91832.0,2.28
21,21604,関市,70518,17,,,2.15,5.0,2551.1061,0.0362,2.056,0,6216,0,0,0,0,126,6762,30,217761.0,1.17
40,40801,大野城市,70372,12,,,2.86,12.0,3648.436,0.0518,2.3724,0,11680,0,0,0,0,6132,10585,24,48244.0,7.56
29,29453,下北山村,70278,15,,,,,691.5494,0.0098,0.2134,0,0,0,0,0,0,68445,2340,13,67238.0,1.03
28,28586,西脇市,70217,19,,,2.12,4.0,2349.3626,0.0335,2.1823,0,1666,0,0,0,49,637,1911,15,69755.0,3.37
21,21604,揖斐川町,70056,16,,,2.0,2.0,1090.363,0.0156,1.1316,0,378,0,0,0,42,0,5502,24,217761.0,0.5
37,37406,三豊市,70040,21,,,1.71,3.0,1732.3288,0.0247,2.2778,0,238,0,0,0,0,119,5253,31,37554.0,4.61
35,35502,防府市,69958,16,658.5,658.5,,,4728.079,0.0676,10.8918,19,0,0,0,0,0,6004,3534,31,102323.0,4.62
10,10525,富岡市,69825,19,,,1.73,5.0,1753.9457,0.0251,3.9312,0,7630,0,0,0,0,16450,5845,27,78108.0,2.25
6,06461,大蔵村,69405,3,,,,,1011.3059,0.0146,0.3662,0,0,0,0,0,0,70,1225,10,131439.0,0.77
25,25443,野洲市,69388,17,,,8.0,15.0,982.886,0.0142,1.9344,0,76,0,0,0,0,1216,1558,32,69305.0,1.42
47,47801,伊平屋村,69132,4,,,,,772.8668,0.0112,0.2756,0,0,0,0,0,0,84,168,4,33440.0,2.31
13,13808,福生市,68655,13,,,4.0,8.0,3586.017,0.0522,2.4663,0,1035,0,0,0,0,9729,7383,31,22553.0,15.9
23,23801,美浜町,68110,12,,,3.5,5.0,3033.9456,0.0445,3.5219,0,280,0,0,0,0,2310,2100,17,91832.0,3.3
36,36489,美波町,68064,8,,,2.83,4.0,713.8061,0.0105,0.63,0,144,0,0,0,0,48,768,17,72142.0,0.99
3,03524,北上市,67353,21,,,2.0,7.0,3742.4361,0.0556,3.2433,0,1155,0,0,0,0,16104,11715,37,125898.0,2.97
43,43531,氷川町,67081,3,,,1.0,1.0,1265.2021,0.0189,0.6341,0,49,0,0,0,0,14504,147,44,68382.0,1.85
39,39428,東洋町,66946,11,12.98,21.5,3.5,5.0,668.9738,0.01,0.1702,238,68,0,0,238,34,34,850,8,64228.0,1.04
12,12801,酒々井町,66780,9,,,1.58,4.0,1974.0338,0.0296,1.3975,0,2400,0,0,0,0,45960,960,29,36816.0,5.36
15,15586,新潟市秋葉区,66674,12,,,,,1970.9912,0.0296,1.8032,0,0,0,0,0,37,740,5513,16,117053.0,1.68
40,40801,福岡市城南区,66649,17,12.5,35.0,4.65,16.0,3802.6461,0.0571,2.9933,657,1241,73,0,0,0,6351,26645,23,48244.0,7.88
19,19443,笛吹市,65502,19,,,2.04,3.0,1557.3445,0.0238,1.1952,0,2052,0,0,81,54,37017,2079,40,60248.0,2.58
15,15586,聖籠町,65416,12,,,2.0,2.0,1965.6982,0.03,2.6401,0,37,0,0,0,0,0,1369,15,117053.0,1.68
21,21604,瑞浪市,64890,15,,,1.8,6.0,1754.7695,0.027,0.9745,0,5712,0,0,0,0,84,9870,23,217761.0,0.81
42,42411,対馬市,64869,14,,,1.0,1.0,936.99,0.0144,0.7917,0,84,0,0,0,0,252,2688,44,70742.0,1.32
6,06461,山辺町,64785,4,,,1.0,1.0,1061.5716,0.0164,0.7659,0,35,0,0,0,0,35,490,10,131439.0,0.81
40,40801,広川町,64313,3,,,,,3313.2163,0.0515,1.6075,0,0,0,0,0,0,146,511,9,48244.0,6.87
12,12801,袖ケ浦市,63300,11,,,1.1,2.0,5685.5938,0.0898,4.0978,0,1260,0,0,0,0,4380,1500,30,36816.0,15.44
43,43531,天草市,63259,19,,,3.56,8.0,2998.5221,0.0474,1.0317,0,1323,0,0,0,0,0,15092,20,68382.0,4.38
20,20602,飯島町,63140,14,,,2.0,2.0,3581.5621,0.0567,1.949,0,77,0,0,77,0,0,12320,12,97847.0,3.66
39,39428,宿毛市,61982,11,,,,,965.6962,0.0156,0.5269,0,0,0,0,0,0,612,3264,23,64228.0,1.5
47,47801,南風原町,61950,18,14.67,17.0,3.69,14.0,2048.4657,0.0331,1.8785,126,6468,0,42,42,0,4368,4368,21,33440.0,6.13
41,41441,大町町,61860,15,,,1.72,4.0,1115.9331,0.018,2.4935,0,3020,0,0,0,20,20,40,6,48760.0,2.29
2,02450,六ヶ所村,61600,19,24.0,24.0,3.0,6.0,4661.1686,0.0757,6.5753,2000,160,0,40,0,0,200,2800,19,86420.0,5.39
15,15586,見附市,61309,9,,,3.0,4.0,1715.7175,0.028,2.3075,0,148,0,0,0,0,1813,2923,14,117053.0,1.47
24,24562,鳥羽市,61190,15,,,2.2,4.0,1090.0652,0.0178,1.0794,0,435,0,0,0,29,9425,2262,35,71118.0,1.53
20,20602,上松町,61061,3,,,,,1076.982,0.0176,1.138,0,0,0,0,0,0,0,308,6,97847.0,1.1
30,30801,高野町,60822,6,,,,,996.1398,0.0164,0.4581,0,0,0,0,0,0,1860,1519,27,102691.0,0.97
13,13808,昭島市,60582,20,,,5.38,10.0,5592.9809,0.0923,2.0319,0,2208,0,0,0,483,24081,10695,50,22553.0,24.8
29,29453,黒滝村,60216,2,,,,,561.7852,0.0093,0.264,0,0,0,0,0,0,0,39,3,67238.0,0.84
30,30801,海南市,60078,16,,,2.8,5.0,3058.0088,0.0509,3.0599,0,155,0,0,0,0,930,2914,37,102691.0,2.98
20,20602,下諏訪町,59906,15,5.73,8.7,1.87,4.0,1145.4992,0.0191,0.4747,3465,1155,0,0,3465,0,22715,6545,42,97847.0,1.17
32,32528,大田市,59850,15,,,2.43,9.0,1005.3053,0.0168,1.271,0,133,0,0,0,0,6802,1425,26,73319.0,1.37
39,39428,四万十町,59806,14,,,2.21,4.0,1152.136,0.0193,0.5186,0,476,0,0,0,0,544,1088,17,64228.0,1.79
12,12801,九十九里町,59220,7,13.45,13.45,2.2,5.0,1094.2933,0.0185,0.8558,60,300,0,0,0,0,180,1020,8,36816.0,2.97
14,14402,大井町,59102,9,23.13,72.0,4.0,17.0,1128.1502,0.0191,0.828,464,1044,0,0,0,116,174,2958,30,25393.0,4.44
23,23801,岩倉市,58590,11,40.5,48.0,8.27,17.0,2805.3117,0.0479,1.2426,140,770,0,0,0,0,15330,8190,21,91832.0,3.05
47,47801,南城市,58548,27,4.0,4.0,2.35,10.0,1560.2209,0.0266,1.5206,42,12642,0,0,42,0,3360,3234,28,33440.0,4.67
34,34545,三原市,58020,17,5.74,8.0,2.95,10.0,3159.1255,0.0544,4.8801,150,1290,0,0,150,0,16290,1230,37,124649.0,2.53
46,46802,伊仙町,57735,1,,,,,1004.3121,0.0174,0.5404,0,0,0,0,0,0,57735,0,1,68292.0,1.47
3,03524,岩泉町,57651,13,,,2.0,3.0,922.63,0.016,0.462,0,198,0,0,0,0,9174,1485,36,125898.0,0.73
3,03524,軽米町,57453,3,,,,,1262.812,0.022,0.5195,0,0,0,0,0,0,0,429,17,125898.0,1.0
12,12801,白井市,57300,11,,,8.44,16.0,2247.8423,0.0392,1.5551,0,540,0,0,0,0,16320,1080,29,36816.0,6.11
39,39428,佐川町,56950,4,,,,,676.1215,0.0119,0.4155,0,0,0,0,0,0,52938,1598,12,64228.0,1.05
16,16343,南砺市,56835,21,,,2.03,5.0,1345.8666,0.0237,2.2533,0,3780,0,0,0,0,29700,1440,41,124176.0,1.08
32,32528,安来市,56810,19,,,1.0,1.0,1655.2698,0.0291,4.7052,0,38,0,0,0,0,836,4712,25,73319.0,2.26
38,38506,久万高原町,56400,7,,,3.0,3.0,704.5708,0.0125,0.4204,0,40,0,0,0,0,1260,120,25,58369.0,1.21
13,13808,八丈町,56373,9,,,2.0,2.0,1233.8172,0.0219,0.294,0,138,0,0,0,0,2484,828,12,22553.0,5.47
33,33681,西粟倉村,56017,10,,,1.97,3.0,637.3414,0.0114,0.412,0,1147,0,0,0,0,341,62,13,82853.0,0.77
6,06461,大江町,55790,3,,,1.0,1.0,739.4331,0.0133,0.2472,0,35,0,0,0,0,70,245,5,131439.0,0.56
37,37406,さぬき市,55505,25,,,1.73,5.0,1453.5873,0.0262,5.3642,0,6086,0,0,0,17,136,1326,20,37554.0,3.87
19,19443,甲州市,55242,17,,,1.88,2.0,997.4016,0.0181,0.7527,0,432,0,0,0,0,43794,2781,36,60248.0,1.66
26,26465,綾部市,54900,19,,,2.0,3.0,1922.0789,0.035,1.3567,0,1440,0,0,0,36,17172,2556,24,61640.0,3.12
8,08564,つくばみらい市,54868,13,,,1.0,1.0,2847.5417,0.0519,5.2065,0,88,0,0,0,0,132,1716,26,37199.0,7.65
10,10525,渋川市,54460,21,,,2.24,8.0,2485.9227,0.0456,5.7015,0,11830,0,0,0,0,5075,4655,43,78108.0,3.18
34,34545,府中町,53700,7,,,2.5,4.0,1377.4585,0.0257,3.9258,0,60,0,0,0,30,13680,840,21,124649.0,1.11
28,28586,加東市,53557,13,5.81,22.2,1.63,12.0,2660.456,0.0497,4.2364,10094,5586,0,0,10094,0,14602,2891,25,69755.0,3.81
32,32528,雲南市,53390,18,,,,,1593.2061,0.0298,1.2157,0,0,0,0,0,0,38,3116,25,73319.0,2.17
10,10525,邑楽町,53305,14,2.0,2.0,1.06,2.0,1541.6235,0.0289,3.283,70,560,0,0,0,0,18725,2030,17,78108.0,1.97
13,13808,奥多摩町,53061,16,1.1,1.1,1.41,3.0,567.9337,0.0107,0.1728,69,3036,69,207,69,69,16836,2001,27,22553.0,2.52
28,28586,相生市,52577,11,10.75,18.0,2.63,7.0,1035.8312,0.0197,1.2435,98,392,0,0,0,0,3773,637,19,69755.0,1.48
37,37406,宇多津町,52564,20,158.0,158.0,5.04,31.0,1373.4129,0.0261,3.3402,17,425,0,0,0,17,0,3587,15,37554.0,3.66
29,29453,上北山村,52377,3,,,,,391.7839,0.0075,0.0898,0,0,0,0,0,0,39,312,6,67238.0,0.58
8,08564,北茨城市,52184,15,,,3.0,5.0,1665.2056,0.0319,1.4481,0,220,0,0,0,0,7084,2640,39,37199.0,4.48
38,38506,愛南町,52040,18,110.0,110.0,2.0,2.0,733.0941,0.0141,0.767,20,40,0,0,0,20,1700,880,19,58369.0,1.26
26,26465,南丹市,51624,16,,,2.28,7.0,1486.3656,0.0288,4.9869,0,5436,0,0,0,0,22428,3312,38,61640.0,2.41
7,07564,桑折町,51566,2,,,,,1180.7937,0.0229,2.2994,0,0,0,0,0,0,5015,118,6,123184.0,0.96
8,08564,笠間市,51040,10,,,2.33,4.0,3346.0059,0.0656,5.5693,0,264,0,0,0,0,6116,5236,39,37199.0,8.99
46,46802,志布志市,50985,10,,,2.0,3.0,2106.8958,0.0413,1.5452,0,90,0,0,0,0,2700,810,21,68292.0,3.09
23,23801,尾張旭市,50260,14,7.08,36.6,1.84,9.0,1367.1104,0.0272,1.5616,23310,15190,0,0,23310,0,36890,4760,24,91832.0,1.49
46,46802,南さつま市,50040,13,,,2.0,2.0,1970.2075,0.0394,1.4741,0,45,0,0,0,45,180,5355,10,68292.0,2.88
47,47801,多良間村,49686,2,,,,,909.5626,0.0183,0.7233,0,0,0,0,0,0,210,336,25,33440.0,2.72
31,31403,日吉津村,49666,4,,,,,797.3599,0.0161,2.5077,0,0,0,0,0,0,3192,0,5,76531.0,1.04
47,47801,与那国町,49518,5,,,1.38,5.0,844.735,0.0171,0.267,0,1344,0,0,0,0,1890,294,13,33440.0,2.53
8,08564,石岡市,49148,15,20.0,20.0,1.67,3.0,3050.1741,0.0621,4.371,44,132,0,0,0,0,9812,3344,32,37199.0,8.2
25,25443,東近江市,48811,25,15.0,25.0,2.22,14.0,2525.0636,0.0517,2.8514,57,1235,0,0,19,0,1463,16302,55,69305.0,3.64
9,09411,大田原市,48600,11,,,2.0,5.0,3244.1452,0.0668,4.0663,0,225,0,0,0,0,975,4525,30,144983.0,2.24
47,47801,座間味村,48426,3,30.0,30.0,3.0,3.0,386.1545,0.008,0.2507,42,42,0,0,0,0,462,126,9,33440.0,1.15
36,36489,阿南市,48408,11,,,4.07,10.0,1840.8776,0.038,2.6626,0,336,0,0,0,0,48,2112,29,72142.0,2.55
9,09411,下野市,48275,17,34.67,60.0,3.5,13.0,2740.7385,0.0568,2.5567,75,550,0,0,0,0,475,6700,49,144983.0,1.89
45,45443,日南市,48100,12,,,2.8,6.0,922.5109,0.0192,0.9038,0,130,0,0,0,0,6058,780,21,86802.0,1.06
9,09411,小山市,48000,22,65.0,65.0,3.5,18.0,4152.707,0.0865,20.0425,25,400,0,0,0,0,450,13950,76,144983.0,2.86
32,32528,奥出雲町,47975,16,,,1.47,3.0,1149.4786,0.024,1.7386,0,361,0,0,0,19,133,2546,17,73319.0,1.57
2,02450,平川市,47360,10,,,,,1186.7754,0.0251,0.9108,0,0,0,0,0,0,720,2240,15,86420.0,1.37
33,33681,新庄村,47337,2,,,,,488.9951,0.0103,0.1654,0,0,0,0,0,0,62,31,2,82853.0,0.59
46,46802,十島村,47205,2,,,,,402.8369,0.0085,0.1075,0,0,0,0,0,0,0,360,6,68292.0,0.59
37,37406,坂出市,46988,19,,,5.62,15.0,1968.7424,0.0419,3.8429,0,578,0,0,0,0,986,2890,29,37554.0,5.24
2,02450,七戸町,46960,5,,,,,1748.0492,0.0372,1.3762,0,0,0,0,0,0,40,1120,14,86420.0,2.02
26,26465,与謝野町,46440,16,12.0,12.0,1.57,3.0,1069.2771,0.023,1.2215,36,2700,0,0,0,36,2016,6228,29,61640.0,1.73
31,31403,若桜町,46379,4,,,1.6,3.0,557.3493,0.012,0.4778,0,190,0,0,0,0,42674,76,8,76531.0,0.73
40,40801,豊前市,46355,3,,,0.0,0.0,1354.2594,0.0292,1.4216,0,292,0,0,0,0,0,292,18,48244.0,2.81
20,20602,立科町,46354,10,4.76,13.3,2.1,5.0,1012.8059,0.0218,0.6588,6006,1617,0,77,6006,0,231,1001,25,97847.0,1.04
35,35502,光市,46189,11,,,1.0,1.0,1179.3416,0.0255,1.1218,0,57,0,0,0,0,76,1292,15,102323.0,1.15
13,13808,武蔵村山市,46161,15,,,7.57,14.0,3368.3914,0.073,4.3628,0,3657,0,0,0,3450,12282,4278,27,22553.0,14.94
43,43531,合志市,46109,15,,,1.91,3.0,2445.9248,0.053,2.0683,0,539,0,0,0,0,7399,1323,25,68382.0,3.58
38,38506,砥部町,45960,9,,,2.5,4.0,960.0631,0.0209,6.5461,0,120,0,0,0,0,420,700,22,58369.0,1.64
23,23801,みよし市,45640,13,5.0,5.0,1.0,1.0,8644.6869,0.1894,14.8571,70,70,0,0,0,70,2240,6090,34,91832.0,9.41
7,07564,平田村,45607,1,,,,,701.1972,0.0154,0.3031,0,0,0,0,0,0,413,413,14,123184.0,0.57
20,20602,安曇野市,45584,20,,,1.18,2.0,3415.968,0.0749,2.5056,0,1694,0,0,0,0,231,5313,33,97847.0,3.49
20,20602,軽井沢町,45430,12,8.0,8.0,2.04,11.0,2111.5561,0.0465,1.0461,154,3696,0,0,0,0,14630,6391,46,97847.0,2.16
47,47801,南大東村,45108,11,,,1.56,5.0,656.2855,0.0145,0.1784,0,378,0,0,0,0,0,252,4,33440.0,1.96
40,40801,久山町,45041,6,,,1.0,1.0,2813.548,0.0625,1.4498,0,73,0,0,0,0,2628,1387,10,48244.0,5.83
35,35502,下松市,44574,10,,,2.67,5.0,2660.7374,0.0597,10.7668,0,57,0,0,0,0,38,6783,18,102323.0,2.6
8,08564,牛久市,44528,19,10.0,10.0,4.91,15.0,3075.6746,0.0691,1.8616,44,2024,0,0,0,0,396,8448,35,37199.0,8.27
3,03524,花巻市,43890,19,,,2.09,3.0,2437.5968,0.0555,3.9238,0,2442,0,0,0,0,7293,6600,37,125898.0,1.94
47,47801,恩納村,43428,13,0.0,0.0,2.73,10.0,1328.4284,0.0306,1.3866,84,2814,0,0,0,42,3360,2352,29,33440.0,3.97
7,07564,鮫川村,43306,1,,,,,682.3615,0.0158,0.3438,0,0,0,0,0,0,0,118,9,123184.0,0.55
20,20602,池田町,43043,11,,,1.5,2.0,883.0329,0.0205,0.564,0,154,0,0,0,0,77,3542,7,97847.0,0.9
42,42411,西海市,42735,9,,,3.0,3.0,1153.7428,0.027,5.2474,0,21,0,0,0,0,1239,819,21,70742.0,1.63
6,06461,遊佐町,42525,11,,,1.25,2.0,721.6385,0.017,0.7135,0,140,0,0,0,0,525,5145,26,131439.0,0.55
15,15586,五泉市,42402,8,,,2.0,2.0,1117.1853,0.0263,0.7229,0,37,0,0,0,0,814,3145,13,117053.0,0.95
33,33681,瀬戸内市,41912,26,8.65,160.0,1.93,12.0,1483.8223,0.0354,2.2455,4836,4092,0,0,2263,31,2046,4960,21,82853.0,1.79
46,46802,南九州市,41850,17,8.0,13.0,1.33,2.0,1772.5383,0.0424,2.6134,90,135,0,0,0,90,14310,4140,19,68292.0,2.6
11,11465,八潮市,41472,17,,,5.67,20.0,2660.2299,0.0641,3.6157,0,2376,0,0,0,0,5256,2304,28,57789.0,4.6
21,21604,白川町,41286,10,,,1.74,3.0,649.3511,0.0157,0.5118,0,14826,0,0,0,0,168,714,14,217761.0,0.3
40,40801,築上町,41245,5,,,,,842.6538,0.0204,0.7852,0,0,0,0,0,0,0,1095,7,48244.0,1.75
11,11465,鴻巣市,41112,15,,,5.23,13.0,3466.8996,0.0843,9.8802,0,2880,0,0,0,0,1440,3744,37,57789.0,6.0
8,08564,常陸大宮市,41052,16,1.0,1.0,1.57,4.0,2050.0191,0.0499,5.9655,44,10824,0,0,0,0,4840,8184,24,37199.0,5.51
8,08564,取手市,40920,18,,,5.6,20.0,2804.0709,0.0685,2.8416,0,1892,0,0,0,0,4928,5676,38,37199.0,7.54
8,08564,稲敷市,40876,4,,,0.0,0.0,3489.4466,0.0854,2.5636,0,44,0,0,0,0,6248,3476,19,37199.0,9.38
29,29453,天川村,40794,8,,,,,507.1303,0.0124,0.2443,0,0,0,0,0,0,7644,2847,13,67238.0,0.75
8,08564,小美玉市,40788,12,7.3,7.9,1.0,1.0,3712.9956,0.091,2.0319,220,44,0,0,220,0,748,2948,21,37199.0,9.98
43,43531,上天草市,40474,14,,,1.33,3.0,944.1834,0.0233,0.8456,0,294,0,0,0,0,686,3038,13,68382.0,1.38
42,42411,壱岐市,40467,13,,,1.7,3.0,918.4671,0.0227,0.6263,0,567,0,0,0,0,12621,2541,34,70742.0,1.3
13,13808,瑞穂町,40158,17,,,1.45,5.0,2968.3173,0.0739,5.1186,0,2001,0,0,0,0,7314,3450,23,22553.0,13.16
14,14402,山北町,40136,11,20.0,25.0,2.25,6.0,681.0522,0.017,0.7471,116,696,0,0,0,174,33466,1392,20,25393.0,2.68
17,17463,小松市,40052,23,,,2.12,10.0,2716.7592,0.0678,6.3361,0,5263,0,0,0,95,1121,6365,42,75492.0,3.6
21,21604,御嵩町,40026,10,,,2.0,3.0,752.3606,0.0188,1.7889,0,84,0,0,0,0,126,1428,13,217761.0,0.35
15,15586,津南町,39960,16,,,1.89,7.0,1160.4964,0.029,3.4338,0,22126,0,0,0,0,185,6364,13,117053.0,0.99
20,20602,売木村,39886,3,,,,,654.1148,0.0164,0.2954,0,0,0,0,0,0,0,693,7,97847.0,0.67
47,47801,渡嘉敷村,39858,1,,,,,344.9193,0.0087,0.187,0,0,0,0,0,0,0,0,6,33440.0,1.03
12,12801,長生村,39840,6,,,1.5,2.0,591.0016,0.0148,0.7615,0,120,0,0,0,0,180,180,8,36816.0,1.61
21,21604,輪之内町,39396,12,,,2.0,2.0,1187.5709,0.0301,4.1355,0,126,0,0,0,0,12432,966,20,217761.0,0.55
43,43531,水上村,39298,1,,,,,518.3666,0.0132,0.2929,0,0,0,0,0,0,5733,49,16,68382.0,0.76
8,08564,かすみがうら市,39072,12,,,1.83,4.0,3691.8044,0.0945,6.8603,0,264,0,0,0,0,2376,1628,19,37199.0,9.92
20,20602,小谷村,38808,4,,,,,1032.5298,0.0266,0.6064,0,0,0,0,0,0,17248,3003,21,97847.0,1.06
27,27383,岬町,38592,15,,,1.9,4.0,1151.3827,0.0298,0.7748,0,720,0,0,0,0,144,2664,20,10963.0,10.5
5,05464,東成瀬村,38550,6,,,,,436.6993,0.0113,0.5001,0,0,0,0,0,0,25,475,5,120959.0,0.36
14,14402,大磯町,38512,23,0.0,0.0,2.5,4.0,932.6193,0.0242,0.5735,58,348,0,58,0,0,18502,5568,31,25393.0,3.67
11,11465,美里町,38448,9,4.0,4.0,2.33,3.0,849.557,0.0221,0.7411,72,216,0,0,0,0,0,1944,11,57789.0,1.47
25,25443,米原市,38209,20,,,2.49,14.0,790.1947,0.0207,1.2748,0,703,0,0,0,0,1767,1311,36,69305.0,1.14
35,35502,岩国市,38076,26,,,2.87,10.0,2310.423,0.0607,4.3693,0,855,0,0,0,57,1900,2679,63,102323.0,2.26
40,40801,新宮町,37960,9,,,5.32,14.0,2684.7309,0.0707,2.1085,0,1606,0,0,0,0,3504,4307,22,48244.0,5.56
34,34545,世羅町,37890,3,,,,,1158.8626,0.0306,0.9325,0,0,0,0,0,0,23100,150,8,124649.0,0.93
30,30801,御坊市,37789,20,,,2.06,4.0,1105.6764,0.0293,1.4219,0,527,0,0,0,31,17391,3534,28,102691.0,1.08
40,40801,福智町,37741,7,,,1.5,2.0,1206.6243,0.032,0.9152,0,146,0,0,0,0,73,876,15,48244.0,2.5
20,20602,松川町,37191,11,,,2.5,3.0,999.1315,0.0269,0.8835,0,154,0,0,77,0,0,3311,12,97847.0,1.02
7,07564,檜枝岐村,37052,5,,,1.71,2.0,430.263,0.0116,0.2485,0,413,0,0,118,0,2537,2124,12,123184.0,0.35
8,08564,八千代町,36916,7,,,2.5,3.0,1082.2345,0.0293,2.0822,0,88,0,0,0,0,23276,1100,18,37199.0,2.91
47,47801,粟国村,36834,7,,,,,476.2462,0.0129,0.2201,0,0,0,0,0,0,42,126,5,33440.0,1.42
12,12801,長南町,36780,2,,,,,601.6685,0.0164,0.4186,0,0,0,0,0,0,60,180,34,36816.0,1.63
37,37406,善通寺市,36499,33,43.0,43.0,2.34,11.0,901.448,0.0247,1.3862,17,901,0,0,0,0,5236,2261,24,37554.0,2.4
20,20602,箕輪町,36421,12,,,1.25,2.0,1735.0416,0.0476,0.9259,0,1232,0,0,0,0,154,4851,15,97847.0,1.77
6,06461,川西町,36225,3,,,1.8,3.0,879.092,0.0243,0.4412,0,175,0,0,0,0,0,350,8,131439.0,0.67
47,47801,糸満市,35784,19,21.75,58.0,4.15,19.0,1641.6595,0.0459,1.5551,168,5502,0,0,0,126,9534,4368,31,33440.0,4.91
23,23801,江南市,35630,12,,,2.56,3.0,3587.4002,0.1007,2.1368,0,630,0,0,0,0,7070,14840,39,91832.0,3.91
7,07564,天栄村,35518,11,,,1.45,2.0,847.5093,0.0239,3.2727,0,6667,0,0,0,0,2596,708,11,123184.0,0.69
47,47801,伊江村,35154,15,,,1.29,3.0,654.2615,0.0186,0.4175,0,294,0,0,0,84,2730,1638,7,33440.0,1.96
2,02450,今別町,35120,8,,,2.5,4.0,627.8749,0.0179,0.6533,0,80,0,0,0,0,3480,1040,17,86420.0,0.73
2,02450,平内町,34840,6,,,1.0,1.0,713.5886,0.0205,0.5047,0,40,0,0,0,0,0,640,10,86420.0,0.83
34,34545,府中市,34560,12,3.0,3.0,,,909.525,0.0263,1.1659,30,0,0,0,30,0,900,270,10,124649.0,0.73
37,37406,多度津町,34527,17,,,2.57,3.0,864.0782,0.025,5.1888,0,119,0,0,0,0,0,2227,19,37554.0,2.3
36,36489,牟岐町,34416,9,,,3.0,5.0,398.3708,0.0116,0.337,0,216,0,0,0,0,144,480,14,72142.0,0.55
8,08564,茨城町,34320,7,6.45,10.1,,,2249.2782,0.0655,2.934,968,0,0,0,968,0,12540,2640,22,37199.0,6.05
8,08564,大子町,34276,10,,,1.42,2.0,977.8206,0.0285,1.2284,0,836,0,0,0,0,264,2596,20,37199.0,2.63
42,42411,五島市,33999,9,,,2.0,2.0,612.3138,0.018,0.6174,0,21,0,0,0,0,1932,231,26,70742.0,0.87
23,23801,長久手市,33880,12,7.35,27.4,2.3,8.0,2926.8653,0.0864,2.4799,1960,700,0,0,1960,140,16520,5180,38,91832.0,3.19
19,19443,道志村,33777,3,,,1.0,1.0,442.3985,0.0131,0.1244,0,27,0,0,0,0,30618,513,20,60248.0,0.73
40,40801,大任町,33726,3,,,,,507.0341,0.015,0.3091,0,0,0,0,0,0,0,73,11,48244.0,1.05
12,12801,勝浦市,33720,9,,,1.5,2.0,793.6765,0.0235,0.6928,0,480,0,0,0,0,840,1320,25,36816.0,2.16
19,19443,山梨市,33669,28,,,2.42,11.0,844.215,0.0251,1.0394,0,2295,0,0,108,0,594,4077,40,60248.0,1.4
19,19443,小菅村,33669,1,,,,,295.511,0.0088,0.1103,0,0,0,0,0,0,3132,54,11,60248.0,0.49
46,46802,日置市,33435,11,,,1.6,2.0,2107.0887,0.063,1.3072,0,225,0,0,0,0,5040,6165,12,68292.0,3.09
14,14402,中井町,33408,12,,,1.79,5.0,1225.396,0.0367,1.6665,0,2262,0,0,0,174,0,6902,18,25393.0,4.83
46,46802,龍郷町,33165,13,,,,,672.6509,0.0203,0.6129,0,0,0,0,0,0,0,2295,5,68292.0,0.98
10,10525,大泉町,32865,14,,,1.08,2.0,2007.1296,0.0611,7.5214,0,420,0,0,0,0,3290,350,17,78108.0,2.57
7,07564,古殿町,32745,3,,,1.0,1.0,466.8915,0.0143,0.3191,0,118,0,0,0,0,0,295,18,123184.0,0.38
47,47801,与那原町,32634,19,4.0,4.0,3.22,12.0,801.7123,0.0246,1.5808,84,5166,0,0,0,0,336,2310,12,33440.0,2.4
45,45443,三股町,32630,9,,,1.16,4.0,722.1811,0.0221,1.3122,0,494,0,0,0,0,28652,1144,7,86802.0,0.83
23,23801,東海市,32480,18,7.23,11.0,1.85,9.0,10464.7386,0.3222,18.4622,4480,3360,0,0,4410,0,14630,3710,25,91832.0,11.4
39,39428,南国市,32470,12,,,1.94,4.0,1618.9927,0.0499,2.1351,0,1598,0,0,0,0,306,544,20,64228.0,2.52
9,09411,壬生町,32225,16,,,1.0,1.0,2003.9673,0.0622,3.1099,0,100,0,0,0,0,75,2450,28,144983.0,1.38
16,16343,立山町,32010,16,,,2.09,4.0,802.7018,0.0251,1.9048,0,1140,0,0,15,75,375,1170,26,124176.0,0.65
26,26465,笠置町,31932,7,,,2.0,2.0,417.8083,0.0131,0.2304,0,72,0,0,0,0,72,684,12,61640.0,0.68
21,21604,北方町,31878,2,,,2.0,2.0,632.2095,0.0198,1.4294,0,42,0,0,0,0,0,1848,10,217761.0,0.29
2,02450,東通村,31840,4,,,3.0,5.0,956.7828,0.03,1.6722,0,200,0,0,0,0,12680,120,8,86420.0,1.11
11,11465,桶川市,31752,11,33.0,33.0,2.03,5.0,1969.0555,0.062,2.288,72,6768,0,0,0,0,12456,3960,30,57789.0,3.41
8,08564,行方市,31724,10,12.65,60.0,2.67,4.0,1854.8041,0.0585,2.1675,440,264,0,0,396,0,440,2596,20,37199.0,4.99
21,21604,各務原市,31710,12,,,2.18,5.0,2213.1905,0.0698,4.8082,0,7602,0,0,0,42,2058,2982,49,217761.0,1.02
37,37406,土庄町,31654,11,,,4.0,5.0,464.7795,0.0147,1.4574,0,119,0,0,0,0,119,476,18,37554.0,1.24
3,03524,田野畑村,31350,4,,,2.0,2.0,534.7784,0.0171,0.3831,0,132,0,0,0,0,99,132,10,125898.0,0.42
46,46802,瀬戸内町,31275,4,,,,,484.0113,0.0155,0.333,0,0,0,0,0,0,0,2430,7,68292.0,0.71
38,38506,西条市,31060,17,,,2.1,4.0,2834.763,0.0913,10.9262,0,200,0,0,0,0,3220,1120,37,58369.0,4.86
40,40801,行橋市,30879,10,,,,,1953.8301,0.0633,2.1881,0,0,0,0,0,0,20513,2701,14,48244.0,4.05
8,08564,鹿嶋市,30800,12,6.3,8.3,1.89,12.0,2792.7364,0.0907,7.7784,308,2684,0,0,308,0,5280,4400,38,37199.0,7.51
28,28586,福崎町,30723,12,,,1.88,3.0,889.843,0.029,1.088,0,392,0,0,0,0,2401,1470,18,69755.0,1.28
37,37406,観音寺市,30719,31,,,9.0,9.0,1695.4115,0.0552,1.8111,0,17,0,0,0,0,0,12274,27,37554.0,4.51
39,39428,いの町,30702,13,,,,,468.2809,0.0153,0.502,0,0,0,0,0,0,1360,1224,19,64228.0,0.73
8,08564,常陸太田市,30668,13,,,2.4,4.0,2328.5238,0.0759,1.3872,0,220,0,0,0,0,1892,6468,30,37199.0,6.26
3,03524,二戸市,30129,7,49.5,49.5,2.0,3.0,1247.3287,0.0414,0.9875,33,99,0,0,0,0,2574,2046,18,125898.0,0.99
20,20602,御代田町,29876,11,4.23,9.0,,,1287.1586,0.0431,2.1767,6699,0,0,0,6699,0,0,3003,16,97847.0,1.32
2,02450,深浦町,29840,10,,,,,474.17,0.0159,0.3848,0,0,0,0,40,0,360,1040,18,86420.0,0.55
23,23801,知多市,29540,7,,,1.67,2.0,2213.6389,0.0749,10.6232,0,210,0,0,0,0,1330,3290,19,91832.0,2.41
12,12801,栄町,29460,13,,,2.04,3.0,799.0513,0.0271,1.1379,0,4260,0,0,0,60,420,1200,12,36816.0,2.17
43,43531,山鹿市,29302,8,,,1.5,2.0,797.4917,0.0272,0.5502,0,98,0,0,0,0,49,2352,20,68382.0,1.17
9,09411,鹿沼市,29300,22,,,2.8,9.0,2095.1199,0.0715,2.3834,0,250,0,0,0,0,325,7875,44,144983.0,1.45
47,47801,北中城村,29106,14,10.0,10.0,4.07,14.0,1193.6008,0.041,3.4227,42,3150,0,0,0,42,15876,1386,21,33440.0,3.57
23,23801,大府市,28910,17,7.96,33.3,1.8,4.0,5234.2788,0.1811,6.4335,2100,1400,0,0,2100,0,6790,5320,35,91832.0,5.7
30,30801,紀美野町,28706,13,,,2.5,3.0,699.3515,0.0244,2.849,0,62,0,0,0,0,1891,1116,9,102691.0,0.68
33,33681,和気町,28489,20,13.5,20.0,2.83,6.0,1061.118,0.0372,1.1574,62,186,0,0,62,0,465,3844,15,82853.0,1.28
31,31403,琴浦町,28462,12,,,2.0,2.0,635.0312,0.0223,1.0129,0,95,0,0,0,0,2546,532,50,76531.0,0.83
10,10525,吉岡町,28350,13,,,,,1320.7483,0.0466,9.3085,0,0,0,0,0,0,5215,1050,14,78108.0,1.69
47,47801,本部町,28224,14,,,2.06,11.0,955.0729,0.0338,1.005,0,2058,0,0,0,84,2898,2058,24,33440.0,2.86
7,07564,玉川村,28143,3,,,,,421.8771,0.015,0.7298,0,0,0,0,0,0,354,236,11,123184.0,0.34
2,02450,三戸町,27920,4,,,2.0,2.0,691.3184,0.0248,1.0371,0,40,0,0,0,0,40,1120,6,86420.0,0.8
28,28586,上郡町,27881,16,,,1.87,3.0,1255.3796,0.045,2.7193,0,1911,0,0,49,0,1568,931,18,69755.0,1.8
9,09411,さくら市,27875,11,,,,,2050.7975,0.0736,2.7526,0,0,0,0,0,0,250,1800,25,144983.0,1.41
18,18501,敦賀市,27574,15,,,2.1,8.0,866.6603,0.0314,2.8095,0,1224,0,0,0,34,11832,935,30,87243.0,0.99
47,47801,嘉手納町,27468,12,13.33,15.0,3.97,11.0,1484.4397,0.054,1.7077,126,1218,0,0,0,0,966,588,13,33440.0,4.44
21,21604,可児市,27090,15,,,1.75,3.0,2691.128,0.0993,7.9611,0,168,0,0,0,0,0,3738,36,217761.0,1.24
29,29453,川上村,26754,3,,,,,295.6075,0.011,0.2059,0,0,0,0,0,0,2847,78,10,67238.0,0.44
15,15586,弥彦村,26640,9,,,,,352.2911,0.0132,0.5146,0,0,0,0,0,0,74,1480,10,117053.0,0.3
17,17463,野々市市,26600,16,,,2.19,4.0,1622.3374,0.061,2.6879,0,703,0,0,19,0,114,4617,44,75492.0,2.15
3,03524,八幡平市,26565,12,,,1.67,3.0,999.5511,0.0376,1.3682,0,99,0,0,0,0,5808,1815,32,125898.0,0.79
30,30801,那智勝浦町,26474,20,,,2.5,3.0,470.9379,0.0178,0.6851,0,124,0,0,31,31,3162,1488,25,102691.0,0.46
10,10525,中之条町,26110,13,,,2.03,4.0,524.0944,0.0201,0.3461,0,4060,0,0,0,0,4340,1575,23,78108.0,0.67
36,36489,小松島市,26088,11,,,1.6,4.0,850.3848,0.0326,2.5448,0,120,0,0,0,0,14736,744,14,72142.0,1.18
13,13808,利島村,26082,3,,,,,279.8224,0.0107,0.1318,0,0,0,0,0,0,22632,345,6,22553.0,1.24
7,07564,広野町,25842,16,230.0,230.0,3.5,6.0,1410.5667,0.0546,2.8411,59,118,0,0,0,0,3422,1947,24,123184.0,1.15
35,35502,長門市,25726,16,,,1.33,2.0,752.3388,0.0292,5.1346,0,57,0,0,0,0,4313,1767,29,102323.0,0.74
8,08564,那珂市,25696,18,,,1.53,3.0,1866.7281,0.0726,2.3619,0,10428,0,0,0,0,3784,4400,25,37199.0,5.02
10,10525,玉村町,25690,15,,,3.5,6.0,772.0839,0.0301,1.4346,0,70,0,0,0,0,70,2800,12,78108.0,0.99
21,21604,白川村,25620,10,,,1.54,2.0,412.5859,0.0161,0.1925,0,2100,0,0,0,126,19362,2730,28,217761.0,0.19
8,08564,龍ケ崎市,25432,10,,,1.0,1.0,2995.6307,0.1178,3.1193,0,44,0,0,0,0,3740,4136,25,37199.0,8.05
13,13808,日の出町,25392,17,,,2.0,2.0,1173.4571,0.0462,0.9962,0,69,0,0,0,0,2553,1518,12,22553.0,5.2
19,19443,早川町,25353,3,,,,,294.1035,0.0116,0.221,0,0,0,0,0,27,9315,135,12,60248.0,0.49
21,21604,美濃加茂市,25326,13,2.5,3.0,2.09,9.0,1135.7006,0.0448,9.7549,336,7728,0,0,0,0,42,1512,19,217761.0,0.52
6,06461,飯豊町,25305,5,,,2.0,2.0,347.3862,0.0137,0.4342,0,35,0,0,0,35,2170,280,9,131439.0,0.26
33,33681,玉野市,25265,17,11.67,28.0,3.0,8.0,1005.1007,0.0398,1.218,186,217,0,0,93,31,7843,7998,23,82853.0,1.21
13,13808,東大和市,25185,11,6.83,10.6,2.32,9.0,1866.0584,0.0741,1.6114,2622,2553,0,1587,2622,0,3795,4209,35,22553.0,8.27
46,46802,いちき串木野市,25155,12,,,1.0,1.0,773.9322,0.0308,1.8693,0,45,0,0,0,45,2070,2790,15,68292.0,1.13
40,40801,那珂川市,25112,8,,,4.23,12.0,1891.4466,0.0753,1.4491,0,949,0,0,0,0,1533,3650,22,48244.0,3.92
20,20602,泰阜村,25025,11,,,3.0,3.0,508.9183,0.0203,0.57,0,154,0,0,0,77,77,3080,8,97847.0,0.52
18,18501,池田町,24905,3,,,,,427.7126,0.0172,0.3814,0,0,0,0,0,17,0,153,4,87243.0,0.49
8,08564,桜川市,24816,11,,,2.0,2.0,1970.1263,0.0794,1.4496,0,88,0,0,0,0,2420,2508,27,37199.0,5.3
34,34545,神石高原町,24810,4,6.9,11.0,2.0,2.0,687.5494,0.0277,4.1479,90,60,0,0,90,0,6030,330,8,124649.0,0.55
2,02450,東北町,24760,5,,,,,1149.2033,0.0464,0.8141,0,0,0,0,0,0,0,560,11,86420.0,1.33
40,40801,赤村,24674,1,,,,,401.1785,0.0163,0.1134,0,0,0,0,0,0,146,73,13,48244.0,0.83
7,07564,葛尾村,24603,2,,,,,526.9301,0.0214,0.5978,0,0,0,0,0,0,3658,59,15,123184.0,0.43
36,36489,吉野川市,24576,18,,,1.0,1.0,761.6678,0.031,0.8798,0,264,0,0,0,0,24,3888,24,72142.0,1.06
44,44462,臼杵市,24534,28,,,2.39,7.0,843.382,0.0344,2.0062,0,1350,0,0,0,18,648,5220,26,90314.0,0.93
9,09411,高根沢町,24500,16,,,1.5,2.0,909.2804,0.0371,2.1391,0,50,0,0,0,0,0,875,18,144983.0,0.63
14,14402,真鶴町,24244,11,,,2.0,3.0,346.0118,0.0143,0.1999,0,580,0,0,0,0,16646,754,17,25393.0,1.36
45,45443,都城市,24206,14,,,1.25,2.0,1665.4602,0.0688,2.9227,0,104,0,0,0,0,11648,1950,34,86802.0,1.92
15,15586,粟島浦村,24161,3,,,1.54,3.0,192.8785,0.008,0.0959,0,1924,0,0,0,0,74,185,8,117053.0,0.16
26,26465,南山城村,24084,6,,,,,355.6453,0.0148,0.4619,0,0,0,0,0,0,2628,540,9,61640.0,0.58
24,24562,いなべ市,23954,10,,,,,2121.363,0.0886,13.5932,0,0,0,0,0,0,13485,1595,33,71118.0,2.98
29,29453,明日香村,23907,8,,,2.5,3.0,369.0933,0.0154,0.4291,0,78,0,0,0,78,3237,1599,21,67238.0,0.55
8,08564,潮来市,23848,8,,,1.78,8.0,1021.1234,0.0428,1.1801,0,4136,0,0,0,0,792,1100,19,37199.0,2.75
31,31403,三朝町,23465,4,,,3.0,3.0,376.0657,0.016,0.8398,0,19,0,0,0,0,1634,323,26,76531.0,0.49
8,08564,阿見町,23320,10,13.65,13.65,2.14,4.0,3619.3344,0.1552,5.2016,44,308,0,0,0,0,1276,1320,17,37199.0,9.73
32,32528,美郷町,23256,7,,,,,299.0374,0.0129,0.3355,0,0,0,0,0,0,22021,228,6,73319.0,0.41
36,36489,東みよし町,23208,10,,,,,481.19,0.0207,0.6104,0,0,0,0,0,0,20088,792,15,72142.0,0.67
47,47801,久米島町,23142,15,12.0,12.0,1.11,3.0,705.9386,0.0305,1.3874,42,5502,0,0,0,0,1050,1218,22,33440.0,2.11
6,06461,鮭川村,23135,4,,,,,349.7984,0.0151,0.2167,0,0,0,0,0,0,1120,70,4,131439.0,0.27
10,10525,安中市,23065,18,,,1.71,7.0,892.9044,0.0387,0.9867,0,7140,0,0,0,0,1400,5180,27,78108.0,1.14
30,30801,新宮市,23033,22,,,2.71,8.0,1076.2009,0.0467,2.3626,0,217,0,0,31,31,6634,2325,30,102691.0,1.05
16,16343,上市町,23010,6,,,2.0,2.0,841.1219,0.0366,2.2263,0,300,0,0,0,0,15,135,11,124176.0,0.68
40,40801,鞍手町,22995,4,,,,,1760.841,0.0766,3.3138,0,0,0,0,0,0,0,0,6,48244.0,3.65
42,42411,島原市,22890,27,,,3.0,6.0,1058.5438,0.0462,0.6522,0,147,0,0,0,0,1911,3885,19,70742.0,1.5
3,03524,九戸村,22836,4,,,,,605.1146,0.0265,0.8114,0,0,0,0,0,0,0,198,16,125898.0,0.48
10,10525,みなかみ町,22820,10,,,3.73,11.0,857.5809,0.0376,1.4321,0,385,0,0,0,0,1260,2835,41,78108.0,1.1
46,46802,三島村,22815,2,,,,,226.7144,0.0099,0.0899,0,0,0,0,0,0,0,315,6,68292.0,0.33
33,33681,奈義町,22754,16,,,1.7,5.0,657.8639,0.0289,0.678,0,713,0,0,0,0,403,4836,16,82853.0,0.79
25,25443,豊郷町,22648,12,,,1.76,3.0,351.5161,0.0155,0.7711,0,931,0,0,0,0,19247,722,15,69305.0,0.51
40,40801,北九州市八幡東区,22411,11,,,5.61,15.0,4042.7925,0.1804,8.0447,0,2263,0,0,0,0,5475,3212,24,48244.0,8.38
13,13808,檜原村,22080,5,,,2.25,3.0,245.4915,0.0111,0.1351,0,276,0,0,0,0,2484,345,16,22553.0,1.09
25,25443,湖南市,21869,17,,,4.29,9.0,672.4875,0.0308,4.0884,0,133,0,0,0,0,437,1368,18,69305.0,0.97
32,32528,隠岐の島町,21812,17,,,5.5,9.0,399.3386,0.0183,2.1042,0,38,0,0,0,0,228,2128,13,73319.0,0.54
21,21604,関ケ原町,21798,9,,,2.33,3.0,880.0567,0.0404,3.3157,0,126,0,0,0,42,210,1764,22,217761.0,0.4
9,09411,那須烏山市,21750,13,,,,,864.9393,0.0398,1.33,0,0,0,0,0,0,50,1800,22,144983.0,0.6
20,20602,信濃町,21560,6,,,,,724.5978,0.0336,0.3177,0,0,0,0,0,0,2233,1309,19,97847.0,0.74
2,02450,黒石市,21520,7,,,1.57,2.0,849.9726,0.0395,0.987,0,280,0,0,0,0,0,1680,15,86420.0,0.98
20,20602,木祖村,21021,1,,,,,395.056,0.0188,0.4501,0,0,0,0,0,0,0,77,2,97847.0,0.4
15,15586,刈羽村,20942,4,,,,,483.4031,0.0231,0.7168,0,0,0,0,0,0,111,629,4,117053.0,0.41
32,32528,江津市,20805,19,,,,,943.2677,0.0453,1.7368,0,0,0,0,0,0,1064,2964,19,73319.0,1.29
13,13808,御蔵島村,20769,2,,,,,172.6133,0.0083,0.1493,0,0,0,0,0,0,0,552,4,22553.0,0.77
38,38506,新居浜市,20680,26,,,4.5,8.0,1675.7412,0.081,5.2041,0,120,0,0,0,0,200,12080,23,58369.0,2.87
30,30801,湯浅町,20398,14,,,2.0,3.0,399.0094,0.0196,0.7091,0,93,0,0,0,0,14198,1209,13,102691.0,0.39
25,25443,栗東市,20292,21,9.0,9.0,3.6,14.0,804.1083,0.0396,1.9311,19,285,0,0,0,0,1121,1406,35,69305.0,1.16
2,02450,田子町,20280,1,,,,,444.8365,0.0219,0.49,0,0,0,0,0,0,0,360,7,86420.0,0.51
10,10525,藤岡市,20265,21,,,1.52,4.0,1578.345,0.0779,2.3548,0,4410,0,0,0,0,630,7490,35,78108.0,2.02
24,24562,亀山市,20242,20,,,1.89,4.0,2197.0155,0.1085,8.8433,0,522,0,29,203,29,1566,3509,28,71118.0,3.09
23,23801,東浦町,20230,11,,,3.0,3.0,3978.9905,0.1967,5.9249,0,70,0,0,0,0,1680,1680,15,91832.0,4.33
12,12801,大多喜町,20100,8,,,1.64,3.0,516.9499,0.0257,0.8949,0,660,0,0,0,0,900,1680,26,36816.0,1.4
20,20602,北相木村,20097,2,,,,,380.8746,0.019,0.3147,0,0,0,0,0,0,0,231,4,97847.0,0.39
20,20602,長和町,20020,5,,,,,683.1932,0.0341,1.1245,0,0,0,0,0,0,3696,2541,12,97847.0,0.7
41,41441,玄海町,19940,14,,,,,553.9466,0.0278,2.1001,0,0,0,0,0,0,0,160,9,48760.0,1.14
43,43531,南小国町,19796,5,,,3.0,3.0,361.4719,0.0183,0.2442,0,49,0,0,0,0,49,441,14,68382.0,0.53
19,19443,市川三郷町,19413,11,,,,,460.0033,0.0237,1.1162,0,0,0,0,0,0,15768,1107,18,60248.0,0.76
9,09411,矢板市,19400,10,,,,,1673.9866,0.0863,3.7855,0,0,0,0,0,0,200,1350,19,144983.0,1.15
24,24562,尾鷲市,19343,19,,,1.25,2.0,515.1232,0.0266,0.6458,0,116,0,0,0,29,580,4437,18,71118.0,0.72
39,39428,香美市,19040,15,,,,,640.9357,0.0337,2.7988,0,0,0,0,0,0,0,1020,21,64228.0,1.0
17,17463,川北町,18886,9,,,2.0,2.0,643.965,0.0341,1.7876,0,19,0,0,0,0,57,1045,9,75492.0,0.85
42,42411,佐々町,18837,3,,,,,583.5965,0.031,4.1,0,0,0,0,0,0,168,210,7,70742.0,0.82
47,47801,大宜味村,18774,14,,,1.8,3.0,457.9967,0.0244,0.4429,0,840,0,0,0,42,1596,1050,13,33440.0,1.37
21,21604,坂祝町,18732,10,,,1.95,2.0,640.1358,0.0342,3.3264,0,924,0,0,0,0,13818,294,12,217761.0,0.29
40,40801,吉富町,18688,2,,,1.0,1.0,468.0144,0.025,0.2804,0,73,0,0,0,0,0,73,7,48244.0,0.97
7,07564,鏡石町,18585,5,,,,,1092.8047,0.0588,2.3083,0,0,0,0,0,0,0,1357,11,123184.0,0.89
43,43531,美里町,18522,14,,,2.0,3.0,899.3476,0.0486,1.8285,0,147,0,0,0,0,49,3332,21,68382.0,1.32
27,27383,熊取町,18216,19,,,1.67,2.0,814.4901,0.0447,0.6576,0,216,0,0,0,0,3672,2736,13,10963.0,7.43
39,39428,土佐市,18122,10,,,,,1138.2343,0.0628,1.1213,0,0,0,0,0,0,3400,544,13,64228.0,1.77
24,24562,明和町,17951,14,,,1.29,2.0,1157.8101,0.0645,2.446,0,203,0,0,0,0,2465,2291,10,71118.0,1.63
19,19443,中央市,17901,18,,,2.0,3.0,692.3305,0.0387,1.5714,0,81,0,0,0,0,1242,1431,21,60248.0,1.15
13,13808,青ヶ島村,17871,8,,,1.76,4.0,202.9963,0.0114,0.1014,0,1449,0,0,0,0,345,897,10,22553.0,0.9
3,03524,一戸町,17853,15,,,2.0,3.0,983.8309,0.0551,1.3597,0,264,0,0,0,0,33,10890,18,125898.0,0.78
21,21604,美濃市,17850,13,,,2.08,5.0,585.8892,0.0328,1.451,0,3906,0,0,0,0,294,1890,14,217761.0,0.27
20,20602,栄村,17787,9,,,1.84,4.0,409.3638,0.023,0.3045,0,8624,0,0,0,0,1386,1309,11,97847.0,0.42
14,14402,開成町,17748,10,16.63,35.0,2.31,5.0,378.7923,0.0213,0.6679,464,5162,0,0,0,0,0,812,8,25393.0,1.49
42,42411,雲仙市,17724,26,,,5.14,12.0,800.6166,0.0452,0.4843,0,147,0,0,0,0,1512,4326,17,70742.0,1.13
20,20602,南箕輪村,17633,12,,,2.0,2.0,878.9965,0.0498,0.8803,0,77,0,0,0,0,77,1617,8,97847.0,0.9
27,27383,能勢町,17496,11,2.5,2.5,1.0,1.0,452.7818,0.0259,0.8584,72,72,0,0,0,0,720,2808,12,10963.0,4.13
44,44462,竹田市,17352,6,,,1.0,1.0,442.0056,0.0255,0.4301,0,18,0,0,0,0,10710,900,31,90314.0,0.49
25,25443,守山市,17328,11,,,6.93,15.0,497.3655,0.0287,4.1811,0,266,0,0,0,0,1292,1615,55,69305.0,0.72
33,33681,吉備中央町,17236,10,30.0,30.0,2.0,3.0,549.4253,0.0319,0.8238,31,62,0,0,31,0,31,589,25,82853.0,0.66
20,20602,天龍村,17171,5,,,,,287.063,0.0167,0.1789,0,0,0,0,0,0,0,1078,4,97847.0,0.29
7,07564,矢吹町,17051,7,,,1.4,3.0,2029.9224,0.1191,4.8744,0,295,0,0,0,0,177,3835,15,123184.0,1.65
32,32528,海士町,17043,5,,,,,267.6107,0.0157,0.3493,0,0,0,0,0,0,0,152,8,73319.0,0.36
33,33681,赤磐市,16740,12,5.0,5.0,2.5,5.0,1337.8052,0.0799,4.427,31,248,0,0,124,0,5270,3286,22,82853.0,1.61
39,39428,黒潮町,16728,12,,,2.0,2.0,309.5561,0.0185,0.4231,0,612,0,0,0,0,68,850,13,64228.0,0.48
39,39428,四万十市,16728,15,,,2.25,4.0,445.2668,0.0266,1.0474,0,136,0,0,0,0,68,952,25,64228.0,0.69
45,45443,日向市,16718,11,,,3.33,4.0,718.9696,0.043,1.5657,0,78,0,0,0,0,12038,702,20,86802.0,0.83
11,11465,北本市,16704,9,,,3.78,5.0,1589.5471,0.0952,2.5458,0,7416,0,0,0,0,936,4968,22,57789.0,2.75
32,32528,津和野町,16682,12,,,1.33,2.0,296.5751,0.0178,0.2867,0,57,0,0,0,0,11400,722,21,73319.0,0.4
9,09411,茂木町,16675,10,,,1.0,1.0,392.604,0.0235,1.0915,0,25,0,0,0,0,50,1000,19,144983.0,0.27
21,21604,土岐市,16632,6,,,2.5,4.0,1083.4782,0.0651,3.7147,0,84,0,0,0,0,84,1344,21,217761.0,0.5
43,43531,甲佐町,16562,3,,,,,332.5743,0.0201,0.4304,0,0,0,0,0,0,3773,98,24,68382.0,0.49
21,21604,垂井町,16548,7,,,,,540.9018,0.0327,0.7054,0,0,0,0,0,42,126,2646,11,217761.0,0.25
6,06461,尾花沢市,16485,5,,,3.0,3.0,392.596,0.0238,0.3918,0,35,0,0,0,35,630,280,12,131439.0,0.3
6,06461,中山町,16450,1,,,,,433.0883,0.0263,0.9295,0,0,0,0,0,0,105,140,6,131439.0,0.33
28,28586,市川町,16219,1,,,2.0,2.0,451.9774,0.0279,0.3686,0,49,0,0,0,0,0,343,7,69755.0,0.65
29,29453,下市町,16185,7,,,,,264.5691,0.0163,1.087,0,0,0,0,0,0,39,936,9,67238.0,0.39
20,20602,川上村,16093,7,,,,,420.0119,0.0261,0.4374,0,0,0,0,0,0,8778,1309,11,97847.0,0.43
11,11465,吉川市,16056,7,,,2.0,4.0,1552.8185,0.0967,1.3782,0,360,0,0,0,0,216,2304,20,57789.0,2.69
10,10525,板倉町,15960,11,,,2.33,3.0,738.0686,0.0462,2.825,0,315,0,0,0,0,525,770,9,78108.0,0.94
46,46802,天城町,15885,1,,,,,395.8989,0.0249,0.2403,0,0,0,0,0,0,15750,90,2,68292.0,0.58
42,42411,松浦市,15855,8,,,2.5,5.0,623.1182,0.0393,3.5292,0,84,0,0,0,0,0,945,15,70742.0,0.88
14,14402,清川村,15718,10,,,2.0,3.0,303.2529,0.0193,0.5431,0,348,0,0,58,58,290,1044,15,25393.0,1.19
9,09411,野木町,15675,14,,,,,911.7732,0.0582,2.9283,0,0,0,0,0,0,300,2375,20,144983.0,0.63
25,25443,彦根市,15675,24,50.0,50.0,3.62,20.0,987.853,0.063,3.3448,19,1102,0,0,0,76,1900,2204,43,69305.0,1.43
38,38506,松野町,15660,3,,,2.0,2.0,248.8192,0.0159,0.4708,0,20,0,0,0,0,920,120,5,58369.0,0.43
37,37406,東かがわ市,15504,19,16.0,16.0,1.66,10.0,466.4416,0.0301,0.9616,17,7599,0,0,0,0,0,714,17,37554.0,1.24
19,19443,丹波山村,15498,3,,,2.0,2.0,169.9214,0.011,0.2676,0,27,0,0,0,0,9126,513,8,60248.0,0.28
47,47801,金武町,15372,13,,,2.33,10.0,1320.2292,0.0859,2.6652,0,1638,0,0,0,0,882,1176,13,33440.0,3.95
9,09411,上三川町,15325,10,,,,,2952.3484,0.1926,10.2408,0,0,0,0,0,0,125,975,23,144983.0,2.04
8,08564,結城市,15268,10,,,,,866.8576,0.0568,1.3523,0,0,0,0,0,0,0,1980,14,37199.0,2.33
45,45443,国富町,15262,5,,,,,457.5214,0.03,4.1847,0,0,0,0,0,0,0,364,4,86802.0,0.53
30,30801,有田川町,15190,11,,,1.2,2.0,717.3374,0.0472,0.9074,0,310,0,0,0,0,217,1674,17,102691.0,0.7
47,47801,東村,14994,7,,,1.75,2.0,363.4239,0.0242,0.4397,0,336,0,0,0,0,5334,336,9,33440.0,1.09
7,07564,川内村,14927,4,,,,,282.44,0.0189,0.2006,0,0,0,0,0,0,236,177,29,123184.0,0.23
38,38506,四国中央市,14860,19,,,8.33,14.0,4223.5774,0.2842,16.4235,0,180,0,0,0,0,200,7620,29,58369.0,7.24
18,18501,大野市,14824,9,,,2.17,3.0,903.9739,0.061,2.7449,0,204,0,0,0,0,119,442,21,87243.0,1.04
41,41441,太良町,14680,11,,,,,286.0356,0.0195,0.6552,0,0,0,0,0,0,1260,380,6,48760.0,0.59
40,40801,宮若市,14673,5,,,,,5154.3795,0.3513,13.7267,0,0,0,0,0,0,3431,292,10,48244.0,10.68
16,16343,砺波市,14670,13,,,1.84,9.0,714.6431,0.0487,2.2573,0,6585,0,0,0,0,690,900,23,124176.0,0.58
47,47801,宜野座村,14658,15,,,1.29,2.0,491.3043,0.0335,0.4098,0,294,0,0,0,0,0,714,11,33440.0,1.47
37,37406,小豆島町,14637,9,13.0,13.0,,,297.7712,0.0203,0.4962,17,0,0,0,0,0,306,442,16,37554.0,0.79
30,30801,有田市,14570,15,,,1.4,2.0,1079.8757,0.0741,1.5298,0,155,0,0,0,0,1674,2666,13,102691.0,1.05
46,46802,中種子町,14445,5,,,1.86,4.0,474.3879,0.0328,0.6281,0,945,0,0,0,0,0,0,7,68292.0,0.69
8,08564,高萩市,14432,8,,,1.0,1.0,1407.237,0.0975,1.4673,0,440,0,0,0,0,2860,1760,22,37199.0,3.78
27,27383,田尻町,14256,12,40.0,40.0,2.57,6.0,2105.787,0.1477,11.6427,72,504,0,0,0,0,792,1008,24,10963.0,19.21
31,31403,伯耆町,14231,15,10.0,10.0,2.0,2.0,379.8259,0.0267,1.9232,19,19,0,0,0,0,0,399,8,76531.0,0.5
20,20602,豊丘村,13937,8,,,2.0,2.0,359.1423,0.0258,0.4843,0,77,0,0,0,0,0,1617,7,97847.0,0.37
10,10525,東吾妻町,13930,16,,,2.08,8.0,382.6919,0.0275,0.9745,0,3115,0,0,0,0,6335,1400,28,78108.0,0.49
32,32528,益田市,13908,15,,,1.0,1.0,487.0859,0.035,2.3027,0,76,0,0,0,0,551,1121,25,73319.0,0.66
35,35502,田布施町,13851,6,,,2.5,3.0,282.0985,0.0204,0.722,0,38,0,0,0,0,0,1368,9,102323.0,0.28
3,03524,普代村,13761,3,,,2.0,2.0,275.2358,0.02,0.3212,0,66,0,0,0,0,132,198,9,125898.0,0.22
46,46802,指宿市,13680,18,,,2.6,8.0,1044.0529,0.0763,1.5532,0,225,0,0,0,45,945,3735,26,68292.0,1.53
42,42411,長与町,13629,13,,,2.21,10.0,398.9476,0.0293,1.6145,0,2100,0,0,0,0,4137,1050,21,70742.0,0.56
45,45443,串間市,13416,20,1.0,1.0,1.43,4.0,391.1283,0.0292,0.6385,26,2782,0,0,0,0,1014,1170,8,86802.0,0.45
46,46802,南大隅町,13410,2,,,,,221.5769,0.0165,0.2047,0,0,0,0,0,0,225,90,12,68292.0,0.32
10,10525,沼田市,13370,15,,,,,811.5395,0.0607,0.9952,0,0,0,0,0,0,315,5110,24,78108.0,1.04
46,46802,南種子町,13320,8,,,,,507.5736,0.0381,0.6117,0,0,0,0,0,0,90,720,11,68292.0,0.74
2,02450,藤崎町,13320,5,,,1.5,2.0,668.5254,0.0502,1.8734,0,80,0,0,0,0,0,800,10,86420.0,0.77
45,45443,西都市,13260,18,,,2.0,2.0,555.7173,0.0419,0.7472,0,26,0,0,0,0,52,3432,9,86802.0,0.64
44,44462,玖珠町,13248,4,,,,,329.1068,0.0248,0.5584,0,0,0,0,0,0,0,216,25,90314.0,0.36
33,33681,早島町,13237,12,,,,,990.4149,0.0748,2.3253,0,0,0,0,0,0,4712,2697,12,82853.0,1.2
15,15586,新潟市南区,13209,8,,,,,1316.4702,0.0997,7.8486,0,0,0,0,0,0,962,1628,16,117053.0,1.12
44,44462,津久見市,13086,8,,,,,184.8216,0.0141,0.3733,0,0,0,0,0,0,0,90,7,90314.0,0.2
19,19443,韮崎市,12960,16,,,1.79,4.0,636.692,0.0491,0.9357,0,2646,0,0,0,27,4293,1647,29,60248.0,1.06
7,07564,泉崎村,12862,2,,,,,2082.8834,0.1619,4.6923,0,0,0,0,0,0,177,118,7,123184.0,1.69
8,08564,坂東市,12848,7,,,1.5,2.0,1430.1664,0.1113,1.4401,0,88,0,0,0,0,44,3080,21,37199.0,3.84
20,20602,木島平村,12243,2,,,1.0,1.0,538.1459,0.044,0.4209,0,77,0,0,0,0,0,308,5,97847.0,0.55
26,26465,京丹波町,12204,14,,,1.94,2.0,558.2748,0.0457,0.9351,0,1296,0,0,0,0,828,1044,15,61640.0,0.91
10,10525,長野原町,12180,10,,,2.01,4.0,311.8055,0.0256,0.5495,0,3360,0,0,0,0,280,1505,19,78108.0,0.4
21,21604,川辺町,12180,7,,,2.08,3.0,195.6808,0.0161,0.3954,0,546,0,0,0,0,42,336,7,217761.0,0.09
25,25443,日野町,12141,14,,,1.0,1.0,642.316,0.0529,2.7212,0,38,0,0,0,0,247,2242,16,69305.0,0.93
23,23801,阿久比町,12110,5,,,,,717.0096,0.0592,2.2282,0,0,0,0,0,0,700,1400,13,91832.0,0.78
38,38506,伊方町,12040,8,,,3.5,4.0,386.6389,0.0321,1.8503,0,40,0,0,0,0,4440,140,13,58369.0,0.66
47,47801,今帰仁村,12012,6,,,2.0,3.0,420.2583,0.035,1.9594,0,84,0,0,0,0,2268,798,17,33440.0,1.26
33,33681,鏡野町,11749,7,,,,,351.973,0.03,1.9196,0,0,0,0,0,0,155,372,15,82853.0,0.42
46,46802,阿久根市,11745,11,,,2.0,5.0,1083.7243,0.0923,2.1981,0,1260,0,0,0,0,135,1620,12,68292.0,1.59
39,39428,安芸市,11662,7,,,3.5,5.0,450.9465,0.0387,0.4763,0,340,0,0,0,0,68,680,10,64228.0,0.7
2,02450,野辺地町,11600,4,,,,,553.5466,0.0477,0.763,0,0,0,0,0,0,600,560,13,86420.0,0.64
3,03524,滝沢市,11550,12,,,1.56,4.0,911.2503,0.0789,0.9972,0,297,0,0,0,0,1089,1617,27,125898.0,0.72
47,47801,伊是名村,11508,2,,,,,155.0078,0.0135,0.3765,0,0,0,0,0,0,0,0,3,33440.0,0.46
8,08564,美浦村,11396,6,,,2.0,2.0,842.0922,0.0739,1.5096,0,44,0,0,0,0,792,704,14,37199.0,2.26
40,40801,芦屋町,11388,4,,,,,805.9458,0.0708,0.5854,0,0,0,0,0,0,0,0,8,48244.0,1.67
40,40801,須恵町,11388,4,,,,,1123.2414,0.0986,1.7912,0,0,0,0,0,0,0,1241,10,48244.0,2.33
19,19443,甲斐市,11313,18,,,2.11,3.0,580.1381,0.0513,2.2128,0,1458,0,0,0,27,3564,1026,30,60248.0,0.96
31,31403,江府町,11153,8,,,,,256.0021,0.023,3.2908,0,0,0,0,0,0,0,399,6,76531.0,0.33
10,10525,千代田町,11130,11,,,1.0,1.0,1225.0883,0.1101,5.5587,0,70,0,0,35,0,1610,735,11,78108.0,1.57
39,39428,香南市,11118,8,,,2.8,4.0,524.3013,0.0472,0.9843,0,170,0,0,0,0,170,952,16,64228.0,0.82
9,09411,那珂川町,11100,12,,,1.33,2.0,528.5705,0.0476,1.9991,0,75,0,0,0,0,25,2150,19,144983.0,0.36
8,08564,城里町,10912,8,,,1.89,4.0,823.9961,0.0755,0.8771,0,396,0,0,0,0,2420,2024,17,37199.0,2.22
36,36489,つるぎ町,10800,7,,,,,224.7711,0.0208,0.4565,0,0,0,0,0,0,2928,432,15,72142.0,0.31
21,21604,飛騨市,10794,11,,,1.71,2.0,701.6057,0.065,3.1272,0,588,0,0,0,0,2016,1764,24,217761.0,0.32
37,37406,琴平町,10557,19,,,2.44,11.0,220.7849,0.0209,0.5508,0,969,0,0,0,17,952,714,22,37554.0,0.59
14,14402,松田町,10556,11,,,2.27,7.0,325.2797,0.0308,0.3372,0,4756,0,0,0,58,3248,1276,15,25393.0,1.28
7,07564,石川町,10502,2,,,,,478.5252,0.0456,1.0325,0,0,0,0,0,0,0,649,11,123184.0,0.39
46,46802,西之表市,10440,8,,,1.0,1.0,492.0059,0.0471,1.4756,0,45,0,0,0,0,1980,90,11,68292.0,0.72
3,03524,住田町,10428,6,,,1.0,1.0,278.2668,0.0267,0.3677,0,66,0,0,0,0,3960,429,22,125898.0,0.22
21,21604,山県市,10416,9,,,,,476.0749,0.0457,0.7426,0,0,0,0,0,0,0,1680,15,217761.0,0.22
46,46802,長島町,10395,15,,,1.5,2.0,578.622,0.0557,0.7586,0,270,0,0,0,0,0,2745,8,68292.0,0.85
9,09411,真岡市,10375,10,,,2.0,2.0,1470.3095,0.1417,3.4453,0,25,0,0,0,0,275,2725,27,144983.0,1.01
20,20602,駒ヶ根市,10318,13,,,,,1070.4218,0.1037,1.6788,0,0,0,0,77,0,2002,2387,20,97847.0,1.09
21,21604,瑞穂市,10248,11,,,2.43,8.0,861.2382,0.084,2.8107,0,2352,0,0,0,0,1428,2268,15,217761.0,0.4
40,40801,篠栗町,10220,6,,,3.0,3.0,1257.0336,0.123,2.2764,0,73,0,0,0,0,292,876,12,48244.0,2.61
35,35502,美祢市,10184,7,,,,,296.6615,0.0291,0.5578,0,0,0,0,0,0,5244,608,20,102323.0,0.29
33,33681,勝央町,10168,5,4.0,4.0,1.0,1.0,286.2763,0.0282,0.8215,31,31,0,0,62,0,434,124,6,82853.0,0.35
40,40801,みやこ町,10147,1,,,,,215.2527,0.0212,0.228,0,0,0,0,0,0,2263,657,7,48244.0,0.45
28,28586,多可町,10143,5,,,1.44,2.0,298.6714,0.0294,0.6385,0,441,0,49,0,0,2156,539,8,69755.0,0.43
24,24562,熊野市,10121,9,,,1.09,2.0,290.6671,0.0287,0.6361,0,319,0,0,0,0,1653,899,24,71118.0,0.41
38,38506,東温市,10120,14,,,,,814.3729,0.0805,2.1717,0,0,0,0,0,0,6940,240,14,58369.0,1.4
43,43531,産山村,10094,2,,,,,316.0271,0.0313,0.5136,0,0,0,0,0,0,2156,49,9,68382.0,0.46
26,26465,伊根町,10080,13,2.0,2.0,1.5,2.0,123.9491,0.0123,0.1488,36,72,0,0,0,0,360,1116,7,61640.0,0.2
24,24562,川越町,10063,7,,,2.67,4.0,262.4492,0.0261,1.1054,0,87,0,0,0,0,2552,406,13,71118.0,0.37
2,02450,鰺ヶ沢町,10040,8,,,2.0,2.0,516.609,0.0515,0.5959,0,40,0,0,0,0,40,1400,12,86420.0,0.6
43,43531,小国町,9996,10,,,2.0,2.0,236.3091,0.0236,0.3734,0,98,0,0,0,0,245,2058,8,68382.0,0.35
46,46802,伊佐市,9945,10,,,1.5,2.0,560.1491,0.0563,1.5578,0,90,0,0,0,0,0,1125,9,68292.0,0.82
44,44462,九重町,9864,9,,,1.4,2.0,155.9331,0.0158,0.4577,0,180,0,0,0,0,396,954,27,90314.0,0.17
20,20602,飯綱町,9779,2,15.0,15.0,1.0,1.0,483.9181,0.0495,0.3028,77,77,0,0,0,0,0,1155,6,97847.0,0.49
18,18501,勝山市,9741,7,,,1.64,3.0,771.1989,0.0792,1.6941,0,374,0,0,0,0,51,255,21,87243.0,0.88
37,37406,まんのう町,9724,10,10.0,10.0,1.69,3.0,225.0515,0.0231,0.5119,17,2856,0,0,34,0,68,561,16,37554.0,0.6
6,06461,庄内町,9695,9,,,1.67,2.0,532.5738,0.0549,0.7477,0,105,0,0,0,0,1890,2800,21,131439.0,0.41
20,20602,下條村,9625,4,,,,,445.3414,0.0463,0.6407,0,0,0,0,0,0,0,1309,3,97847.0,0.46
7,07564,塙町,9617,5,,,1.0,1.0,289.0429,0.0301,0.4062,0,59,0,0,0,0,0,118,7,123184.0,0.23
29,29453,高取町,9594,6,,,,,130.2727,0.0136,0.5465,0,0,0,0,0,0,8580,819,9,67238.0,0.19
40,40801,岡垣町,9563,12,,,2.3,5.0,718.0038,0.0751,2.2823,0,1679,0,0,0,0,3942,3796,6,48244.0,1.49
43,43531,山江村,9457,2,,,,,111.3988,0.0118,0.0751,0,0,0,0,0,0,0,0,11,68382.0,0.16
24,24562,菰野町,9454,9,,,2.06,4.0,379.6477,0.0402,0.9445,0,1914,0,0,0,0,464,1276,19,71118.0,0.53
3,03524,金ケ崎町,9372,8,,,,,1675.3741,0.1788,6.9031,0,0,0,0,0,0,1518,594,9,125898.0,1.33
40,40801,粕屋町,9344,8,,,2.59,8.0,2125.8941,0.2275,7.3323,0,1606,0,0,0,0,292,1168,12,48244.0,4.41
34,34545,安芸高田市,9330,13,,,1.53,7.0,482.6343,0.0517,1.1291,0,450,0,0,0,0,5430,540,15,124649.0,0.39
19,19443,南アルプス市,9315,17,,,1.49,2.0,880.1609,0.0945,4.4134,0,1053,0,0,0,0,1755,1215,31,60248.0,1.46
3,03524,葛巻町,9174,5,,,,,359.9404,0.0392,0.469,0,0,0,0,0,0,0,396,10,125898.0,0.29
35,35502,周防大島町,9101,2,,,,,188.4147,0.0207,0.3367,0,0,0,0,0,0,0,247,12,102323.0,0.18
44,44462,杵築市,9036,9,,,,,285.2457,0.0316,0.8448,0,0,0,0,0,0,72,360,18,90314.0,0.32
7,07564,棚倉町,9027,8,,,1.5,2.0,379.0772,0.042,0.5558,0,118,0,0,0,0,59,1711,11,123184.0,0.31
10,10525,嬬恋村,8925,10,,,2.0,3.0,225.8026,0.0253,0.4361,0,140,0,0,0,0,805,805,25,78108.0,0.29
8,08564,河内町,8844,6,,,,,322.793,0.0365,0.6745,0,0,0,0,0,0,0,660,5,37199.0,0.87
40,40801,宇美町,8760,4,,,8.0,8.0,649.5681,0.0742,1.981,0,73,0,0,0,0,2993,438,10,48244.0,1.35
30,30801,九度山町,8711,4,,,,,93.9733,0.0108,0.1772,0,0,0,0,0,0,6138,403,14,102691.0,0.09
30,30801,広川町,8680,10,,,,,213.7988,0.0246,0.2394,0,0,0,0,0,0,1457,589,12,102691.0,0.21
39,39428,仁淀川町,8602,2,,,,,109.8632,0.0128,0.1403,0,0,0,0,0,0,238,170,11,64228.0,0.17
2,02450,新郷村,8600,1,,,,,208.6902,0.0243,0.3255,0,0,0,0,0,0,0,160,6,86420.0,0.24
21,21604,池田町,8526,7,,,,,539.9415,0.0633,1.1454,0,0,0,0,0,0,0,714,6,217761.0,0.25
9,09411,芳賀町,8475,14,,,2.14,3.0,1511.9456,0.1784,6.1751,0,350,0,0,0,25,0,1050,22,144983.0,1.04
24,24562,玉城町,8468,10,,,2.0,2.0,633.5771,0.0748,1.592,0,783,0,0,0,29,29,812,11,71118.0,0.89
10,10525,甘楽町,8365,14,,,1.5,3.0,381.6406,0.0456,1.3828,0,770,0,0,0,0,1575,945,14,78108.0,0.49
39,39428,田野町,8296,11,,,,,209.8967,0.0253,0.2275,0,0,0,0,0,0,34,340,6,64228.0,0.33
46,46802,徳之島町,8235,2,,,,,225.5998,0.0274,0.205,0,0,0,0,0,0,8010,45,4,68292.0,0.33
46,46802,垂水市,8190,4,,,1.0,1.0,192.8971,0.0236,0.3772,0,450,0,0,0,0,6255,945,10,68292.0,0.28
42,42411,平戸市,8148,5,,,,,162.8411,0.02,0.2349,0,0,0,0,0,21,4767,441,17,70742.0,0.23
34,34545,安芸太田町,8040,5,,,1.0,1.0,221.4848,0.0275,1.1076,0,90,0,0,0,0,4590,600,12,124649.0,0.18
10,10525,下仁田町,7770,4,,,,,177.392,0.0228,0.2794,0,0,0,0,0,0,490,595,18,78108.0,0.23
2,02450,鶴田町,7720,8,,,2.0,3.0,385.7082,0.05,1.6952,0,200,0,0,0,40,0,1720,10,86420.0,0.45
20,20602,小海町,7700,8,,,,,269.0355,0.0349,0.1972,0,0,0,0,0,0,462,1078,9,97847.0,0.27
39,39428,安田町,7684,10,,,2.0,2.0,180.522,0.0235,0.4981,0,34,0,0,0,34,2992,102,5,64228.0,0.28
16,16343,小矢部市,7620,9,,,,,350.155,0.046,3.2107,0,0,0,0,0,0,0,360,33,124176.0,0.28
40,40801,田川市,7592,3,,,1.0,1.0,1056.0587,0.1391,2.3402,0,146,0,0,0,0,438,292,9,48244.0,2.19
19,19443,昭和町,7587,15,,,,,509.476,0.0672,3.6275,0,0,0,0,0,0,2754,513,21,60248.0,0.85
6,06461,小国町,7525,7,,,4.0,4.0,663.1072,0.0881,1.3313,0,35,0,0,0,0,0,700,10,131439.0,0.5
44,44462,日出町,7506,13,,,3.0,5.0,373.6878,0.0498,2.2172,0,108,0,0,0,0,126,342,27,90314.0,0.41
3,03524,矢巾町,7458,7,,,,,924.2494,0.1239,2.1285,0,0,0,0,0,33,33,990,18,125898.0,0.73
42,42411,小値賀町,7434,6,,,,,132.2687,0.0178,0.1969,0,0,0,0,0,21,0,63,5,70742.0,0.19
36,36489,板野町,7416,14,,,1.69,4.0,239.5845,0.0323,0.776,0,3600,0,0,0,0,48,912,15,72142.0,0.33
3,03524,雫石町,7392,11,,,1.42,3.0,407.8749,0.0552,0.9628,0,396,0,0,0,0,1188,2046,21,125898.0,0.32
11,11465,松伏町,7344,3,,,,,628.9988,0.0856,0.7552,0,0,0,0,0,0,72,1368,7,57789.0,1.09
43,43531,苓北町,7154,9,,,3.13,4.0,435.9561,0.0609,0.5267,0,392,0,0,0,0,0,1176,4,68382.0,0.64
24,24562,紀北町,7105,6,,,1.0,1.0,163.3449,0.023,0.2521,0,29,0,0,0,0,6467,609,13,71118.0,0.23
30,30801,由良町,7099,7,,,1.5,2.0,115.4671,0.0163,0.1808,0,62,0,0,0,0,186,217,11,102691.0,0.11
31,31403,南部町,6954,8,,,,,279.2452,0.0402,0.8252,0,0,0,0,0,0,57,266,8,76531.0,0.36
13,13808,神津島村,6900,2,,,2.0,2.0,142.481,0.0206,0.1117,0,138,0,0,0,0,0,690,6,22553.0,0.63
40,40801,嘉麻市,6862,7,,,2.0,2.0,1151.4612,0.1678,2.4696,0,146,0,0,0,0,292,1460,12,48244.0,2.39
20,20602,高山村,6853,4,,,,,763.7302,0.1114,1.3151,0,0,0,0,0,0,0,1001,9,97847.0,0.78
20,20602,喬木村,6853,2,,,2.0,2.0,147.2754,0.0215,0.4211,0,77,0,0,0,0,0,1232,2,97847.0,0.15
36,36489,石井町,6840,6,,,,,230.532,0.0337,1.5193,0,0,0,0,0,0,72,1008,21,72142.0,0.32
46,46802,出水市,6795,9,,,1.77,4.0,294.8252,0.0434,0.8746,0,585,0,0,0,0,90,810,12,68292.0,0.43
40,40801,水巻町,6716,5,,,2.75,9.0,464.6001,0.0692,0.5772,0,1752,0,0,0,0,1533,292,7,48244.0,0.96
32,32528,飯南町,6688,9,,,,,220.3611,0.0329,0.4981,0,0,0,0,0,0,342,133,7,73319.0,0.3
2,02450,田舎館村,6640,4,,,2.75,6.0,155.5365,0.0234,0.2636,0,160,0,0,0,0,160,480,11,86420.0,0.18
21,21604,大野町,6594,10,,,1.53,3.0,266.1083,0.0404,0.6598,0,2226,0,0,0,0,420,2142,9,217761.0,0.12
39,39428,中土佐町,6562,8,,,1.0,1.0,129.0551,0.0197,0.203,0,170,0,0,0,0,0,510,4,64228.0,0.2
40,40801,中間市,6497,6,,,,,779.5974,0.12,1.4432,0,0,0,0,0,0,365,730,17,48244.0,1.62
46,46802,大崎町,6435,2,,,,,152.5369,0.0237,0.7687,0,0,0,0,0,0,0,90,8,68292.0,0.22
7,07564,浅川町,6372,3,,,1.0,1.0,405.5584,0.0636,0.4522,0,59,0,0,0,0,0,236,4,123184.0,0.33
33,33681,美咲町,6293,10,15.0,15.0,5.0,5.0,582.0881,0.0925,6.0639,62,62,0,0,31,0,248,930,11,82853.0,0.7
46,46802,さつま町,6210,2,,,,,356.6113,0.0574,3.7209,0,0,0,0,0,0,0,810,6,68292.0,0.52
12,12801,一宮町,6180,4,,,1.0,1.0,65.3293,0.0106,0.1429,0,120,0,0,0,0,240,480,8,36816.0,0.18
20,20602,南牧村,6160,4,3.27,4.5,2.0,2.0,335.4004,0.0544,0.3595,154,77,0,154,231,0,231,693,12,97847.0,0.34
28,28586,神河町,6125,6,,,2.5,6.0,514.4813,0.084,2.843,0,392,0,49,0,0,1274,1176,10,69755.0,0.74
20,20602,大桑村,6006,7,,,,,219.9468,0.0366,0.4396,0,0,0,0,0,0,770,924,12,97847.0,0.22
20,20602,野沢温泉村,5929,4,,,1.5,3.0,224.7937,0.0379,0.5228,0,3234,0,0,0,0,308,462,6,97847.0,0.23
46,46802,宇検村,5760,4,,,,,103.5358,0.018,0.2169,0,0,0,0,0,0,2205,45,6,68292.0,0.15
2,02450,大鰐町,5640,3,,,,,291.5704,0.0517,0.5691,0,0,0,0,0,0,80,520,9,86420.0,0.34
43,43531,長洲町,5537,5,7.33,8.1,,,264.9816,0.0479,0.9831,147,0,0,0,147,0,147,441,5,68382.0,0.39
32,32528,邑南町,5529,11,,,1.0,1.0,195.1389,0.0353,1.7681,0,19,0,0,0,0,38,304,7,73319.0,0.27
24,24562,紀宝町,5336,5,,,,,114.1589,0.0214,0.567,0,0,0,0,0,0,0,696,9,71118.0,0.16
30,30801,古座川町,5332,5,,,1.13,2.0,90.3037,0.0169,0.5542,0,930,0,0,0,0,465,806,18,102691.0,0.09
45,45443,五ヶ瀬町,5330,9,0.0,0.0,1.63,4.0,129.8777,0.0244,0.3968,26,624,0,0,0,0,26,858,20,86802.0,0.15
40,40801,桂川町,5329,7,,,2.0,2.0,279.9257,0.0525,0.5592,0,73,0,0,0,0,73,1533,5,48244.0,0.58
8,08564,境町,5324,11,,,,,1117.1431,0.2098,6.5226,0,0,0,0,0,0,0,1320,14,37199.0,3.0
40,40801,遠賀町,5256,5,,,2.08,5.0,249.6592,0.0475,0.9193,0,2628,0,0,0,0,0,657,9,48244.0,0.52
31,31403,大山町,5206,11,,,2.1,4.0,263.4329,0.0506,0.8851,0,380,0,0,0,0,304,399,12,76531.0,0.34
29,29453,曽爾村,5148,2,,,,,170.5745,0.0331,0.3808,0,0,0,0,0,0,546,117,6,67238.0,0.25
30,30801,上富田町,5115,8,,,2.0,2.0,187.1984,0.0366,0.482,0,31,0,0,0,0,589,372,8,102691.0,0.18
11,11465,神川町,5112,7,,,2.0,2.0,369.8747,0.0724,1.271,0,72,0,0,0,0,0,1944,12,57789.0,0.64
46,46802,枕崎市,5085,10,,,2.0,4.0,762.4093,0.1499,1.1426,0,135,0,0,45,0,225,2430,16,68292.0,1.12
24,24562,多気町,5017,5,5.0,5.0,1.67,2.0,629.6778,0.1255,3.113,29,87,0,0,0,0,0,377,16,71118.0,0.89
25,25443,竜王町,4959,10,,,2.0,2.0,1274.3654,0.257,18.7415,0,19,0,0,0,0,3268,722,13,69305.0,1.84
6,06461,白鷹町,4655,5,,,,,162.0396,0.0348,0.5619,0,0,0,0,0,0,0,910,8,131439.0,0.12
37,37406,綾川町,4522,13,,,1.62,5.0,331.5168,0.0733,3.2054,0,2346,0,0,0,0,731,510,20,37554.0,0.88
36,36489,藍住町,4512,6,,,2.0,3.0,601.805,0.1334,2.801,0,72,0,0,0,0,0,2112,23,72142.0,0.83
7,07564,矢祭町,4484,2,,,,,486.2931,0.1085,0.5461,0,0,0,0,0,0,59,354,8,123184.0,0.39
32,32528,川本町,4446,6,,,2.67,4.0,99.5484,0.0224,0.2378,0,57,0,0,0,0,76,57,4,73319.0,0.14
46,46802,湧水町,4410,6,,,2.0,3.0,156.7139,0.0355,0.4525,0,135,0,0,0,45,360,900,7,68292.0,0.23
39,39428,土佐町,4352,11,,,,,91.1829,0.021,0.234,0,0,0,0,0,0,34,646,10,64228.0,0.14
21,21604,養老町,4284,2,,,1.33,2.0,178.4067,0.0416,0.8596,0,126,0,0,0,0,84,840,13,217761.0,0.08
39,39428,大月町,4284,1,,,,,68.4976,0.016,0.2038,0,0,0,0,0,0,34,0,6,64228.0,0.11
12,12801,御宿町,4260,5,,,1.0,1.0,196.6214,0.0462,0.1679,0,120,0,0,0,0,480,240,8,36816.0,0.53
11,11465,東秩父村,4176,3,,,,,77.5357,0.0186,0.0828,0,0,0,0,0,0,72,648,9,57789.0,0.13
9,09411,塩谷町,4050,5,,,,,268.1683,0.0662,2.1412,0,0,0,0,0,25,25,800,10,144983.0,0.18
31,31403,日南町,3990,6,,,,,159.6937,0.04,1.0599,0,0,0,0,0,0,0,190,6,76531.0,0.21
45,45443,高千穂町,3978,7,,,2.0,2.0,114.5822,0.0288,0.3978,0,26,0,0,0,0,598,312,21,86802.0,0.13
46,46802,知名町,3915,3,,,,,98.1319,0.0251,0.2374,0,0,0,0,0,0,1530,90,3,68292.0,0.14
11,11465,長瀞町,3888,2,,,,,182.2141,0.0469,0.2671,0,0,0,0,0,0,72,504,13,57789.0,0.32
44,44462,豊後大野市,3870,10,,,,,262.327,0.0678,0.8656,0,0,0,0,0,0,72,1584,25,90314.0,0.29
46,46802,喜界町,3870,7,,,4.0,5.0,356.2392,0.0921,2.9423,0,180,0,0,0,0,45,450,6,68292.0,0.52
36,36489,那賀町,3840,6,,,,,128.0228,0.0333,0.577,0,0,0,0,0,0,24,936,17,72142.0,0.18
20,20602,麻績村,3773,2,,,,,77.7416,0.0206,0.1496,0,0,0,0,0,0,1848,77,8,97847.0,0.08
12,12801,白子町,3720,5,,,2.2,3.0,75.2677,0.0202,0.1354,0,300,0,0,0,0,300,60,6,36816.0,0.2
45,45443,木城町,3718,6,,,,,131.2165,0.0353,0.3472,0,0,0,0,0,0,0,832,3,86802.0,0.15
39,39428,馬路村,3706,2,,,,,52.7445,0.0142,0.1086,0,0,0,0,0,0,68,34,5,64228.0,0.08
24,24562,南伊勢町,3654,5,,,,,62.4845,0.0171,0.1705,0,0,0,0,0,0,116,58,5,71118.0,0.09
40,40801,志免町,3650,3,47.65,47.65,,,537.9678,0.1474,2.2873,73,0,0,0,0,0,219,584,10,48244.0,1.12
36,36489,神山町,3624,6,,,2.0,2.0,107.9224,0.0298,0.2749,0,96,0,0,0,0,96,648,13,72142.0,0.15
7,07564,国見町,3599,4,,,2.0,2.0,107.2742,0.0298,0.2668,0,59,0,0,0,0,0,59,7,123184.0,0.09
39,39428,本山町,3570,5,,,1.05,2.0,32.0528,0.009,0.0486,0,1326,0,0,0,0,408,170,5,64228.0,0.05
20,20602,中川村,3542,4,,,,,71.6223,0.0202,0.1875,0,0,0,0,0,0,0,154,5,97847.0,0.07
31,31403,日野町,3496,3,,,,,97.7309,0.028,0.213,0,0,0,0,0,0,0,95,7,76531.0,0.13
32,32528,西ノ島町,3496,2,,,,,64.139,0.0183,0.2122,0,0,0,0,0,0,38,228,9,73319.0,0.09
35,35502,阿武町,3439,2,,,,,53.0337,0.0154,0.2253,0,0,0,0,0,0,3249,57,5,102323.0,0.05
3,03524,紫波町,3366,3,,,,,533.5492,0.1585,5.8871,0,0,0,0,0,0,33,792,10,125898.0,0.42
10,10525,南牧村,3360,6,,,,,56.2046,0.0167,0.1269,0,0,0,0,0,0,70,280,5,78108.0,0.07
46,46802,和泊町,3285,1,,,,,52.307,0.0159,0.2145,0,0,0,0,0,0,3240,0,1,68292.0,0.08
6,06461,三川町,3255,6,,,1.5,2.0,499.3059,0.1534,2.3589,0,140,0,0,0,0,595,1785,21,131439.0,0.38
9,09411,益子町,3200,7,,,1.0,1.0,325.921,0.1019,1.1487,0,25,0,0,0,0,350,825,18,144983.0,0.22
35,35502,上関町,3173,1,,,,,31.52,0.0099,0.0771,0,0,0,0,0,0,19,38,4,102323.0,0.03
46,46802,東串良町,3105,2,,,,,987.0725,0.3179,0.523,0,0,0,0,0,0,585,315,6,68292.0,1.45
15,15586,関川村,3071,5,,,2.0,2.0,249.7217,0.0813,0.7712,0,148,0,0,0,0,37,1665,10,117053.0,0.21
40,40801,香春町,2993,5,,,1.0,1.0,114.9278,0.0384,0.1614,0,73,0,0,0,0,0,365,6,48244.0,0.24
2,02450,西目屋村,2840,1,,,,,130.4298,0.0459,0.3307,0,0,0,0,0,0,0,280,5,86420.0,0.15
9,09411,市貝町,2825,7,,,2.0,2.0,168.5519,0.0597,0.5313,0,25,0,0,0,0,125,725,16,144983.0,0.12
35,35502,柳井市,2774,8,,,1.0,1.0,159.4386,0.0575,1.6085,0,38,0,0,0,0,1881,494,13,102323.0,0.16
24,24562,朝日町,2755,8,,,2.0,2.0,387.0535,0.1405,3.0437,0,29,0,0,0,0,1247,1131,7,71118.0,0.54
29,29453,野迫川村,2652,1,,,,,51.2395,0.0193,0.2398,0,0,0,0,0,0,0,117,6,67238.0,0.08
6,06461,村山市,2625,6,,,2.0,2.0,161.4408,0.0615,0.8306,0,70,0,0,0,0,2275,245,8,131439.0,0.12
39,39428,土佐清水市,2584,5,,,,,105.9843,0.041,0.3507,0,0,0,0,0,0,714,510,16,64228.0,0.17
25,25443,多賀町,2546,7,,,1.0,1.0,380.3276,0.1494,3.1177,0,19,0,0,0,0,0,399,13,69305.0,0.55
39,39428,奈半利町,2482,4,,,3.0,4.0,89.2825,0.036,0.341,0,170,0,0,0,0,34,68,3,64228.0,0.14
44,44462,豊後高田市,2430,11,,,,,172.4232,0.071,2.7605,0,0,0,0,0,0,630,288,13,90314.0,0.19
43,43531,和水町,2401,2,6.3,6.3,,,193.8938,0.0808,0.454,49,0,0,0,49,0,49,343,6,68382.0,0.28
39,39428,日高村,2380,8,,,,,311.3491,0.1308,1.5024,0,0,0,0,0,0,238,136,7,64228.0,0.48
44,44462,国東市,2376,4,,,6.0,6.0,152.5776,0.0642,0.779,0,18,0,0,0,0,468,198,18,90314.0,0.17
35,35502,平生町,2356,3,,,,,52.9114,0.0225,0.6277,0,0,0,0,0,0,0,57,5,102323.0,0.05
30,30801,美浜町,2325,3,,,2.0,2.0,168.7631,0.0726,3.1147,0,62,0,0,0,0,186,279,4,102691.0,0.16
30,30801,日高川町,2325,4,,,,,80.4586,0.0346,0.2926,0,0,0,0,0,0,1736,496,8,102691.0,0.08
10,10525,片品村,2310,4,,,2.0,2.0,96.1061,0.0416,0.1844,0,105,0,0,0,0,175,1155,14,78108.0,0.12
21,21604,富加町,2226,6,,,2.0,2.0,66.4424,0.0298,0.2895,0,336,0,0,0,0,0,0,3,217761.0,0.03
6,06461,河北町,2205,3,,,,,323.6528,0.1468,1.1169,0,0,0,0,0,0,210,455,9,131439.0,0.25
24,24562,大紀町,2204,3,,,,,103.2292,0.0468,0.5571,0,0,0,0,0,0,0,348,12,71118.0,0.15
45,45443,門川町,2184,3,,,,,74.2992,0.034,0.3428,0,0,0,0,0,0,156,364,4,86802.0,0.09
32,32528,吉賀町,2166,7,,,1.0,1.0,94.2772,0.0435,0.3433,0,38,0,0,0,0,190,323,12,73319.0,0.13
42,42411,新上五島町,2163,2,,,,,36.7468,0.017,0.4834,0,0,0,0,0,0,84,63,6,70742.0,0.05
45,45443,高鍋町,2132,6,,,,,116.4278,0.0546,0.6802,0,0,0,0,0,0,1040,416,5,86802.0,0.13
18,18501,越前町,2108,2,,,,,71.1307,0.0337,0.3766,0,0,0,0,0,0,782,238,11,87243.0,0.08
39,39428,越知町,2074,3,,,,,85.5511,0.0412,0.2627,0,0,0,0,0,0,1190,646,6,64228.0,0.13
7,07564,中島村,2065,1,,,,,213.3182,0.1033,0.6386,0,0,0,0,0,0,0,236,3,123184.0,0.17
43,43531,水俣市,2058,2,,,2.0,2.0,183.1678,0.089,0.3693,0,49,0,0,0,0,147,343,9,68382.0,0.27
38,38506,松前町,2040,7,,,,,180.7588,0.0886,1.9348,0,0,0,0,0,0,260,500,14,58369.0,0.31
20,20602,宮田村,2002,6,6.0,6.0,1.0,1.0,47.7147,0.0238,0.1272,77,77,0,0,77,0,154,462,8,97847.0,0.05
12,12801,睦沢町,1980,3,,,1.0,1.0,174.3713,0.0881,0.4838,0,180,0,0,0,0,420,420,9,36816.0,0.47
45,45443,えびの市,1976,4,,,,,323.0253,0.1635,6.4935,0,0,0,0,0,0,806,780,10,86802.0,0.37
2,02450,板柳町,1960,5,,,2.0,2.0,136.0302,0.0694,0.4458,0,80,0,0,0,0,0,1480,11,86420.0,0.16
24,24562,大台町,1943,6,,,1.0,1.0,108.4014,0.0558,0.3383,0,29,0,0,0,0,29,116,11,71118.0,0.15
24,24562,度会町,1943,3,,,,,62.9936,0.0324,0.2945,0,0,0,0,0,0,0,116,5,71118.0,0.09
10,10525,昭和村,1890,3,,,,,405.0304,0.2143,3.8085,0,0,0,0,0,0,175,420,11,78108.0,0.52
42,42411,川棚町,1827,7,,,,,143.4192,0.0785,1.7581,0,0,0,0,0,0,21,189,8,70742.0,0.2
6,06461,朝日町,1820,2,,,1.5,2.0,90.6096,0.0498,0.4045,0,70,0,0,0,0,140,245,10,131439.0,0.07
29,29453,山添村,1794,4,,,,,76.7181,0.0428,0.2927,0,0,0,0,0,0,0,312,6,67238.0,0.11
20,20602,青木村,1771,3,,,1.0,1.0,150.2145,0.0848,0.4966,0,308,0,0,0,0,77,1540,4,97847.0,0.15
45,45443,椎葉村,1716,13,,,2.44,5.0,57.0003,0.0332,0.198,0,234,0,0,0,0,156,1196,4,86802.0,0.07
39,39428,芸西村,1700,2,,,,,146.3509,0.0861,0.5017,0,0,0,0,0,0,0,34,5,64228.0,0.23
20,20602,生坂村,1617,2,,,,,66.525,0.0411,0.162,0,0,0,0,0,0,0,0,5,97847.0,0.07
40,40801,小竹町,1606,4,,,,,455.4954,0.2836,1.5175,0,0,0,0,0,0,0,511,3,48244.0,0.94
45,45443,西米良村,1586,5,,,,,37.3809,0.0236,0.1388,0,0,0,0,0,0,0,234,4,86802.0,0.04
35,35502,和木町,1577,6,,,1.93,2.0,124.6765,0.0791,0.4745,0,285,0,0,0,0,0,285,7,102323.0,0.12
25,25443,愛荘町,1558,9,,,,,260.7593,0.1674,1.9157,0,0,0,0,0,0,0,456,8,69305.0,0.38
39,39428,大川村,1462,6,,,,,23.2006,0.0159,0.0774,0,0,0,0,0,0,102,272,4,64228.0,0.04
21,21604,笠松町,1428,6,,,,,80.5355,0.0564,0.5818,0,0,0,0,0,0,294,168,7,217761.0,0.04
19,19443,富士川町,1377,8,,,,,150.619,0.1094,1.3401,0,0,0,0,0,0,270,432,19,60248.0,0.25
33,33681,里庄町,1364,9,,,2.33,3.0,135.1367,0.0991,1.77,0,186,0,0,0,31,248,186,8,82853.0,0.16
29,29453,御杖村,1326,2,,,,,85.5818,0.0645,0.4135,0,0,0,0,0,0,39,312,4,67238.0,0.13
37,37406,三木町,1309,1,,,,,84.3378,0.0644,0.7235,0,0,0,0,0,0,0,187,5,37554.0,0.22
10,10525,上野村,1295,2,,,,,40.4019,0.0312,0.1542,0,0,0,0,0,0,0,280,11,78108.0,0.05
6,06461,西川町,1295,3,,,2.5,3.0,50.0818,0.0387,0.1972,0,70,0,0,0,0,595,525,9,131439.0,0.04
30,30801,太地町,1271,2,,,,,66.1368,0.052,0.2511,0,0,0,0,0,0,217,248,7,102691.0,0.06
45,45443,日之影町,1248,1,,,,,25.4436,0.0204,0.1206,0,0,0,0,0,0,0,52,4,86802.0,0.03
11,11465,皆野町,1224,2,,,,,109.4537,0.0894,0.3887,0,0,0,0,0,0,0,360,8,57789.0,0.19
45,45443,美郷町,1222,4,,,1.0,1.0,29.4436,0.0241,0.3618,0,52,0,0,0,0,0,130,3,86802.0,0.03
43,43531,南関町,1176,2,,,,,283.2453,0.2409,3.2436,0,0,0,0,0,0,0,343,6,68382.0,0.41
25,25443,甲良町,1102,4,,,,,36.8497,0.0334,0.4383,0,0,0,0,0,0,0,209,7,69305.0,0.05
45,45443,綾町,1092,2,,,,,86.8848,0.0796,0.7429,0,0,0,0,0,0,0,104,3,86802.0,0.1
46,46802,大和村,1080,1,,,,,16.0144,0.0148,0.1227,0,0,0,0,0,0,765,0,2,68292.0,0.02
20,20602,朝日村,1078,1,,,1.5,2.0,95.8658,0.0889,0.2852,0,154,0,0,0,0,231,231,2,97847.0,0.1
10,10525,榛東村,1050,4,,,,,116.0335,0.1105,0.6343,0,0,0,0,0,0,0,420,4,78108.0,0.15
30,30801,日高町,1023,2,,,,,29.3923,0.0287,0.159,0,0,0,0,0,0,0,62,4,102691.0,0.03
10,10525,川場村,980,3,,,4.5,7.0,55.7516,0.0569,0.3509,0,70,0,0,0,0,0,210,8,78108.0,0.07
39,39428,北川村,952,2,,,,,15.9177,0.0167,0.0656,0,0,0,0,0,0,0,0,5,64228.0,0.02
6,06461,戸沢村,910,2,,,1.14,2.0,41.4913,0.0456,0.2887,0,245,0,0,0,0,245,140,6,131439.0,0.03
42,42411,波佐見町,903,2,,,,,126.3299,0.1399,3.6464,0,0,0,0,0,0,441,63,4,70742.0,0.18
18,18501,南越前町,901,3,,,2.0,2.0,73.5888,0.0817,0.4943,0,34,0,0,0,0,0,187,11,87243.0,0.08
8,08564,利根町,880,4,,,,,48.2645,0.0548,0.2688,0,0,0,0,0,0,0,264,7,37199.0,0.13
40,40801,糸田町,876,2,,,,,66.8279,0.0763,0.1778,0,0,0,0,0,0,0,73,3,48244.0,0.14
6,06461,大石田町,875,5,,,2.0,2.0,50.8736,0.0581,0.3815,0,35,0,0,0,0,420,175,7,131439.0,0.04
16,16343,舟橋村,870,7,,,2.0,2.0,43.2236,0.0497,0.8792,0,45,0,0,0,0,120,150,7,124176.0,0.03
36,36489,勝浦町,864,4,,,3.0,3.0,40.143,0.0465,0.2506,0,24,0,0,0,24,0,144,7,72142.0,0.06
6,06461,舟形町,840,2,,,,,77.2812,0.092,0.7748,0,0,0,0,0,0,105,70,5,131439.0,0.06
43,43531,玉東町,833,2,,,,,26.5658,0.0319,0.234,0,0,0,0,0,0,637,49,3,68382.0,0.04
42,42411,東彼杵町,819,3,,,1.0,1.0,56.4674,0.0689,0.7438,0,42,0,0,0,0,147,168,7,70742.0,0.08
10,10525,高山村,805,1,,,,,43.7848,0.0544,0.2268,0,0,0,0,35,0,0,70,6,78108.0,0.06
45,45443,小林市,754,3,,,,,43.2205,0.0573,0.3254,0,0,0,0,0,0,0,208,8,86802.0,0.05
30,30801,北山村,713,1,,,,,11.5153,0.0162,0.1216,0,0,0,0,0,0,31,62,4,102691.0,0.01
39,39428,大豊町,680,4,,,2.0,2.0,6.9495,0.0102,0.0709,0,34,0,0,0,0,0,68,5,64228.0,0.01
36,36489,上勝町,672,3,,,,,24.3024,0.0362,0.23,0,0,0,0,0,0,0,240,6,72142.0,0.03
44,44462,姫島村,666,2,,,2.0,2.0,11.243,0.0169,0.1013,0,18,0,0,0,0,180,36,5,90314.0,0.01
15,15586,出雲崎町,666,2,,,,,58.2791,0.0875,0.342,0,0,0,0,0,0,74,148,4,117053.0,0.05
37,37406,直島町,612,6,,,1.0,1.0,35.5058,0.058,0.3547,0,17,0,0,0,0,51,85,13,37554.0,0.09
33,33681,久米南町,589,5,,,,,124.1402,0.2108,3.1724,0,0,0,0,62,0,0,217,6,82853.0,0.15
47,47801,北大東村,588,1,,,,,26.5551,0.0452,0.121,0,0,0,0,0,0,0,0,2,33440.0,0.08
21,21604,岐南町,588,1,,,,,83.4936,0.142,0.7957,0,0,0,0,0,0,42,294,8,217761.0,0.04
45,45443,都農町,572,3,,,,,41.0816,0.0718,0.3941,0,0,0,0,0,0,390,0,5,86802.0,0.05
20,20602,南相木村,539,1,,,,,27.7147,0.0514,0.1682,0,0,0,0,0,0,0,308,2,97847.0,0.03
13,13808,鳥島,483,2,,,,,11.0971,0.023,0.0773,0,0,0,0,0,0,0,0,2,22553.0,0.05
45,45443,高原町,468,1,,,,,27.4275,0.0586,0.2851,0,0,0,0,0,0,0,26,3,86802.0,0.03
36,36489,佐那河内村,456,3,,,,,33.4236,0.0733,0.3624,0,0,0,0,0,0,0,240,7,72142.0,0.05
24,24562,御浜町,435,2,,,,,47.6029,0.1094,0.6925,0,0,0,0,0,0,0,58,5,71118.0,0.07
45,45443,川南町,416,2,,,,,9.6067,0.0231,0.1741,0,0,0,0,0,0,52,26,4,86802.0,0.01
13,13808,中央防波堤外側廃棄物処理場（中潮橋南側）,414,1,,,,,13.0413,0.0315,0.0594,0,0,0,0,0,0,0,0,1,22553.0,0.06
47,47801,渡名喜村,336,3,,,,,7.6359,0.0227,0.0501,0,0,0,0,0,0,252,252,4,33440.0,0.02
10,10525,神流町,315,1,,,,,8.5451,0.0271,0.0718,0,0,0,0,0,0,0,70,4,78108.0,0.01
39,39428,三原村,170,4,,,,,2.7213,0.016,0.0262,0,0,0,0,0,0,0,34,1,64228.0,0.0
21,21604,東白川村,168,1,,,,,7.2936,0.0434,0.1498,0,0,0,0,0,0,0,0,1,217761.0,0.0
43,43531,津奈木町,147,1,,,,,4.7749,0.0325,0.0548,0,0,0,0,0,0,0,98,3,68382.0,0.01
29,29453,東吉野村,117,1,,,,,6.7129,0.0574,0.1085,0,0,0,0,0,0,39,78,3,67238.0,0.01
45,45443,諸塚村,78,2,,,,,1.0727,0.0138,0.0187,0,0,0,0,0,0,0,26,1,86802.0,0.0
32,32528,知夫村,76,1,,,,,0.6124,0.0081,0.0226,0,0,0,0,0,0,0,19,3,73319.0,0.0
13,13808,所属未定地,69,1,,,2.0,2.0,3.7813,0.0548,0.0548,0,69,0,0,0,0,0,69,1,22553.0,0.02
